stream,sym,exit_ts_utc,managed_r,cum_r
S1,TAOUSDT,2024-05-05T01:25:00+00:00,-1.007166,-1.0072
S1,TAOUSDT,2024-05-21T01:25:00+00:00,-1.008342,-2.0155
S1,TAOUSDT,2024-05-31T16:05:00+00:00,-1.008946,-3.0245
S1,TAOUSDT,2024-06-12T18:35:00+00:00,-1.006514,-4.031
S1,TAOUSDT,2024-06-12T19:50:00+00:00,-1.006786,-5.0378
S1,TAOUSDT,2024-07-03T02:30:00+00:00,-1.006247,-6.044
S1,TAOUSDT,2024-07-04T08:05:00+00:00,-1.005626,-7.0496
S1,TAOUSDT,2024-07-16T05:50:00+00:00,-1.008062,-8.0577
S1,TAOUSDT,2024-07-27T02:45:00+00:00,-1.006545,-9.0642
S1,TAOUSDT,2024-08-05T00:55:00+00:00,-1.005489,-10.0697
S1,TAOUSDT,2024-08-09T00:55:00+00:00,-1.005507,-11.0752
S1,TAOUSDT,2024-08-18T21:15:00+00:00,-1.009397,-12.0846
S1,TAOUSDT,2024-08-20T15:00:00+00:00,-1.008844,-13.0935
S1,TAOUSDT,2024-08-24T21:05:00+00:00,-1.007833,-14.1013
S1,TAOUSDT,2024-09-16T13:20:00+00:00,-1.00828,-15.1096
S1,TAOUSDT,2024-09-20T14:15:00+00:00,-1.005687,-16.1153
S1,TAOUSDT,2024-09-21T13:55:00+00:00,11.997214,-4.1181
S1,TAOUSDT,2024-09-21T16:45:00+00:00,11.992871,7.8748
S1,TAOUSDT,2024-09-23T12:10:00+00:00,-1.004984,6.8698
S1,TAOUSDT,2024-10-01T13:40:00+00:00,-1.006299,5.8635
S1,TAOUSDT,2024-10-07T04:10:00+00:00,-1.006006,4.8575
S1,TAOUSDT,2024-10-07T22:55:00+00:00,-1.006937,3.8506
S1,TAOUSDT,2024-11-20T01:25:00+00:00,-1.007458,2.8431
S1,TAOUSDT,2024-12-04T16:50:00+00:00,-1.00584,1.8373
S1,TAOUSDT,2025-01-02T06:20:00+00:00,-1.00859,0.8287
S1,TAOUSDT,2025-01-07T04:20:00+00:00,-1.008618,-0.1799
S1,TAOUSDT,2025-01-08T01:50:00+00:00,-1.009353,-1.1893
S1,TAOUSDT,2025-01-08T06:40:00+00:00,-1.011068,-2.2003
S1,TAOUSDT,2025-01-27T02:15:00+00:00,-1.008768,-3.2091
S1,TAOUSDT,2025-02-11T13:45:00+00:00,-1.006293,-4.2154
S1,TAOUSDT,2025-02-22T07:50:00+00:00,-1.006215,-5.2216
S1,TAOUSDT,2025-03-20T21:10:00+00:00,-1.008227,-6.2298
S1,TAOUSDT,2025-03-25T03:35:00+00:00,-1.010628,-7.2405
S1,TAOUSDT,2025-03-25T04:30:00+00:00,-1.011678,-8.2521
S1,TAOUSDT,2025-04-28T15:10:00+00:00,-1.008302,-9.2605
S1,TAOUSDT,2025-05-09T06:50:00+00:00,11.992397,2.7319
S1,TAOUSDT,2025-05-09T07:05:00+00:00,11.992411,14.7244
S1,ONDOUSDT,2025-05-18T20:00:00+00:00,-1.011305,13.7131
S1,ONDOUSDT,2025-06-10T06:00:00+00:00,-1.015379,12.6977
S1,ONDOUSDT,2025-06-10T14:40:00+00:00,-1.013467,11.6842
S1,TAOUSDT,2025-06-11T11:40:00+00:00,-1.010115,10.6741
S1,ONDOUSDT,2025-06-12T03:20:00+00:00,-1.015533,9.6586
S1,TAOUSDT,2025-06-17T15:10:00+00:00,-1.007553,8.651
S1,TAOUSDT,2025-06-22T10:45:00+00:00,-1.007936,7.6431
S1,TAOUSDT,2025-06-25T05:20:00+00:00,-1.006275,6.6368
S1,ONDOUSDT,2025-07-03T15:55:00+00:00,-1.013405,5.6234
S1,TAOUSDT,2025-07-04T07:10:00+00:00,-1.012555,4.6108
S1,ONDOUSDT,2025-07-12T15:35:00+00:00,-1.013436,3.5974
S1,TAOUSDT,2025-07-14T04:25:00+00:00,11.98506,15.5825
S1,TAOUSDT,2025-07-14T14:30:00+00:00,-1.008919,14.5735
S1,TAOUSDT,2025-07-15T13:15:00+00:00,11.986442,26.56
S1,ONDOUSDT,2025-07-17T20:05:00+00:00,-1.007959,25.552
S1,ONDOUSDT,2025-07-18T05:10:00+00:00,11.985797,37.5378
S1,TAOUSDT,2025-07-22T01:45:00+00:00,11.98706,49.5249
S1,TAOUSDT,2025-07-30T11:25:00+00:00,-1.010988,48.5139
S1,TAOUSDT,2025-07-30T19:05:00+00:00,-1.012039,47.5019
S1,TAOUSDT,2025-08-11T18:05:00+00:00,-1.014029,46.4878
S1,TAOUSDT,2025-08-13T01:35:00+00:00,-1.010266,45.4776
S1,TAOUSDT,2025-08-14T08:35:00+00:00,-1.010397,44.4672
S1,ONDOUSDT,2025-08-14T12:30:00+00:00,-1.009682,43.4575
S1,TAOUSDT,2025-08-14T12:35:00+00:00,-1.014121,42.4434
S1,ONDOUSDT,2025-08-18T06:45:00+00:00,-1.012363,41.431
S1,ONDOUSDT,2025-09-08T19:35:00+00:00,-1.019212,40.4118
S1,TAOUSDT,2025-09-09T15:35:00+00:00,-1.016656,39.3951
S1,TAOUSDT,2025-09-09T22:00:00+00:00,-1.016398,38.3787
S1,ONDOUSDT,2025-09-10T05:15:00+00:00,-1.010189,37.3685
S1,ONDOUSDT,2025-09-14T12:35:00+00:00,-1.00973,36.3588
S1,TAOUSDT,2025-09-22T00:30:00+00:00,-1.018795,35.34
S1,TAOUSDT,2025-09-25T04:15:00+00:00,-1.009924,34.3301
S1,TAOUSDT,2025-10-07T16:05:00+00:00,-1.013262,33.3168
S1,TAOUSDT,2025-10-08T00:30:00+00:00,-1.014943,32.3019
S1,TAOUSDT,2025-10-10T15:00:00+00:00,-1.008171,31.2937
S1,TAOUSDT,2025-10-10T15:30:00+00:00,-1.008553,30.2852
S1,TAOUSDT,2025-10-10T20:50:00+00:00,-1.009307,29.2759
S1,TAOUSDT,2025-10-10T20:55:00+00:00,-1.010219,28.2656
S1,TAOUSDT,2025-10-20T02:10:00+00:00,-1.006063,27.2596
S1,TAOUSDT,2025-10-26T15:05:00+00:00,-1.009578,26.25
S1,ONDOUSDT,2025-10-27T07:40:00+00:00,-1.017976,25.232
S1,ONDOUSDT,2025-10-29T18:35:00+00:00,-1.011568,24.2205
S1,ONDOUSDT,2025-11-08T15:30:00+00:00,-1.007028,23.2134
S1,ONDOUSDT,2025-11-12T19:30:00+00:00,-1.007225,22.2062
S1,ONDOUSDT,2025-11-13T18:10:00+00:00,-1.007621,21.1986
S1,ONDOUSDT,2025-11-17T19:30:00+00:00,-1.001076,20.1975
S1,TAOUSDT,2025-12-02T23:35:00+00:00,-1.00928,19.1882
S1,ONDOUSDT,2025-12-03T14:00:00+00:00,-1.009805,18.1784
S1,TAOUSDT,2025-12-04T13:05:00+00:00,-1.008748,17.1697
S1,ONDOUSDT,2025-12-05T16:05:00+00:00,-1.011612,16.1581
S1,TAOUSDT,2025-12-15T16:50:00+00:00,-1.010243,15.1478
S1,TAOUSDT,2026-01-06T16:35:00+00:00,-1.009801,14.138
S1,ONDOUSDT,2026-01-08T10:00:00+00:00,-1.011264,13.1267
S1,ONDOUSDT,2026-01-11T23:00:00+00:00,-1.015548,12.1112
S1,ONDOUSDT,2026-01-14T11:15:00+00:00,-1.011327,11.0999
S1,ONDOUSDT,2026-01-14T18:45:00+00:00,-1.012423,10.0874
S1,ONDOUSDT,2026-01-15T19:00:00+00:00,-1.009696,9.0778
S1,ONDOUSDT,2026-01-27T13:55:00+00:00,-1.012085,8.0657
S1,TAOUSDT,2026-02-14T11:25:00+00:00,-1.006487,7.0592
S1,TAOUSDT,2026-02-14T15:40:00+00:00,-1.006663,6.0525
S1,ONDOUSDT,2026-02-15T17:45:00+00:00,-1.011428,5.0411
S1,TAOUSDT,2026-02-23T00:30:00+00:00,-1.007751,4.0333
S1,ONDOUSDT,2026-02-25T22:50:00+00:00,-1.010579,3.0228
S1,ONDOUSDT,2026-02-25T23:30:00+00:00,-1.010649,2.0121
S1,ONDOUSDT,2026-02-26T14:45:00+00:00,-1.011076,1.001
S1,ONDOUSDT,2026-02-26T16:45:00+00:00,-1.011356,-0.0103
S1,ONDOUSDT,2026-03-04T23:20:00+00:00,-1.008569,-1.0189
S1,ONDOUSDT,2026-03-05T16:05:00+00:00,-1.009118,-2.028
S1,ONDOUSDT,2026-03-05T17:30:00+00:00,-1.009404,-3.0374
S1,ONDOUSDT,2026-03-10T18:10:00+00:00,-1.010512,-4.0479
S1,ONDOUSDT,2026-03-14T06:25:00+00:00,-1.012703,-5.0606
S1,TAOUSDT,2026-03-15T06:20:00+00:00,-1.006445,-6.0671
S1,TAOUSDT,2026-03-15T15:45:00+00:00,11.992543,5.9255
S1,TAOUSDT,2026-03-16T00:50:00+00:00,-1.006119,4.9194
S1,ONDOUSDT,2026-03-18T11:35:00+00:00,-1.012686,3.9067
S1,TAOUSDT,2026-03-20T10:50:00+00:00,-1.006185,2.9005
S1,ONDOUSDT,2026-03-23T09:30:00+00:00,-1.017177,1.8833
S1,TAOUSDT,2026-03-24T18:35:00+00:00,11.991851,13.8752
S1,ONDOUSDT,2026-03-31T23:10:00+00:00,-1.009949,12.8652
S1,TAOUSDT,2026-04-01T18:30:00+00:00,-1.009201,11.856
S1,TAOUSDT,2026-04-07T12:05:00+00:00,-1.014211,10.8418
S1,ONDOUSDT,2026-04-08T14:30:00+00:00,-1.011882,9.8299
S1,TAOUSDT,2026-04-08T21:45:00+00:00,-1.010162,8.8198
S1,TAOUSDT,2026-04-10T00:10:00+00:00,-1.008902,7.8108
S1,TAOUSDT,2026-04-10T03:55:00+00:00,-1.006677,6.8042
S1,ONDOUSDT,2026-04-14T15:05:00+00:00,-1.014455,5.7897
S2,TAOUSDT,2024-04-20T06:35:00+00:00,-1.007604,-1.0076
S2,TAOUSDT,2024-04-20T19:35:00+00:00,-1.006285,-2.0139
S2,TAOUSDT,2024-04-25T17:00:00+00:00,-1.009031,-3.0229
S2,TAOUSDT,2024-04-29T10:35:00+00:00,2.986681,-0.0362
S2,TAOUSDT,2024-04-30T09:00:00+00:00,2.987934,2.9517
S2,TAOUSDT,2024-04-30T22:50:00+00:00,-1.008796,1.9429
S2,TAOUSDT,2024-05-07T08:55:00+00:00,-1.007565,0.9353
S2,TAOUSDT,2024-05-08T01:30:00+00:00,2.991119,3.9265
S2,TAOUSDT,2024-05-08T12:10:00+00:00,2.991876,6.9183
S2,TAOUSDT,2024-05-17T15:20:00+00:00,-1.00749,5.9108
S2,TAOUSDT,2024-05-20T04:45:00+00:00,-1.012855,4.898
S2,TAOUSDT,2024-05-21T04:20:00+00:00,-1.00885,3.8891
S2,TAOUSDT,2024-05-23T06:20:00+00:00,-1.006559,2.8826
S2,TAOUSDT,2024-06-04T16:15:00+00:00,-1.012919,1.8697
S2,TAOUSDT,2024-06-07T18:00:00+00:00,2.989651,4.8593
S2,TAOUSDT,2024-06-07T18:00:00+00:00,2.990573,7.8499
S2,TAOUSDT,2024-06-12T12:20:00+00:00,-1.010448,6.8394
S2,TAOUSDT,2024-06-14T14:40:00+00:00,2.992316,9.8317
S2,TAOUSDT,2024-06-17T18:30:00+00:00,-1.009808,8.8219
S2,TAOUSDT,2024-06-17T18:30:00+00:00,-1.009106,7.8128
S2,TAOUSDT,2024-07-01T13:30:00+00:00,-1.014592,6.7982
S2,TAOUSDT,2024-07-09T01:10:00+00:00,-1.007045,5.7912
S2,TAOUSDT,2024-07-15T09:25:00+00:00,-1.012125,4.7791
S2,TAOUSDT,2024-07-16T09:45:00+00:00,-1.010523,3.7685
S2,TAOUSDT,2024-07-17T13:30:00+00:00,-1.008208,2.7603
S2,TAOUSDT,2024-07-22T19:50:00+00:00,-1.01024,1.7501
S2,TAOUSDT,2024-07-23T16:40:00+00:00,2.988809,4.7389
S2,TAOUSDT,2024-07-31T20:55:00+00:00,2.986353,7.7253
S2,TAOUSDT,2024-08-03T19:25:00+00:00,2.990774,10.716
S2,TAOUSDT,2024-08-12T14:10:00+00:00,-1.007312,9.7087
S2,TAOUSDT,2024-08-15T21:35:00+00:00,-1.010975,8.6977
S2,TAOUSDT,2024-08-19T17:30:00+00:00,-1.01234,7.6854
S2,TAOUSDT,2024-08-20T00:30:00+00:00,-1.012036,6.6734
S2,TAOUSDT,2024-08-21T02:45:00+00:00,-1.011303,5.6621
S2,TAOUSDT,2024-08-27T21:45:00+00:00,2.9914,8.6535
S2,TAOUSDT,2024-08-28T16:05:00+00:00,2.991877,11.6453
S2,TAOUSDT,2024-08-28T16:10:00+00:00,2.991709,14.6371
S2,TAOUSDT,2024-09-01T22:35:00+00:00,2.993054,17.6301
S2,TAOUSDT,2024-09-02T01:10:00+00:00,-1.010788,16.6193
S2,TAOUSDT,2024-09-06T21:00:00+00:00,2.989293,19.6086
S2,TAOUSDT,2024-09-06T22:10:00+00:00,-1.008098,18.6005
S2,TAOUSDT,2024-09-07T00:35:00+00:00,-1.008864,17.5917
S2,TAOUSDT,2024-09-18T22:15:00+00:00,-1.007869,16.5838
S2,TAOUSDT,2024-09-21T12:15:00+00:00,-1.007427,15.5764
S2,TAOUSDT,2024-10-01T17:15:00+00:00,2.99225,18.5686
S2,TAOUSDT,2024-10-02T07:05:00+00:00,-1.007198,17.5614
S2,TAOUSDT,2024-10-14T14:25:00+00:00,-1.009762,16.5516
S2,TAOUSDT,2024-10-15T11:10:00+00:00,2.989753,19.5414
S2,TAOUSDT,2024-10-15T11:10:00+00:00,2.989305,22.5307
S2,TAOUSDT,2024-10-15T15:05:00+00:00,2.989318,25.52
S2,TAOUSDT,2024-10-18T01:50:00+00:00,-1.007939,24.5121
S2,TAOUSDT,2024-10-20T19:20:00+00:00,-1.014151,23.4979
S2,TAOUSDT,2024-10-25T23:20:00+00:00,2.98982,26.4878
S2,TAOUSDT,2024-10-26T05:40:00+00:00,-1.009317,25.4784
S2,TAOUSDT,2024-10-28T22:05:00+00:00,-1.011182,24.4673
S2,TAOUSDT,2024-10-29T02:10:00+00:00,-1.011741,23.4555
S2,TAOUSDT,2024-10-30T23:55:00+00:00,2.989688,26.4452
S2,TAOUSDT,2024-10-31T13:55:00+00:00,2.989748,29.435
S2,TAOUSDT,2024-11-01T06:10:00+00:00,2.990169,32.4251
S2,TAOUSDT,2024-11-02T16:15:00+00:00,2.988769,35.4139
S2,TAOUSDT,2024-11-11T17:20:00+00:00,-1.006758,34.4071
S2,TAOUSDT,2024-11-21T01:30:00+00:00,-1.007676,33.3995
S2,TAOUSDT,2024-11-25T00:10:00+00:00,-1.007043,32.3924
S2,TAOUSDT,2024-12-05T15:15:00+00:00,-1.00675,31.3857
S2,TAOUSDT,2024-12-09T13:25:00+00:00,-1.009572,30.3761
S2,TAOUSDT,2024-12-09T21:00:00+00:00,2.990278,33.3664
S2,TAOUSDT,2024-12-14T22:50:00+00:00,-1.011413,32.355
S2,TAOUSDT,2024-12-16T00:30:00+00:00,-1.013235,31.3417
S2,TAOUSDT,2024-12-16T17:15:00+00:00,-1.011355,30.3304
S2,TAOUSDT,2024-12-17T15:15:00+00:00,2.988537,33.3189
S2,TAOUSDT,2024-12-18T18:55:00+00:00,-1.011222,32.3077
S2,TAOUSDT,2024-12-19T02:05:00+00:00,2.990164,35.2978
S2,TAOUSDT,2024-12-19T17:50:00+00:00,2.992419,38.2903
S2,TAOUSDT,2024-12-30T18:10:00+00:00,-1.01281,37.2775
S2,TAOUSDT,2025-01-01T18:35:00+00:00,-1.011156,36.2663
S2,TAOUSDT,2025-01-04T07:25:00+00:00,-1.009445,35.2569
S2,TAOUSDT,2025-01-13T11:40:00+00:00,2.989094,38.2459
S2,TAOUSDT,2025-01-13T11:40:00+00:00,2.990496,41.2364
S2,TAOUSDT,2025-01-17T08:05:00+00:00,-1.009032,40.2274
S2,TAOUSDT,2025-01-17T20:50:00+00:00,-1.010542,39.2169
S2,TAOUSDT,2025-01-18T23:35:00+00:00,-1.00855,38.2083
S2,TAOUSDT,2025-01-19T01:05:00+00:00,-1.008992,37.1993
S2,TAOUSDT,2025-01-19T08:45:00+00:00,2.990364,40.1897
S2,TAOUSDT,2025-01-20T06:55:00+00:00,-1.005846,39.1838
S2,TAOUSDT,2025-01-20T07:00:00+00:00,-1.006644,38.1772
S2,TAOUSDT,2025-01-27T10:20:00+00:00,2.991249,41.1684
S2,TAOUSDT,2025-02-02T03:10:00+00:00,2.991662,44.1601
S2,TAOUSDT,2025-02-08T00:55:00+00:00,-1.006155,43.154
S2,TAOUSDT,2025-02-08T11:45:00+00:00,-1.0065,42.1475
S2,TAOUSDT,2025-02-08T23:35:00+00:00,-1.006682,41.1408
S2,TAOUSDT,2025-02-12T13:35:00+00:00,2.991533,44.1323
S2,TAOUSDT,2025-02-16T02:10:00+00:00,2.992109,47.1244
S2,TAOUSDT,2025-02-17T20:10:00+00:00,-1.009845,46.1146
S2,TAOUSDT,2025-02-18T12:35:00+00:00,-1.010259,45.1043
S2,TAOUSDT,2025-02-18T18:35:00+00:00,-1.008552,44.0958
S2,TAOUSDT,2025-02-25T00:05:00+00:00,2.992455,47.0882
S2,TAOUSDT,2025-02-26T20:15:00+00:00,2.993484,50.0817
S2,TAOUSDT,2025-03-03T18:35:00+00:00,2.992061,53.0738
S2,TAOUSDT,2025-03-03T20:40:00+00:00,2.992172,56.0659
S2,TAOUSDT,2025-03-04T02:05:00+00:00,2.992704,59.0586
S2,TAOUSDT,2025-03-09T23:05:00+00:00,2.992999,62.0516
S2,TAOUSDT,2025-03-10T20:55:00+00:00,-1.005659,61.046
S2,TAOUSDT,2025-03-11T09:15:00+00:00,-1.006598,60.0394
S2,TAOUSDT,2025-03-11T15:50:00+00:00,-1.006707,59.0327
S2,TAOUSDT,2025-03-23T20:30:00+00:00,-1.016625,58.016
S2,TAOUSDT,2025-03-24T05:35:00+00:00,-1.011204,57.0048
S2,TAOUSDT,2025-03-27T02:50:00+00:00,-1.011979,55.9929
S2,TAOUSDT,2025-03-28T07:45:00+00:00,2.987885,58.9807
S2,TAOUSDT,2025-04-02T20:15:00+00:00,-1.010914,57.9698
S2,TAOUSDT,2025-04-03T02:55:00+00:00,-1.007618,56.9622
S2,TAOUSDT,2025-04-11T02:25:00+00:00,-1.007509,55.9547
S2,TAOUSDT,2025-04-14T12:45:00+00:00,-1.009618,54.9451
S2,ONDOUSDT,2025-04-16T17:55:00+00:00,2.988568,57.9337
S2,ONDOUSDT,2025-04-16T18:25:00+00:00,-1.010671,56.923
S2,TAOUSDT,2025-04-16T18:25:00+00:00,-1.009864,55.9131
S2,TAOUSDT,2025-04-17T17:45:00+00:00,-1.008145,54.905
S2,ONDOUSDT,2025-04-21T00:25:00+00:00,-1.022699,53.8823
S2,TAOUSDT,2025-04-21T05:15:00+00:00,-1.007021,52.8753
S2,ONDOUSDT,2025-04-25T06:15:00+00:00,-1.008398,51.8669
S2,ONDOUSDT,2025-04-26T07:00:00+00:00,-1.008067,50.8588
S2,TAOUSDT,2025-04-28T18:50:00+00:00,-1.008511,49.8503
S2,TAOUSDT,2025-05-05T08:40:00+00:00,-1.012884,48.8374
S2,TAOUSDT,2025-05-07T00:35:00+00:00,-1.012196,47.8252
S2,ONDOUSDT,2025-05-12T13:15:00+00:00,-1.00998,46.8152
S2,ONDOUSDT,2025-05-13T19:40:00+00:00,-1.008987,45.8062
S2,ONDOUSDT,2025-05-16T22:45:00+00:00,2.992483,48.7987
S2,TAOUSDT,2025-05-18T21:30:00+00:00,-1.01004,47.7887
S2,ONDOUSDT,2025-05-18T22:55:00+00:00,-1.0116,46.7771
S2,TAOUSDT,2025-05-19T10:05:00+00:00,2.988749,49.7658
S2,TAOUSDT,2025-05-20T00:15:00+00:00,-1.00897,48.7569
S2,ONDOUSDT,2025-05-21T15:00:00+00:00,-1.009219,47.7476
S2,TAOUSDT,2025-05-21T19:45:00+00:00,-1.009614,46.738
S2,ONDOUSDT,2025-05-21T23:10:00+00:00,-1.010535,45.7275
S2,TAOUSDT,2025-05-27T06:00:00+00:00,-1.011953,44.7155
S2,ONDOUSDT,2025-05-30T00:35:00+00:00,2.989698,47.7052
S2,TAOUSDT,2025-05-31T01:30:00+00:00,2.987968,50.6932
S2,ONDOUSDT,2025-06-05T20:15:00+00:00,2.982669,53.6759
S2,ONDOUSDT,2025-06-09T10:45:00+00:00,-1.024375,52.6515
S2,ONDOUSDT,2025-06-09T16:30:00+00:00,-1.022292,51.6292
S2,ONDOUSDT,2025-06-12T10:25:00+00:00,2.985805,54.615
S2,ONDOUSDT,2025-06-13T00:00:00+00:00,2.98704,57.602
S2,TAOUSDT,2025-06-13T00:10:00+00:00,2.987684,60.5897
S2,TAOUSDT,2025-06-13T08:05:00+00:00,-1.008855,59.5809
S2,ONDOUSDT,2025-06-17T15:20:00+00:00,2.985502,62.5664
S2,TAOUSDT,2025-06-17T16:30:00+00:00,2.988148,65.5545
S2,ONDOUSDT,2025-07-02T08:20:00+00:00,-1.017644,64.5369
S2,ONDOUSDT,2025-07-03T17:00:00+00:00,-1.013408,63.5235
S2,TAOUSDT,2025-07-03T21:00:00+00:00,-1.012675,62.5108
S2,ONDOUSDT,2025-07-06T13:30:00+00:00,-1.014857,61.4959
S2,ONDOUSDT,2025-07-08T17:05:00+00:00,-1.019719,60.4762
S2,TAOUSDT,2025-07-09T08:00:00+00:00,-1.021791,59.4544
S2,TAOUSDT,2025-07-09T08:20:00+00:00,-1.021888,58.4325
S2,TAOUSDT,2025-07-11T17:15:00+00:00,-1.010802,57.4217
S2,ONDOUSDT,2025-07-12T02:25:00+00:00,-1.011993,56.4097
S2,ONDOUSDT,2025-07-15T16:05:00+00:00,-1.009602,55.4001
S2,TAOUSDT,2025-07-15T17:40:00+00:00,-1.009092,54.3911
S2,TAOUSDT,2025-07-22T16:05:00+00:00,-1.008593,53.3825
S2,ONDOUSDT,2025-07-22T21:10:00+00:00,-1.009624,52.3728
S2,ONDOUSDT,2025-07-23T20:30:00+00:00,2.991174,55.364
S2,TAOUSDT,2025-07-25T21:10:00+00:00,-1.008592,54.3554
S2,ONDOUSDT,2025-07-29T02:50:00+00:00,2.984871,57.3403
S2,TAOUSDT,2025-07-29T13:55:00+00:00,2.984496,60.3248
S2,ONDOUSDT,2025-07-29T20:15:00+00:00,2.986481,63.3113
S2,TAOUSDT,2025-07-30T11:25:00+00:00,2.986268,66.2975
S2,TAOUSDT,2025-07-30T20:05:00+00:00,-1.010401,65.2871
S2,ONDOUSDT,2025-08-01T22:25:00+00:00,2.989227,68.2764
S2,TAOUSDT,2025-08-06T15:50:00+00:00,-1.015109,67.2613
S2,TAOUSDT,2025-08-09T18:25:00+00:00,-1.016979,66.2443
S2,ONDOUSDT,2025-08-09T20:25:00+00:00,-1.01816,65.2261
S2,ONDOUSDT,2025-08-10T15:25:00+00:00,-1.014737,64.2114
S2,TAOUSDT,2025-08-10T15:45:00+00:00,-1.014696,63.1967
S2,TAOUSDT,2025-08-10T18:10:00+00:00,-1.015301,62.1814
S2,ONDOUSDT,2025-08-11T14:35:00+00:00,-1.015065,61.1663
S2,TAOUSDT,2025-08-11T18:00:00+00:00,2.984588,64.1509
S2,TAOUSDT,2025-08-11T21:30:00+00:00,2.984654,67.1356
S2,ONDOUSDT,2025-08-19T10:40:00+00:00,-1.01387,66.1217
S2,ONDOUSDT,2025-08-19T17:05:00+00:00,2.983634,69.1053
S2,ONDOUSDT,2025-08-20T17:45:00+00:00,-1.014001,68.0913
S2,TAOUSDT,2025-08-21T15:55:00+00:00,2.984542,71.0759
S2,TAOUSDT,2025-08-25T20:10:00+00:00,2.987757,74.0636
S2,ONDOUSDT,2025-08-29T12:30:00+00:00,-1.016226,73.0474
S2,ONDOUSDT,2025-09-01T21:20:00+00:00,2.988392,76.0358
S2,ONDOUSDT,2025-09-02T13:35:00+00:00,-1.015448,75.0203
S2,ONDOUSDT,2025-09-02T18:50:00+00:00,-1.01565,74.0047
S2,TAOUSDT,2025-09-02T21:10:00+00:00,-1.017064,72.9876
S2,TAOUSDT,2025-09-07T05:40:00+00:00,-1.021295,71.9663
S2,TAOUSDT,2025-09-09T06:40:00+00:00,-1.018511,70.9478
S2,ONDOUSDT,2025-09-16T08:10:00+00:00,-1.013862,69.934
S2,TAOUSDT,2025-09-16T21:05:00+00:00,-1.015688,68.9183
S2,TAOUSDT,2025-09-24T01:55:00+00:00,-1.015585,67.9027
S2,ONDOUSDT,2025-09-29T20:10:00+00:00,-1.0196,66.8831
S2,ONDOUSDT,2025-10-01T08:30:00+00:00,-1.020973,65.8621
S2,ONDOUSDT,2025-10-03T19:15:00+00:00,-1.016455,64.8457
S2,TAOUSDT,2025-10-08T03:25:00+00:00,2.984867,67.8305
S2,TAOUSDT,2025-10-10T21:15:00+00:00,2.993746,70.8243
S2,TAOUSDT,2025-10-14T14:15:00+00:00,-1.004274,69.82
S2,TAOUSDT,2025-10-17T06:35:00+00:00,2.995769,72.8158
S2,ONDOUSDT,2025-10-17T08:05:00+00:00,2.989799,75.8056
S2,ONDOUSDT,2025-10-21T15:05:00+00:00,-1.015516,74.79
S2,TAOUSDT,2025-10-26T11:25:00+00:00,-1.014397,73.7756
S2,ONDOUSDT,2025-10-27T16:35:00+00:00,-1.019372,72.7563
S2,ONDOUSDT,2025-10-28T20:15:00+00:00,2.979919,75.7362
S2,TAOUSDT,2025-10-29T20:30:00+00:00,-1.007639,74.7286
S2,ONDOUSDT,2025-11-04T06:15:00+00:00,-1.008998,73.7196
S2,TAOUSDT,2025-11-13T03:30:00+00:00,-1.008747,72.7108
S2,TAOUSDT,2025-11-13T19:25:00+00:00,-1.008942,71.7019
S2,ONDOUSDT,2025-11-14T04:35:00+00:00,2.987215,74.6891
S2,ONDOUSDT,2025-11-14T12:20:00+00:00,2.98775,77.6768
S2,TAOUSDT,2025-11-14T12:30:00+00:00,2.990241,80.6671
S2,TAOUSDT,2025-11-15T06:35:00+00:00,-1.00919,79.6579
S2,ONDOUSDT,2025-11-16T15:55:00+00:00,2.988664,82.6465
S2,TAOUSDT,2025-11-18T15:20:00+00:00,-1.008185,81.6384
S2,ONDOUSDT,2025-11-18T16:15:00+00:00,-1.009402,80.629
S2,ONDOUSDT,2025-11-18T19:25:00+00:00,-1.009514,79.6194
S2,ONDOUSDT,2025-11-20T19:00:00+00:00,2.989565,82.609
S2,ONDOUSDT,2025-11-21T07:30:00+00:00,2.989045,85.5981
S2,TAOUSDT,2025-11-21T07:30:00+00:00,2.990935,88.589
S2,ONDOUSDT,2025-11-21T12:25:00+00:00,2.990318,91.5793
S2,TAOUSDT,2025-11-24T17:40:00+00:00,-1.009398,90.5699
S2,ONDOUSDT,2025-12-01T00:30:00+00:00,2.979247,93.5492
S2,TAOUSDT,2025-12-01T00:45:00+00:00,2.982164,96.5313
S2,TAOUSDT,2025-12-03T04:45:00+00:00,-1.011548,95.5198
S2,TAOUSDT,2025-12-07T14:25:00+00:00,2.98972,98.5095
S2,TAOUSDT,2025-12-11T21:05:00+00:00,-1.010793,97.4987
S2,TAOUSDT,2025-12-11T21:15:00+00:00,-1.011085,96.4876
S2,ONDOUSDT,2025-12-14T21:45:00+00:00,2.986234,99.4739
S2,TAOUSDT,2025-12-15T16:55:00+00:00,2.984177,102.458
S2,ONDOUSDT,2025-12-18T19:35:00+00:00,2.988319,105.4463
S2,ONDOUSDT,2025-12-19T03:30:00+00:00,-1.009085,104.4373
S2,TAOUSDT,2025-12-24T07:20:00+00:00,2.986171,107.4234
S2,TAOUSDT,2025-12-25T04:00:00+00:00,-1.01413,106.4093
S2,TAOUSDT,2025-12-25T12:55:00+00:00,-1.014,105.3953
S2,ONDOUSDT,2025-12-27T20:05:00+00:00,-1.017887,104.3774
S2,TAOUSDT,2025-12-29T00:30:00+00:00,-1.019994,103.3574
S2,TAOUSDT,2025-12-29T23:35:00+00:00,2.982092,106.3395
S2,TAOUSDT,2026-01-03T16:50:00+00:00,-1.01207,105.3274
S2,TAOUSDT,2026-01-04T00:05:00+00:00,-1.013063,104.3144
S2,TAOUSDT,2026-01-04T15:10:00+00:00,-1.013421,103.301
S2,TAOUSDT,2026-01-05T18:25:00+00:00,-1.012596,102.2884
S2,ONDOUSDT,2026-01-06T20:20:00+00:00,-1.011056,101.2773
S2,TAOUSDT,2026-01-06T20:20:00+00:00,-1.009138,100.2682
S2,ONDOUSDT,2026-01-12T15:35:00+00:00,-1.017946,99.2502
S2,ONDOUSDT,2026-01-13T13:30:00+00:00,-1.017379,98.2328
S2,ONDOUSDT,2026-01-13T16:00:00+00:00,-1.01758,97.2153
S2,ONDOUSDT,2026-01-13T16:00:00+00:00,-1.017962,96.1973
S2,TAOUSDT,2026-01-14T08:30:00+00:00,-1.008546,95.1888
S2,ONDOUSDT,2026-01-15T18:10:00+00:00,2.986592,98.1754
S2,ONDOUSDT,2026-01-21T19:25:00+00:00,-1.012577,97.1628
S2,TAOUSDT,2026-01-21T19:25:00+00:00,-1.010644,96.1521
S2,ONDOUSDT,2026-01-28T09:35:00+00:00,-1.015485,95.1366
S2,ONDOUSDT,2026-01-28T22:30:00+00:00,-1.014341,94.1223
S2,ONDOUSDT,2026-01-31T14:35:00+00:00,2.990152,97.1125
S2,ONDOUSDT,2026-02-03T19:10:00+00:00,-1.00848,96.104
S2,ONDOUSDT,2026-02-13T10:40:00+00:00,-1.012811,95.0912
S2,TAOUSDT,2026-02-13T13:30:00+00:00,-1.009969,94.0812
S2,TAOUSDT,2026-02-16T10:25:00+00:00,-1.0063,93.0749
S2,ONDOUSDT,2026-02-17T16:35:00+00:00,-1.012467,92.0624
S2,ONDOUSDT,2026-02-19T13:40:00+00:00,2.987797,95.0502
S2,ONDOUSDT,2026-02-25T01:20:00+00:00,-1.015798,94.0344
S2,TAOUSDT,2026-02-26T19:55:00+00:00,-1.009531,93.0249
S2,TAOUSDT,2026-02-28T18:55:00+00:00,-1.009734,92.0152
S2,TAOUSDT,2026-03-08T19:25:00+00:00,-1.01148,91.0037
S2,TAOUSDT,2026-03-08T20:15:00+00:00,-1.012211,89.9915
S2,TAOUSDT,2026-03-08T20:35:00+00:00,-1.012709,88.9788
S2,TAOUSDT,2026-03-09T02:40:00+00:00,-1.010447,87.9683
S2,ONDOUSDT,2026-03-09T13:30:00+00:00,-1.015689,86.9526
S2,TAOUSDT,2026-03-12T07:15:00+00:00,-1.009362,85.9433
S2,ONDOUSDT,2026-03-13T00:30:00+00:00,-1.013123,84.9301
S2,TAOUSDT,2026-03-13T17:05:00+00:00,-1.007467,83.9227
S2,TAOUSDT,2026-03-15T21:05:00+00:00,-1.007175,82.9155
S2,ONDOUSDT,2026-03-16T03:30:00+00:00,-1.014978,81.9005
S2,TAOUSDT,2026-03-23T20:40:00+00:00,-1.007792,80.8927
S2,ONDOUSDT,2026-03-24T08:45:00+00:00,-1.014019,79.8787
S2,ONDOUSDT,2026-03-25T05:05:00+00:00,-1.014114,78.8646
S2,ONDOUSDT,2026-03-25T06:50:00+00:00,-1.014019,77.8506
S2,ONDOUSDT,2026-03-26T06:55:00+00:00,-1.014509,76.8361
S2,ONDOUSDT,2026-03-26T13:50:00+00:00,-1.012076,75.824
S2,ONDOUSDT,2026-03-26T21:20:00+00:00,-1.01273,74.8113
S2,ONDOUSDT,2026-03-28T15:15:00+00:00,-1.008662,73.8026
S2,TAOUSDT,2026-04-01T14:45:00+00:00,-1.010595,72.792
S2,TAOUSDT,2026-04-02T11:15:00+00:00,2.988692,75.7807
S2,TAOUSDT,2026-04-07T19:45:00+00:00,-1.015455,74.7652
S2,TAOUSDT,2026-04-07T20:00:00+00:00,-1.015945,73.7493
S2,TAOUSDT,2026-04-10T04:25:00+00:00,2.991642,76.7409
S2,ONDOUSDT,2026-04-10T19:05:00+00:00,-1.01629,75.7246
S2,ONDOUSDT,2026-04-12T04:20:00+00:00,2.98346,78.7081
S2,ONDOUSDT,2026-04-13T13:45:00+00:00,-1.017279,77.6908
S2,ONDOUSDT,2026-04-13T22:05:00+00:00,-1.01769,76.6731
S2,ONDOUSDT,2026-04-15T01:50:00+00:00,-1.015709,75.6574
S2,ONDOUSDT,2026-04-15T19:35:00+00:00,-1.017431,74.64
S2,ONDOUSDT,2026-04-16T03:55:00+00:00,-1.018298,73.6217
S3,TAOUSDT,2024-04-20T19:40:00+00:00,-0.773171,-0.7732
S3,TAOUSDT,2024-06-04T15:45:00+00:00,-0.606447,-1.3796
S3,TAOUSDT,2024-06-07T18:05:00+00:00,4.242239,2.8626
S3,TAOUSDT,2024-06-07T18:05:00+00:00,4.24293,7.1056
S3,TAOUSDT,2024-07-08T18:50:00+00:00,-0.461485,6.6441
S3,TAOUSDT,2024-07-23T01:20:00+00:00,-0.883147,5.7609
S3,TAOUSDT,2024-08-12T14:35:00+00:00,-0.835756,4.9252
S3,TAOUSDT,2024-08-15T21:55:00+00:00,-0.889603,4.0356
S3,TAOUSDT,2024-08-30T15:35:00+00:00,4.243908,8.2795
S3,TAOUSDT,2024-09-02T09:55:00+00:00,-1.294961,6.9845
S3,TAOUSDT,2024-10-20T18:10:00+00:00,-0.574468,6.41
S3,TAOUSDT,2024-10-26T00:40:00+00:00,-0.635141,5.7749
S3,TAOUSDT,2024-12-14T22:45:00+00:00,-0.688185,5.0867
S3,TAOUSDT,2024-12-16T14:45:00+00:00,-0.565547,4.5212
S3,TAOUSDT,2025-02-02T22:40:00+00:00,4.243747,8.7649
S3,TAOUSDT,2025-02-08T05:50:00+00:00,-0.815471,7.9494
S3,TAOUSDT,2025-02-08T10:20:00+00:00,-0.512607,7.4368
S3,TAOUSDT,2025-03-03T21:55:00+00:00,4.245113,11.6819
S3,TAOUSDT,2025-04-04T18:00:00+00:00,-0.987566,10.6944
S3,ONDOUSDT,2025-05-18T23:30:00+00:00,-0.976568,9.7178
S3,ONDOUSDT,2025-06-13T00:10:00+00:00,4.239354,13.9572
S3,ONDOUSDT,2025-06-21T19:10:00+00:00,4.239126,18.1963
S3,TAOUSDT,2025-06-21T19:40:00+00:00,4.241111,22.4374
S3,TAOUSDT,2025-07-03T19:20:00+00:00,-0.669879,21.7675
S3,TAOUSDT,2025-07-22T16:05:00+00:00,-0.927524,20.84
S3,ONDOUSDT,2025-08-01T22:25:00+00:00,4.23986,25.0799
S3,ONDOUSDT,2025-08-22T16:00:00+00:00,-0.97849,24.1014
S3,TAOUSDT,2025-08-22T17:25:00+00:00,-0.928593,23.1728
S3,ONDOUSDT,2025-08-29T12:30:00+00:00,-0.707642,22.4651
S3,TAOUSDT,2025-09-16T22:10:00+00:00,-0.918014,21.5471
S3,ONDOUSDT,2025-09-17T20:05:00+00:00,-1.117914,20.4292
S3,TAOUSDT,2025-11-13T19:05:00+00:00,-0.581168,19.848
S3,TAOUSDT,2025-11-15T06:30:00+00:00,-0.727059,19.121
S3,ONDOUSDT,2025-11-17T20:35:00+00:00,4.241498,23.3625
S3,ONDOUSDT,2025-11-27T16:15:00+00:00,-1.312437,22.05
S3,TAOUSDT,2025-12-17T05:00:00+00:00,4.238133,26.2882
S3,TAOUSDT,2026-01-03T17:40:00+00:00,-0.857742,25.4304
S3,TAOUSDT,2026-01-06T20:45:00+00:00,-0.954453,24.476
S3,ONDOUSDT,2026-01-06T21:10:00+00:00,-1.017325,23.4587
S3,ONDOUSDT,2026-01-13T12:30:00+00:00,-0.703064,22.7556
S3,ONDOUSDT,2026-02-03T19:10:00+00:00,-0.696537,22.0591
S3,TAOUSDT,2026-03-08T19:25:00+00:00,-0.812459,21.2466
S3,TAOUSDT,2026-03-08T20:50:00+00:00,-0.828242,20.4184
S3,ONDOUSDT,2026-04-16T13:10:00+00:00,-1.069275,19.3491
S4,TAOUSDT,2024-05-28T18:35:00+00:00,-1.008449,-1.0084
S4,TAOUSDT,2024-05-30T07:50:00+00:00,0.989915,-0.0185
S4,TAOUSDT,2024-07-04T08:05:00+00:00,-1.005963,-1.0245
S4,TAOUSDT,2024-08-29T09:55:00+00:00,-1.004867,-2.0294
S4,TAOUSDT,2024-10-15T09:50:00+00:00,-1.007205,-3.0366
S4,TAOUSDT,2025-01-13T05:45:00+00:00,-1.005767,-4.0423
S4,TAOUSDT,2025-01-19T22:45:00+00:00,-1.005951,-5.0483
S4,ONDOUSDT,2025-04-21T17:00:00+00:00,0.983316,-4.065
S4,ONDOUSDT,2025-05-05T20:30:00+00:00,-1.012806,-5.0778
S4,ONDOUSDT,2025-05-06T09:25:00+00:00,-1.013199,-6.091
S4,ONDOUSDT,2025-05-19T12:55:00+00:00,-1.008263,-7.0992
S4,ONDOUSDT,2025-06-17T08:35:00+00:00,-1.009975,-8.1092
S4,ONDOUSDT,2025-08-01T00:10:00+00:00,-1.008194,-9.1174
S4,ONDOUSDT,2025-08-25T06:45:00+00:00,-1.009267,-10.1267
S4,ONDOUSDT,2025-09-01T11:40:00+00:00,-1.013887,-11.1406
S4,ONDOUSDT,2025-09-01T13:45:00+00:00,-1.013667,-12.1542
S4,ONDOUSDT,2025-10-10T20:55:00+00:00,0.988492,-11.1657
S4,ONDOUSDT,2025-11-16T15:50:00+00:00,-1.005159,-12.1709
S4,ONDOUSDT,2025-11-30T23:55:00+00:00,-1.011914,-13.1828
S4,ONDOUSDT,2025-12-26T14:50:00+00:00,-1.012076,-14.1949
S4,ONDOUSDT,2026-01-12T08:35:00+00:00,-1.015691,-15.2106
S4,TAOUSDT,2026-01-31T08:35:00+00:00,-1.007902,-16.2185
S4,TAOUSDT,2026-03-20T05:10:00+00:00,19.491842,3.2734
S4,ONDOUSDT,2026-04-07T01:05:00+00:00,-1.017463,2.2559
S5,TAOUSDT,2024-04-22T18:10:00+00:00,-1.004295,-1.0043
S5,TAOUSDT,2024-04-25T21:15:00+00:00,-1.006166,-2.0105
S5,TAOUSDT,2024-05-21T04:30:00+00:00,-1.006972,-3.0174
S5,TAOUSDT,2024-07-09T09:55:00+00:00,-1.006007,-4.0234
S5,TAOUSDT,2024-08-04T18:20:00+00:00,-1.005626,-5.0291
S5,TAOUSDT,2024-08-05T21:15:00+00:00,-1.00516,-6.0342
S5,TAOUSDT,2024-09-16T07:45:00+00:00,-1.007543,-7.0418
S5,TAOUSDT,2024-10-25T23:10:00+00:00,4.994339,-2.0474
S5,TAOUSDT,2024-11-06T00:25:00+00:00,-1.007705,-3.0551
S5,TAOUSDT,2024-12-02T23:25:00+00:00,-1.00528,-4.0604
S5,TAOUSDT,2024-12-10T21:30:00+00:00,-1.003325,-5.0637
S5,TAOUSDT,2024-12-14T22:50:00+00:00,-1.008603,-6.0723
S5,TAOUSDT,2024-12-19T18:20:00+00:00,4.991423,-1.0809
S5,TAOUSDT,2024-12-20T14:20:00+00:00,-1.004068,-2.085
S5,TAOUSDT,2025-01-03T09:20:00+00:00,-1.007925,-3.0929
S5,TAOUSDT,2025-01-18T23:35:00+00:00,-1.006452,-4.0994
S5,TAOUSDT,2025-02-02T20:00:00+00:00,-1.004814,-5.1042
S5,TAOUSDT,2025-02-19T16:50:00+00:00,-1.006665,-6.1108
S5,TAOUSDT,2025-03-07T09:30:00+00:00,-1.005496,-7.1163
S5,TAOUSDT,2025-03-29T20:30:00+00:00,-1.008024,-8.1244
S5,TAOUSDT,2025-04-03T16:05:00+00:00,-1.006376,-9.1307
S5,ONDOUSDT,2025-05-29T02:30:00+00:00,-1.01277,-10.1435
S5,ONDOUSDT,2025-06-06T01:55:00+00:00,-1.008823,-11.1523
S5,TAOUSDT,2025-06-06T04:50:00+00:00,-1.007663,-12.16
S5,TAOUSDT,2025-06-06T12:30:00+00:00,-1.010373,-13.1704
S5,TAOUSDT,2025-06-17T19:15:00+00:00,-1.007354,-14.1777
S5,ONDOUSDT,2025-06-22T22:40:00+00:00,-1.006963,-15.1847
S5,TAOUSDT,2025-06-23T19:00:00+00:00,-1.009056,-16.1937
S5,TAOUSDT,2025-07-10T07:00:00+00:00,-1.013036,-17.2068
S5,TAOUSDT,2025-07-11T09:20:00+00:00,-1.009288,-18.2161
S5,TAOUSDT,2025-08-12T15:00:00+00:00,-1.009151,-19.2252
S5,TAOUSDT,2025-08-12T15:55:00+00:00,-1.010375,-20.2356
S5,TAOUSDT,2025-08-18T17:30:00+00:00,-1.010462,-21.2461
S5,ONDOUSDT,2025-08-26T02:05:00+00:00,-1.00865,-22.2547
S5,TAOUSDT,2025-08-26T06:15:00+00:00,-1.009118,-23.2638
S5,TAOUSDT,2025-08-26T06:15:00+00:00,-1.00821,-24.272
S5,TAOUSDT,2025-09-22T02:30:00+00:00,4.986895,-19.2851
S5,TAOUSDT,2025-09-22T13:55:00+00:00,-1.009808,-20.2949
S5,TAOUSDT,2025-09-22T14:00:00+00:00,-1.010248,-21.3052
S5,ONDOUSDT,2025-09-23T00:25:00+00:00,-1.010312,-22.3155
S5,ONDOUSDT,2025-09-25T19:00:00+00:00,-1.010395,-23.3259
S5,TAOUSDT,2025-09-26T04:00:00+00:00,-1.010329,-24.3362
S5,ONDOUSDT,2025-10-02T00:00:00+00:00,-1.011353,-25.3476
S5,TAOUSDT,2025-10-02T18:30:00+00:00,-1.013647,-26.3612
S5,ONDOUSDT,2025-10-02T18:50:00+00:00,-1.01305,-27.3743
S5,ONDOUSDT,2025-10-10T20:55:00+00:00,4.98858,-22.3857
S5,ONDOUSDT,2025-10-21T14:10:00+00:00,-1.01206,-23.3978
S5,TAOUSDT,2025-11-01T02:50:00+00:00,-1.005517,-24.4033
S5,ONDOUSDT,2025-11-04T18:30:00+00:00,4.991324,-19.412
S5,ONDOUSDT,2025-11-04T20:15:00+00:00,4.988845,-14.4231
S5,TAOUSDT,2025-11-21T17:00:00+00:00,-1.004989,-15.4281
S5,ONDOUSDT,2025-12-02T14:05:00+00:00,-1.012076,-16.4402
S5,ONDOUSDT,2025-12-02T14:45:00+00:00,-1.010044,-17.4502
S5,TAOUSDT,2025-12-02T14:45:00+00:00,-1.008759,-18.459
S5,TAOUSDT,2025-12-02T15:00:00+00:00,-1.009042,-19.468
S5,ONDOUSDT,2025-12-07T17:35:00+00:00,-1.010368,-20.4784
S5,ONDOUSDT,2025-12-18T14:00:00+00:00,-1.007748,-21.4861
S5,TAOUSDT,2025-12-18T18:50:00+00:00,4.990943,-16.4952
S5,ONDOUSDT,2026-01-01T04:00:00+00:00,4.989728,-11.5055
S5,ONDOUSDT,2026-01-01T14:00:00+00:00,-1.015976,-12.5214
S5,ONDOUSDT,2026-01-02T14:45:00+00:00,-1.014549,-13.536
S5,TAOUSDT,2026-01-03T03:00:00+00:00,-1.007934,-14.5439
S5,TAOUSDT,2026-01-21T12:10:00+00:00,4.986955,-9.557
S5,ONDOUSDT,2026-01-29T15:50:00+00:00,4.988329,-4.5686
S5,TAOUSDT,2026-01-30T18:20:00+00:00,4.991099,0.4225
S5,TAOUSDT,2026-01-31T18:40:00+00:00,4.990766,5.4132
S5,ONDOUSDT,2026-02-05T15:20:00+00:00,4.99342,10.4066
S5,TAOUSDT,2026-02-06T16:10:00+00:00,-1.005415,9.4012
S5,TAOUSDT,2026-02-16T05:00:00+00:00,-1.00582,8.3954
S5,ONDOUSDT,2026-02-23T06:10:00+00:00,-1.012873,7.3825
S5,ONDOUSDT,2026-02-27T04:00:00+00:00,-1.008447,6.3741
S5,TAOUSDT,2026-03-09T04:35:00+00:00,-1.007344,5.3667
S5,ONDOUSDT,2026-04-07T20:30:00+00:00,-1.014831,4.3519
S5,ONDOUSDT,2026-04-07T21:05:00+00:00,-1.014136,3.3378
S5,TAOUSDT,2026-04-10T00:15:00+00:00,4.991008,8.3288
S5,TAOUSDT,2026-04-10T03:55:00+00:00,4.991515,13.3203
