date,balance,daily_pnl
2024-04-16,10000.0,0.0
2024-04-20,9459.75,-540.25
2024-04-22,9407.37,-52.38
2024-04-25,9227.2,-180.17
2024-04-29,9606.96,379.76
2024-04-30,9848.05,241.09
2024-05-05,9798.65,-49.4
2024-05-07,9662.6,-136.05
2024-05-08,10464.85,802.25
2024-05-17,10319.56,-145.29
2024-05-20,10175.53,-144.03
2024-05-21,9929.51,-246.02
2024-05-23,9791.78,-137.73
2024-05-28,9632.3,-159.48
2024-05-30,9794.99,162.69
2024-05-31,9743.85,-51.14
2024-06-04,9407.05,-336.8
2024-06-07,13034.37,3627.32
2024-06-12,12723.99,-310.38
2024-06-14,13251.31,527.32
2024-06-17,12882.65,-368.66
2024-07-01,12702.54,-180.11
2024-07-03,12638.87,-63.67
2024-07-04,12370.21,-268.66
2024-07-08,12176.22,-193.99
2024-07-09,11937.91,-238.31
2024-07-15,11771.41,-166.5
2024-07-16,11549.21,-222.2
2024-07-17,11388.76,-160.45
2024-07-22,11230.22,-158.54
2024-07-23,11357.49,127.27
2024-07-27,11300.55,-56.94
2024-07-31,11765.59,465.04
2024-08-03,12250.48,484.89
2024-08-04,12186.22,-64.26
2024-08-05,12060.98,-125.24
2024-08-09,12000.57,-60.41
2024-08-12,11493.18,-507.39
2024-08-15,10985.64,-507.54
2024-08-18,10930.41,-55.23
2024-08-19,10777.93,-152.48
2024-08-20,10571.34,-206.59
2024-08-21,10424.02,-147.32
2024-08-24,10371.69,-52.33
2024-08-27,10799.23,427.54
2024-08-28,11654.41,855.18
2024-08-29,11465.26,-189.15
2024-08-30,12960.98,1495.72
2024-09-01,13406.39,445.41
2024-09-02,12629.73,-776.66
2024-09-06,12967.31,337.58
2024-09-07,12791.73,-175.58
2024-09-16,12660.27,-131.46
2024-09-18,12484.44,-175.83
2024-09-20,12421.9,-62.54
2024-09-21,13729.43,1307.53
2024-09-23,13660.7,-68.73
2024-10-01,14155.5,494.8
2024-10-02,13966.85,-188.65
2024-10-07,13826.81,-140.04
2024-10-14,13634.42,-192.39
2024-10-15,15118.26,1483.84
2024-10-18,14908.28,-209.98
2024-10-20,14408.92,-499.36
2024-10-25,15366.4,957.48
2024-10-26,14855.02,-511.38
2024-10-28,14648.03,-206.99
2024-10-29,14440.93,-207.1
2024-10-30,15035.86,594.93
2024-10-31,15630.81,594.95
2024-11-01,16225.84,595.03
2024-11-02,16894.1,668.26
2024-11-06,16805.3,-88.8
2024-11-11,16572.16,-233.14
2024-11-20,16487.83,-84.33
2024-11-21,16258.88,-228.95
2024-11-25,16033.26,-225.62
2024-12-02,15949.19,-84.07
2024-12-04,15869.28,-79.91
2024-12-05,15649.13,-220.15
2024-12-09,16076.26,427.13
2024-12-10,15992.13,-84.13
2024-12-14,15311.13,-681.0
2024-12-16,14596.81,-714.32
2024-12-17,15218.55,621.74
2024-12-18,15006.49,-212.06
2024-12-19,16623.65,1617.16
2024-12-20,16536.59,-87.06
2024-12-30,16305.8,-230.79
2025-01-01,16078.6,-227.2
2025-01-02,15997.82,-80.78
2025-01-03,15913.71,-84.11
2025-01-04,15692.35,-221.36
2025-01-07,15612.4,-79.95
2025-01-08,15450.59,-161.81
2025-01-13,16452.04,1001.45
2025-01-17,15997.37,-454.67
2025-01-18,15691.06,-306.31
2025-01-19,15865.8,174.74
2025-01-20,15422.17,-443.63
2025-01-27,15980.37,558.2
2025-02-02,18856.42,2876.05
2025-02-08,17220.89,-1635.53
2025-02-11,17134.57,-86.32
2025-02-12,17844.47,709.9
2025-02-16,18550.95,706.48
2025-02-17,18292.8,-258.15
2025-02-18,17783.91,-508.89
2025-02-19,17690.53,-93.38
2025-02-22,17601.87,-88.66
2025-02-25,18331.36,729.49
2025-02-26,19057.44,726.08
2025-03-03,23168.09,4110.65
2025-03-04,23954.01,785.92
2025-03-07,23828.38,-125.63
2025-03-09,24811.14,982.76
2025-03-10,24467.31,-343.83
2025-03-11,23788.51,-678.8
2025-03-20,23669.04,-119.47
2025-03-23,23337.46,-331.58
2025-03-24,23005.98,-331.48
2025-03-25,22774.24,-231.74
2025-03-27,22456.65,-317.59
2025-03-28,23381.26,924.61
2025-03-29,23258.33,-122.93
2025-04-02,22934.33,-324.0
2025-04-03,22497.17,-437.16
2025-04-04,21727.53,-769.64
2025-04-11,21425.88,-301.65
2025-04-14,21127.79,-298.09
2025-04-16,21385.4,257.61
2025-04-17,21091.89,-293.51
2025-04-21,20841.06,-250.83
2025-04-25,20551.46,-289.6
2025-04-26,20265.98,-285.48
2025-04-28,19883.97,-382.01
2025-05-05,19281.18,-602.79
2025-05-06,18955.8,-325.38
2025-05-07,18686.87,-268.93
2025-05-09,21206.67,2519.8
2025-05-12,20911.53,-295.14
2025-05-13,20620.78,-290.75
2025-05-16,21471.1,850.32
2025-05-18,20072.06,-1399.04
2025-05-19,20608.23,536.17
2025-05-20,20329.16,-279.07
2025-05-21,19491.88,-837.28
2025-05-27,19220.07,-271.81
2025-05-29,19118.54,-101.53
2025-05-30,19921.56,803.02
2025-05-31,20741.81,820.25
2025-06-05,21594.32,852.51
2025-06-06,21257.88,-336.44
2025-06-09,20662.57,-595.31
2025-06-10,20454.29,-208.28
2025-06-11,20350.33,-103.96
2025-06-12,21083.11,732.78
2025-06-13,25333.06,4249.95
2025-06-17,26755.47,1422.41
2025-06-21,34055.6,7300.13
2025-06-22,33706.65,-348.95
2025-06-23,33527.41,-179.24
2025-06-25,33359.36,-168.05
2025-07-02,32891.56,-467.8
2025-07-03,31066.93,-1824.63
2025-07-04,30901.04,-165.89
2025-07-06,30468.9,-432.14
2025-07-08,30040.76,-428.14
2025-07-09,29182.7,-858.06
2025-07-10,29006.43,-176.27
2025-07-11,28451.83,-554.6
2025-07-12,27903.04,-548.79
2025-07-14,29496.19,1593.15
2025-07-15,30369.54,873.35
2025-07-17,30217.07,-152.47
2025-07-18,31948.78,1731.71
2025-07-22,31682.43,-266.35
2025-07-23,32988.32,1305.89
2025-07-25,32529.84,-458.48
2025-07-29,36544.39,4014.55
2025-07-30,37173.88,629.49
2025-08-01,42777.95,5604.07
2025-08-06,42179.56,-598.39
2025-08-09,40996.67,-1182.89
2025-08-10,39276.59,-1720.08
2025-08-11,41744.91,2468.32
2025-08-12,41325.57,-419.34
2025-08-13,41117.61,-207.96
2025-08-14,40488.73,-628.88
2025-08-18,40072.24,-416.49
2025-08-19,41177.06,1104.82
2025-08-20,40624.96,-552.1
2025-08-21,42290.14,1665.18
2025-08-22,39666.29,-2623.85
2025-08-25,40581.66,915.37
2025-08-26,39949.59,-632.07
2025-08-29,38429.51,-1520.08
2025-09-01,38776.13,346.62
2025-09-02,37154.99,-1621.14
2025-09-07,36632.09,-522.9
2025-09-08,36446.12,-185.97
2025-09-09,35563.64,-882.48
2025-09-10,35384.69,-178.95
2025-09-14,35206.72,-177.97
2025-09-16,33123.82,-2082.9
2025-09-17,31786.4,-1337.42
2025-09-22,32085.65,299.25
2025-09-23,31914.77,-170.88
2025-09-24,31468.13,-446.64
2025-09-25,31140.03,-328.1
2025-09-26,30975.06,-164.97
2025-09-29,30539.86,-435.2
2025-10-01,30110.2,-429.66
2025-10-02,29608.56,-501.64
2025-10-03,29193.84,-414.72
2025-10-07,29046.5,-147.34
2025-10-08,30099.69,1053.19
2025-10-10,32015.97,1916.28
2025-10-14,31572.91,-443.06
2025-10-17,34177.07,2604.16
2025-10-20,34005.8,-171.27
2025-10-21,33350.42,-655.38
2025-10-26,32718.88,-631.54
2025-10-27,32095.71,-623.17
2025-10-28,33432.44,1336.73
2025-10-29,32799.77,-632.67
2025-11-01,32627.74,-172.03
2025-11-04,33877.05,1249.31
2025-11-08,33707.12,-169.93
2025-11-12,33537.16,-169.96
2025-11-13,31788.05,-1749.11
2025-11-14,35873.64,4085.59
2025-11-15,34596.68,-1276.96
2025-11-16,35408.69,812.01
2025-11-17,40015.57,4606.88
2025-11-18,38538.56,-1477.01
2025-11-20,39997.26,1458.7
2025-11-21,44654.63,4657.37
2025-11-24,44033.51,-621.12
2025-11-27,42314.78,-1718.73
2025-11-30,41623.21,-691.57
2025-12-01,45042.48,3419.27
2025-12-02,43871.66,-1170.82
2025-12-03,43038.35,-833.31
2025-12-04,42822.1,-216.25
2025-12-05,42599.92,-222.18
2025-12-07,44139.61,1539.69
2025-12-11,42909.82,-1229.79
2025-12-14,44675.57,1765.75
2025-12-15,46290.83,1615.26
2025-12-17,52724.81,6433.98
2025-12-18,55823.89,3099.08
2025-12-19,55047.65,-776.24
2025-12-24,57312.83,2265.18
2025-12-25,55774.39,-1538.44
2025-12-26,54862.7,-911.69
2025-12-27,54093.17,-769.53
2025-12-29,55524.47,1431.3
2026-01-01,56392.97,868.5
2026-01-02,56094.55,-298.42
2026-01-03,53412.01,-2682.54
2026-01-04,51897.79,-1514.22
2026-01-05,51173.63,-724.16
2026-01-06,46087.28,-5086.35
2026-01-08,45804.73,-282.55
2026-01-11,45519.47,-285.26
2026-01-12,44144.71,-1374.76
2026-01-13,41142.26,-3002.45
2026-01-14,40505.68,-636.58
2026-01-15,41968.99,1463.31
2026-01-21,41860.15,-108.84
2026-01-27,41649.13,-211.02
2026-01-28,40492.31,-1156.82
2026-01-29,41584.3,1091.99
2026-01-30,42676.9,1092.6
2026-01-31,44823.16,2146.26
2026-02-03,43139.34,-1683.82
2026-02-05,44222.43,1083.09
2026-02-06,43990.52,-231.91
2026-02-13,42764.34,-1226.18
2026-02-14,42335.52,-428.82
2026-02-15,42121.16,-214.36
2026-02-16,41315.83,-805.33
2026-02-17,40739.4,-576.43
2026-02-19,42482.43,1743.03
2026-02-23,42044.46,-437.97
2026-02-25,41038.57,-1005.89
2026-02-26,40055.86,-982.71
2026-02-27,39842.19,-213.67
2026-02-28,39287.82,-554.37
2026-03-04,39090.45,-197.37
2026-03-05,38695.44,-395.01
2026-03-08,34919.0,-3776.44
2026-03-09,33747.32,-1171.68
2026-03-10,33577.46,-169.86
2026-03-12,33110.43,-467.03
2026-03-13,32186.16,-924.27
2026-03-14,32021.52,-164.64
2026-03-15,33447.08,1425.56
2026-03-16,32820.6,-626.48
2026-03-18,32655.05,-165.55
2026-03-20,44673.17,12018.12
2026-03-23,43829.58,-843.59
2026-03-24,45158.1,1328.52
2026-03-25,43950.52,-1207.58
2026-03-26,42126.95,-1823.57
2026-03-28,41541.41,-585.54
2026-03-31,41332.43,-208.98
2026-04-01,40549.07,-783.36
2026-04-02,42227.48,1678.41
2026-04-07,39722.17,-2505.31
2026-04-10,42390.81,2668.64
2026-04-12,44023.87,1633.06
2026-04-13,42820.58,-1203.29
2026-04-14,42604.21,-216.37
2026-04-15,41410.58,-1193.63
2026-04-16,39366.42,-2044.16
