session_day,anchor_ms,anchor_et,event_type,level,hit_ms,hit_et,minutes_to_hit,anchor_close,hit_close,move_anchor_to_hit_pct,hit_candle_range,hit_candle_range_pct_of_level,hit_candle_volume,hit_volume_zscore_24bars,forward_close,forward_return_pct,continuation_move_abs,continuation_move_pct_of_level
2025-01-06,1736200800000,2025-01-06 17:00,daily_high,2.4425,1736232300000,2025-01-07 01:45,525.0,2.4109,2.4445,1.3937,0.011400000000000077,0.4667,5684787.8,1.3737,2.4296,-0.6095,0.0054,0.2211
2025-01-07,1736287200000,2025-01-07 17:00,daily_low,2.3657,1736287200000,2025-01-07 17:00,0.0,2.272,2.272,0.0,0.013700000000000045,0.5791,5696352.0,0.0,2.2804,0.3697,0.0947,4.003
2025-01-10,1736546400000,2025-01-10 17:00,daily_high,2.3661,1736591400000,2025-01-11 05:30,750.0,2.3404,2.3674,1.1536,0.007099999999999884,0.3001,3028572.0,1.5504,2.3922,1.0476,0.0324,1.3693
2025-01-13,1736805600000,2025-01-13 17:00,daily_high,2.563,1736846100000,2025-01-14 04:15,675.0,2.535,2.5622,1.073,0.01670000000000016,0.6516,11119191.5,7.3359,2.5803,0.7064,0.023,0.8974
2025-01-16,1737064800000,2025-01-16 17:00,daily_high,3.1992,1737064800000,2025-01-16 17:00,0.0,3.2782,3.2782,0.0,0.02049999999999974,0.6408,2915147.6,0.0,3.2374,-1.2446,0.0846,2.6444
2025-01-23,1737669600000,2025-01-23 17:00,daily_low,3.1056,1737669600000,2025-01-23 17:00,0.0,3.0846,3.0846,0.0,0.015899999999999803,0.512,2114053.6,0.0,3.122,1.2125,0.0231,0.7438
2025-01-27,1738015200000,2025-01-27 17:00,daily_high,3.144,1738038900000,2025-01-27 23:35,395.0,3.0209,3.1409,3.9723,0.029900000000000038,0.951,12949077.6,8.7993,3.1213,-0.624,-0.002,-0.0636
2025-01-30,1738274400000,2025-01-30 17:00,daily_high,3.1356,1738275900000,2025-01-30 17:25,25.0,3.1204,3.1307,0.3301,0.006299999999999972,0.2009,829170.2,0.1997,3.1504,0.6293,0.018,0.5741
2025-01-31,1738360800000,2025-01-31 17:00,daily_low,3.0712,1738360800000,2025-01-31 17:00,0.0,3.0381,3.0381,0.0,0.006600000000000161,0.2149,1836443.7,0.0,3.0348,-0.1086,0.0453,1.475
2025-02-05,1738792800000,2025-02-05 17:00,daily_low,2.4203,1738792800000,2025-02-05 17:00,0.0,2.3953,2.3953,0.0,0.02499999999999991,1.0329,8597710.3,0.0,2.3813,-0.5845,0.0633,2.6154
2025-02-06,1738879200000,2025-02-06 17:00,daily_low,2.3418,1738879200000,2025-02-06 17:00,0.0,2.3332,2.3332,0.0,0.016599999999999948,0.7089,3568518.7,0.0,2.343,0.42,0.0377,1.6099
2025-02-10,1739224800000,2025-02-10 17:00,daily_high,2.4942,1739250000000,2025-02-11 00:00,420.0,2.4186,2.4899,2.948,0.03090000000000037,1.2389,12897669.0,4.1203,2.4998,0.3976,0.0246,0.9863
2025-02-11,1739311200000,2025-02-11 17:00,daily_low,2.3796,1739329500000,2025-02-11 22:05,305.0,2.4396,2.3862,-2.1889,0.013900000000000023,0.5841,6889717.2,7.0918,2.3941,0.3311,-0.0017,-0.0714
2025-02-14,1739570400000,2025-02-14 17:00,daily_high,2.6036,1739570400000,2025-02-14 17:00,0.0,2.7411,2.7411,0.0,0.011500000000000288,0.4417,2441293.0,0.0,2.7181,-0.8391,0.1389,5.3349
2025-02-17,1739829600000,2025-02-17 17:00,daily_low,2.6855,1739829600000,2025-02-17 17:00,0.0,2.6729,2.6729,0.0,0.01289999999999969,0.4804,3761372.5,0.0,2.6548,-0.6772,0.0362,1.348
2025-02-18,1739916000000,2025-02-18 17:00,daily_low,2.6063,1739916000000,2025-02-18 17:00,0.0,2.5342,2.5342,0.0,0.007700000000000262,0.2954,1529329.7,0.0,2.5491,0.588,0.0806,3.0925
2025-02-19,1740002400000,2025-02-19 17:00,daily_high,2.649,1740002400000,2025-02-19 17:00,0.0,2.6729,2.6729,0.0,0.008299999999999752,0.3133,2533264.8,0.0,2.713,1.5002,0.0687,2.5934
2025-02-21,1740175200000,2025-02-21 17:00,daily_low,2.6379,1740175200000,2025-02-21 17:00,0.0,2.5393,2.5393,0.0,0.010299999999999976,0.3905,1584430.6,0.0,2.5559,0.6537,0.1022,3.8743
2025-03-03,1741039200000,2025-03-03 17:00,daily_low,2.2191,1741053900000,2025-03-03 21:05,245.0,2.3628,2.2414,-5.138,0.06060000000000043,2.7308,27449766.0,2.5778,2.2968,2.4717,0.0076,0.3425
2025-03-05,1741212000000,2025-03-05 17:00,daily_high,2.5393,1741225500000,2025-03-05 20:45,225.0,2.4987,2.5369,1.5288,0.04059999999999997,1.5989,21962051.1,18.5107,2.5124,-0.9657,-0.0024,-0.0945
2025-03-06,1741298400000,2025-03-06 17:00,daily_high,2.5472,1741298400000,2025-03-06 17:00,0.0,2.6153,2.6153,0.0,0.02259999999999973,0.8872,8050344.2,0.0,2.5903,-0.9559,0.072,2.8266
2025-03-06,1741298400000,2025-03-06 17:00,daily_low,2.4069,1741307100000,2025-03-06 19:25,145.0,2.6153,2.4396,-6.7182,0.06479999999999997,2.6923,41763175.2,1.9824,2.4766,1.5166,0.0343,1.4251
2025-03-07,1741384800000,2025-03-07 17:00,daily_low,2.3726,1741384800000,2025-03-07 17:00,0.0,2.374,2.374,0.0,0.032200000000000006,1.3572,10465903.7,0.0,2.3907,0.7035,0.0303,1.2771
2025-03-12,1741813200000,2025-03-12 17:00,daily_high,2.2449,1741824000000,2025-03-12 20:00,180.0,2.2321,2.2418,0.4346,0.01499999999999968,0.6682,3336244.0,2.6553,2.2271,-0.6557,0.0071,0.3163
2025-03-13,1741899600000,2025-03-13 17:00,daily_high,2.2773,1741919100000,2025-03-13 22:25,325.0,2.2265,2.277,2.2681,0.010699999999999932,0.4699,6807861.9,4.115,2.2838,0.2986,0.0226,0.9924
2025-03-17,1742245200000,2025-03-17 17:00,daily_low,2.2668,1742279400000,2025-03-18 02:30,570.0,2.3484,2.2686,-3.3981,0.010499999999999954,0.4632,3155109.4,1.2718,2.2783,0.4276,0.0248,1.0941
2025-03-18,1742331600000,2025-03-18 17:00,daily_low,2.2726,1742331600000,2025-03-18 17:00,0.0,2.2537,2.2537,0.0,0.0032999999999998586,0.1452,1100900.6,0.0,2.2653,0.5147,0.0209,0.9197
2025-03-19,1742418000000,2025-03-19 17:00,daily_high,2.3071,1742418000000,2025-03-19 17:00,0.0,2.5039,2.5039,0.0,0.01990000000000025,0.8626,4920845.1,0.0,2.5065,0.1038,0.2123,9.202
2025-03-21,1742590800000,2025-03-21 17:00,daily_low,2.3877,1742594400000,2025-03-21 18:00,60.0,2.3986,2.3908,-0.3252,0.012399999999999967,0.5193,3300358.0,3.4724,2.3832,-0.3179,0.0107,0.4481
2025-03-24,1742850000000,2025-03-24 17:00,daily_high,2.4571,1742850000000,2025-03-24 17:00,0.0,2.4579,2.4579,0.0,0.0044999999999997264,0.1831,1437705.7,0.0,2.4566,-0.0529,0.0106,0.4314
2025-03-31,1743454800000,2025-03-31 17:00,daily_high,2.1971,1743498000000,2025-04-01 05:00,720.0,2.0885,2.1859,4.6636,0.032099999999999795,1.461,18803449.8,3.1083,2.1758,-0.4621,-0.0026,-0.1183
2025-03-31,1743454800000,2025-03-31 17:00,daily_low,2.0765,1743459600000,2025-03-31 18:20,80.0,2.0885,2.0766,-0.5698,0.006200000000000205,0.2986,2707408.0,1.2343,2.0881,0.5538,0.0023,0.1108
2025-04-01,1743541200000,2025-04-01 17:00,daily_high,2.1386,1743541200000,2025-04-01 17:00,0.0,2.1378,2.1378,0.0,0.005700000000000038,0.2665,1089168.0,0.0,2.1406,0.131,0.0124,0.5798
2025-04-04,1743800400000,2025-04-04 17:00,daily_high,2.0808,1743800400000,2025-04-04 17:00,0.0,2.1362,2.1362,0.0,0.0043000000000001926,0.2067,1499926.8,0.0,2.1443,0.3792,0.0747,3.59
2025-04-09,1744232400000,2025-04-09 17:00,daily_high,1.9748,1744232400000,2025-04-09 17:00,0.0,2.0596,2.0596,0.0,0.020500000000000185,1.0381,10321969.9,0.0,2.0744,0.7186,0.1134,5.7424
2025-04-11,1744405200000,2025-04-11 17:00,daily_high,2.0459,1744405200000,2025-04-11 17:00,0.0,2.0474,2.0474,0.0,0.0041999999999999815,0.2053,1522304.1,0.0,2.0322,-0.7424,0.0063,0.3079
2025-04-15,1744750800000,2025-04-15 17:00,daily_low,2.1022,1744755300000,2025-04-15 18:15,75.0,2.1114,2.1017,-0.4594,0.0038999999999997925,0.1855,1745269.1,0.6754,2.0872,-0.6899,0.0166,0.7896
2025-04-16,1744837200000,2025-04-16 17:00,daily_low,2.0646,1744860300000,2025-04-16 23:25,385.0,2.0973,2.0619,-1.6879,0.00649999999999995,0.3148,2597254.5,3.4763,2.0726,0.5189,0.0028,0.1356
2025-04-24,1745528400000,2025-04-24 17:00,daily_low,2.1711,1745549400000,2025-04-24 22:50,350.0,2.2036,2.1704,-1.5066,0.008299999999999752,0.3823,6558354.7,2.6916,2.1828,0.5713,0.0089,0.4099
2025-04-25,1745614800000,2025-04-25 17:00,daily_high,2.2367,1745652300000,2025-04-26 03:25,625.0,2.1957,2.238,1.9265,0.009100000000000108,0.4068,4864651.2,0.5199,2.2287,-0.4155,0.0114,0.5097
2025-04-28,1745874000000,2025-04-28 17:00,daily_high,2.2943,1745875800000,2025-04-28 17:30,30.0,2.2882,2.2907,0.1093,0.0045999999999999375,0.2005,627677.3,-2.2873,2.2957,0.2183,0.012,0.523
2025-04-29,1745960400000,2025-04-29 17:00,daily_low,2.2476,1745965200000,2025-04-29 18:20,80.0,2.2745,2.2462,-1.2442,0.008600000000000385,0.3826,4482627.7,0.8852,2.2239,-0.9928,0.0272,1.2102
2025-04-30,1746046800000,2025-04-30 17:00,daily_low,2.2204,1746046800000,2025-04-30 17:00,0.0,2.196,2.196,0.0,0.0030999999999998806,0.1396,978886.2,0.0,2.2049,0.4053,0.0246,1.1079
2025-05-02,1746219600000,2025-05-02 17:00,daily_low,2.1918,1746268800000,2025-05-03 06:40,820.0,2.213,2.1885,-1.1071,0.006999999999999673,0.3194,4506971.7,7.2356,2.1878,-0.032,0.0094,0.4289
2025-05-07,1746651600000,2025-05-07 17:00,daily_high,2.1707,1746672600000,2025-05-07 22:50,350.0,2.1189,2.1681,2.322,0.0041999999999999815,0.1935,4097880.7,0.5754,2.1788,0.4935,0.0119,0.5482
2025-05-12,1747083600000,2025-05-12 17:00,daily_high,2.4174,1747083600000,2025-05-12 17:00,0.0,2.5264,2.5264,0.0,0.00790000000000024,0.3268,3187557.6,0.0,2.5393,0.5106,0.1263,5.2246
2025-05-15,1747342800000,2025-05-15 17:00,daily_low,2.51,1747342800000,2025-05-15 17:00,0.0,2.4303,2.4303,0.0,0.008799999999999919,0.3506,2295596.9,0.0,2.4298,-0.0206,0.1177,4.6892
2025-05-21,1747861200000,2025-05-21 17:00,daily_high,2.392,1747867200000,2025-05-21 18:40,100.0,2.3789,2.3963,0.7314,0.017000000000000348,0.7107,8805100.6,19.9876,2.4005,0.1753,0.0241,1.0075
2025-05-23,1748034000000,2025-05-23 17:00,daily_low,2.385,1748034000000,2025-05-23 17:00,0.0,2.3235,2.3235,0.0,0.0047999999999999154,0.2013,2260609.0,0.0,2.3242,0.0301,0.0646,2.7086
2025-05-28,1748466000000,2025-05-28 17:00,daily_low,2.2828,1748466000000,2025-05-28 17:00,0.0,2.2509,2.2509,0.0,0.0026999999999999247,0.1183,1001883.2,0.0,2.2588,0.351,0.0335,1.4675
2025-06-02,1748898000000,2025-06-02 17:00,daily_high,2.1871,1748901600000,2025-06-02 18:00,60.0,2.1785,2.1907,0.56,0.009700000000000042,0.4435,4828273.1,10.0425,2.1947,0.1826,0.0171,0.7819
2025-06-03,1748984400000,2025-06-03 17:00,daily_high,2.2215,1748984400000,2025-06-03 17:00,0.0,2.2625,2.2625,0.0,0.01200000000000001,0.5402,4980723.9,0.0,2.2451,-0.7691,0.0488,2.1967
2025-06-04,1749070800000,2025-06-04 17:00,daily_low,2.1828,1749109500000,2025-06-05 03:45,645.0,2.1967,2.184,-0.5781,0.005700000000000038,0.2611,2678570.7,0.8997,2.1943,0.4716,0.0002,0.0092
2025-06-05,1749157200000,2025-06-05 17:00,daily_low,2.1936,1749157200000,2025-06-05 17:00,0.0,2.0804,2.0804,0.0,0.02670000000000039,1.2172,10962860.3,0.0,2.0894,0.4326,0.1256,5.7257
2025-06-11,1749675600000,2025-06-11 17:00,daily_low,2.2574,1749679500000,2025-06-11 18:05,65.0,2.2927,2.2684,-1.0599,0.012100000000000222,0.536,7035584.6,1.6221,2.2649,-0.1543,0.007,0.3101
2025-06-12,1749762000000,2025-06-12 17:00,daily_low,2.235,1749762000000,2025-06-12 17:00,0.0,2.1833,2.1833,0.0,0.006299999999999972,0.2819,6694704.0,0.0,2.1957,0.5679,0.0583,2.6085
2025-06-16,1750107600000,2025-06-16 17:00,daily_high,2.1869,1750107600000,2025-06-16 17:00,0.0,2.3219,2.3219,0.0,0.0052000000000003155,0.2378,2209046.9,0.0,2.3023,-0.8441,0.1372,6.2737
2025-06-17,1750194000000,2025-06-17 17:00,daily_low,2.1704,1750194000000,2025-06-17 17:00,0.0,2.1678,2.1678,0.0,0.00649999999999995,0.2995,1833703.5,0.0,2.1526,-0.7012,0.0202,0.9307
2025-06-20,1750453200000,2025-06-20 17:00,daily_low,2.143,1750453200000,2025-06-20 17:00,0.0,2.1267,2.1267,0.0,0.005300000000000082,0.2473,1889638.4,0.0,2.1177,-0.4232,0.0267,1.2459
2025-06-23,1750712400000,2025-06-23 17:00,daily_high,2.0889,1750715400000,2025-06-23 17:50,50.0,2.0821,2.09,0.3794,0.00649999999999995,0.3112,1630492.0,0.0388,2.1537,3.0478,0.0807,3.8633
2025-06-26,1750971600000,2025-06-26 17:00,daily_low,2.1688,1750971600000,2025-06-26 17:00,0.0,2.1286,2.1286,0.0,0.006099999999999994,0.2813,2219766.6,0.0,2.1195,-0.4275,0.0611,2.8172
2025-06-27,1751058000000,2025-06-27 17:00,daily_high,2.1974,1751091900000,2025-06-28 02:25,565.0,2.1063,2.1972,4.3156,0.0036000000000000476,0.1638,1640312.0,0.6617,2.1887,-0.3869,0.0026,0.1183
2025-06-30,1751317200000,2025-06-30 17:00,daily_high,2.2191,1751317200000,2025-06-30 17:00,0.0,2.2877,2.2877,0.0,0.010699999999999932,0.4822,3293898.1,0.0,2.2773,-0.4546,0.0689,3.1049
2025-07-01,1751403600000,2025-07-01 17:00,daily_low,2.1608,1751418900000,2025-07-01 21:15,255.0,2.169,2.1692,0.0092,0.014599999999999724,0.6757,5165056.7,11.2555,2.1729,0.1706,-0.0075,-0.3471
2025-07-02,1751490000000,2025-07-02 17:00,daily_high,2.2367,1751490000000,2025-07-02 17:00,0.0,2.2575,2.2575,0.0,0.006299999999999972,0.2817,1481643.6,0.0,2.2545,-0.1329,0.0249,1.1132
2025-07-04,1751662800000,2025-07-04 17:00,daily_low,2.2382,1751662800000,2025-07-04 17:00,0.0,2.2195,2.2195,0.0,0.0026000000000001577,0.1162,1649294.1,0.0,2.2156,-0.1757,0.0254,1.1348
2025-07-07,1751922000000,2025-07-07 17:00,daily_high,2.2897,1751969400000,2025-07-08 06:10,790.0,2.2694,2.2893,0.8769,0.004100000000000215,0.1791,2376013.7,1.0467,2.2893,0.0,0.0085,0.3712
2025-07-11,1752267600000,2025-07-11 17:00,daily_high,2.5924,1752267600000,2025-07-11 17:00,0.0,2.7742,2.7742,0.0,0.022299999999999986,0.8602,8888410.3,0.0,2.7531,-0.7606,0.1848,7.1285
2025-07-14,1752526800000,2025-07-14 17:00,daily_high,2.948,1752528900000,2025-07-14 17:35,35.0,2.9255,2.9475,0.752,0.011800000000000033,0.4003,2780651.0,0.828,2.9451,-0.0814,0.002,0.0678
2025-07-21,1753131600000,2025-07-21 17:00,daily_high,3.5598,1753135200000,2025-07-21 18:00,60.0,3.5327,3.5603,0.7813,0.011400000000000077,0.3202,2571143.9,0.2168,3.5574,-0.0815,0.0146,0.4101
2025-07-22,1753218000000,2025-07-22 17:00,daily_low,3.4609,1753259700000,2025-07-23 04:35,695.0,3.5381,3.4601,-2.2046,0.011200000000000099,0.3236,3217544.2,0.861,3.4525,-0.2196,0.0195,0.5634
2025-07-24,1753390800000,2025-07-24 17:00,daily_low,3.05,1753414200000,2025-07-24 23:30,390.0,3.2251,3.0534,-5.3239,0.044099999999999806,1.4459,18555707.5,4.7554,3.0962,1.4017,0.0047,0.1541
2025-07-28,1753736400000,2025-07-28 17:00,daily_low,3.1609,1753736400000,2025-07-28 17:00,0.0,3.1493,3.1493,0.0,0.015199999999999658,0.4809,1896142.4,0.0,3.1467,-0.0826,0.0323,1.0219
2025-07-29,1753822800000,2025-07-29 17:00,daily_low,3.0762,1753874100000,2025-07-30 07:15,855.0,3.1027,3.073,-0.9572,0.026699999999999946,0.868,7088435.7,3.2878,,,0.0351,1.141
2025-08-01,1754082000000,2025-08-01 17:00,daily_low,2.9279,1754087100000,2025-08-01 18:25,85.0,3.0229,2.9323,-2.9971,0.03770000000000007,1.2876,14674314.8,3.7835,2.9569,0.8389,0.0349,1.192
2025-08-04,1754341200000,2025-08-04 17:00,daily_high,3.0297,1754341200000,2025-08-04 17:00,0.0,3.0551,3.0551,0.0,0.009399999999999853,0.3103,2058713.2,0.0,3.0748,0.6448,0.0469,1.548
2025-08-05,1754427600000,2025-08-05 17:00,daily_low,2.9648,1754427600000,2025-08-05 17:00,0.0,2.9458,2.9458,0.0,0.013100000000000112,0.4419,2552940.8,0.0,2.9189,-0.9132,0.05,1.6865
2025-08-06,1754514000000,2025-08-06 17:00,daily_high,3.0793,1754565000000,2025-08-07 07:10,850.0,2.9996,3.0808,2.707,0.01200000000000001,0.3897,4579260.0,0.1603,,,0.0081,0.263
2025-08-11,1754946000000,2025-08-11 17:00,daily_low,3.1511,1754947200000,2025-08-11 17:20,20.0,3.1619,3.1633,0.0443,0.017600000000000282,0.5585,2295089.5,5.0635,3.1217,-1.3151,0.0355,1.1266
2025-08-13,1755118800000,2025-08-13 17:00,daily_high,3.306,1755133200000,2025-08-13 21:00,240.0,3.264,3.2911,0.8303,0.02400000000000002,0.726,11720377.3,4.1961,3.3323,1.2519,0.0282,0.853
2025-08-14,1755205200000,2025-08-14 17:00,daily_low,3.2012,1755205200000,2025-08-14 17:00,0.0,3.0632,3.0632,0.0,0.013799999999999812,0.4311,2472225.5,0.0,3.0485,-0.4799,0.1734,5.4167
2025-08-22,1755896400000,2025-08-22 17:00,daily_high,2.94,1755896400000,2025-08-22 17:00,0.0,3.0922,3.0922,0.0,0.00649999999999995,0.2211,4159991.4,0.0,3.0837,-0.2749,0.166,5.6463
2025-08-25,1756155600000,2025-08-25 17:00,daily_low,2.972,1756155600000,2025-08-25 17:00,0.0,2.8314,2.8314,0.0,0.026200000000000223,0.8816,12417029.7,0.0,2.8514,0.7064,0.1437,4.8351
2025-08-26,1756242000000,2025-08-26 17:00,daily_high,3.0256,1756242000000,2025-08-26 17:00,0.0,3.026,3.026,0.0,0.01670000000000016,0.552,4336564.7,0.0,3.0219,-0.1355,0.009,0.2975
2025-08-28,1756414800000,2025-08-28 17:00,daily_low,2.9519,1756414800000,2025-08-28 17:00,0.0,2.9489,2.9489,0.0,0.0036000000000000476,0.122,1129316.8,0.0,2.9625,0.4612,0.0063,0.2134
2025-09-02,1756846800000,2025-09-02 17:00,daily_high,2.8381,1756846800000,2025-09-02 17:00,0.0,2.84,2.84,0.0,0.0036000000000000476,0.1268,689379.7,0.0,2.8361,-0.1373,0.0098,0.3453
2025-09-04,1757019600000,2025-09-04 17:00,daily_low,2.8091,1757019600000,2025-09-04 17:00,0.0,2.801,2.801,0.0,0.0032000000000000917,0.1139,721712.8,0.0,2.81,0.3213,0.0101,0.3595
2025-09-15,1757970000000,2025-09-15 17:00,daily_low,3.0082,1757970000000,2025-09-15 17:00,0.0,2.9928,2.9928,0.0,0.005499999999999616,0.1828,641146.4,0.0,2.996,0.1069,0.0196,0.6516
2025-09-17,1758142800000,2025-09-17 17:00,daily_high,3.0577,1758147600000,2025-09-17 18:20,80.0,3.0052,3.0544,1.6372,0.00890000000000013,0.2911,4040502.6,1.5713,3.0847,0.992,0.0491,1.6058
2025-09-19,1758315600000,2025-09-19 17:00,daily_low,3.0434,1758315600000,2025-09-19 17:00,0.0,2.9829,2.9829,0.0,0.0047999999999999154,0.1577,1924918.4,0.0,2.998,0.5062,0.0668,2.1949
2025-09-22,1758574800000,2025-09-22 17:00,daily_low,2.8752,1758574800000,2025-09-22 17:00,0.0,2.8371,2.8371,0.0,0.006600000000000161,0.2295,779325.6,0.0,2.8516,0.5111,0.0471,1.6381
2025-09-24,1758747600000,2025-09-24 17:00,daily_high,2.8959,1758747600000,2025-09-24 17:00,0.0,2.9623,2.9623,0.0,0.007299999999999862,0.2521,1598996.7,0.0,2.9525,-0.3308,0.0789,2.7245
2025-09-25,1758834000000,2025-09-25 17:00,daily_low,2.7871,1758834000000,2025-09-25 17:00,0.0,2.7485,2.7485,0.0,0.007600000000000051,0.2727,2353374.1,0.0,2.7522,0.1346,0.0575,2.0631
2025-09-29,1759179600000,2025-09-29 17:00,daily_high,2.8838,1759179600000,2025-09-29 17:00,0.0,2.9017,2.9017,0.0,0.007200000000000095,0.2497,2099295.9,0.0,2.8926,-0.3136,0.0207,0.7178
2025-09-30,1759266000000,2025-09-30 17:00,daily_high,2.9278,1759310700000,2025-10-01 05:25,745.0,2.8743,2.9274,1.8474,0.006200000000000205,0.2118,4788383.5,0.2793,2.9261,-0.0444,0.0234,0.7992
2025-09-30,1759266000000,2025-09-30 17:00,daily_low,2.8428,1759272900000,2025-09-30 18:55,115.0,2.8743,2.8406,-1.1725,0.006600000000000161,0.2322,1576005.5,0.2599,2.8454,0.169,0.01,0.3518
2025-10-02,1759438800000,2025-10-02 17:00,daily_high,2.9863,1759438800000,2025-10-02 17:00,0.0,3.0564,3.0564,0.0,0.005399999999999849,0.1808,1369245.8,0.0,3.0463,-0.3305,0.0789,2.6421
2025-10-07,1759870800000,2025-10-07 17:00,daily_low,2.961,1759870800000,2025-10-07 17:00,0.0,2.8708,2.8708,0.0,0.007600000000000051,0.2567,1773022.5,0.0,2.8665,-0.1498,0.097,3.2759
2025-10-09,1760043600000,2025-10-09 17:00,daily_low,2.823,1760043600000,2025-10-09 17:00,0.0,2.796,2.796,0.0,0.005300000000000082,0.1877,904864.7,0.0,2.7992,0.1144,0.0379,1.3425
2025-10-13,1760389200000,2025-10-13 17:00,daily_high,2.5822,1760389200000,2025-10-13 17:00,0.0,2.6335,2.6335,0.0,0.013900000000000023,0.5383,3030366.3,0.0,2.6199,-0.5164,0.0587,2.2733
2025-10-14,1760475600000,2025-10-14 17:00,daily_low,2.5318,1760475600000,2025-10-14 17:00,0.0,2.488,2.488,0.0,0.0038999999999997925,0.154,811928.7,0.0,2.5041,0.6471,0.0574,2.2672
2025-10-15,1760562000000,2025-10-15 17:00,daily_low,2.3877,1760562600000,2025-10-15 17:10,10.0,2.3972,2.3915,-0.2378,0.018199999999999772,0.7622,7723512.2,20.4374,2.4084,0.7067,0.0059,0.2471
2025-10-16,1760648400000,2025-10-16 17:00,daily_low,2.374,1760648400000,2025-10-16 17:00,0.0,2.2989,2.2989,0.0,0.00849999999999973,0.358,3336246.8,0.0,2.3196,0.9004,0.0812,3.4204
2025-10-20,1760994000000,2025-10-20 17:00,daily_high,2.4401,1760994000000,2025-10-20 17:00,0.0,2.5191,2.5191,0.0,0.013799999999999812,0.5656,2243420.0,0.0,2.485,-1.3537,0.0809,3.3154
2025-10-21,1761080400000,2025-10-21 17:00,daily_low,2.4258,1761089400000,2025-10-21 19:30,150.0,2.484,2.4262,-2.3269,0.0118999999999998,0.4906,3379927.4,0.6109,2.4136,-0.5193,0.0136,0.5606
2025-10-22,1761166800000,2025-10-22 17:00,daily_low,2.4003,1761166800000,2025-10-22 17:00,0.0,2.3526,2.3526,0.0,0.02110000000000012,0.8791,12155210.6,0.0,2.3464,-0.2635,0.0768,3.1996
2025-10-23,1761253200000,2025-10-23 17:00,daily_high,2.4364,1761282900000,2025-10-24 01:15,495.0,2.3881,2.4338,1.9137,0.007299999999999862,0.2996,1865010.4,0.3782,2.437,0.1315,0.0076,0.3119
2025-10-28,1761685200000,2025-10-28 17:00,daily_low,2.6,1761685200000,2025-10-28 17:00,0.0,2.5966,2.5966,0.0,0.008599999999999941,0.3308,3173121.7,0.0,2.5944,-0.0847,0.0379,1.4577
2025-10-29,1761771600000,2025-10-29 17:00,daily_low,2.5621,1761780900000,2025-10-29 19:35,155.0,2.5907,2.5478,-1.6559,0.02870000000000017,1.1202,13456278.2,13.6255,2.5423,-0.2159,0.035,1.3661
2025-10-30,1761858000000,2025-10-30 17:00,daily_low,2.5271,1761858000000,2025-10-30 17:00,0.0,2.419,2.419,0.0,0.00790000000000024,0.3126,2302557.3,0.0,2.4286,0.3969,0.1209,4.7841
2025-11-04,1762293600000,2025-11-04 17:00,daily_low,2.2616,1762293600000,2025-11-04 17:00,0.0,2.163,2.163,0.0,0.0259999999999998,1.1496,9898596.8,0.0,2.2188,2.5798,0.1069,4.7267
2025-11-05,1762380000000,2025-11-05 17:00,daily_high,2.3413,1762380000000,2025-11-05 17:00,0.0,2.3334,2.3334,0.0,0.009600000000000275,0.41,2938235.9,0.0,2.3467,0.57,0.0186,0.7944
2025-11-06,1762466400000,2025-11-06 17:00,daily_low,2.2037,1762470300000,2025-11-06 18:05,65.0,2.2143,2.2042,-0.4561,0.006800000000000139,0.3086,1584747.0,-0.0547,2.2144,0.4628,0.0065,0.295
2025-11-10,1762812000000,2025-11-10 17:00,daily_high,2.4765,1762812000000,2025-11-10 17:00,0.0,2.5286,2.5286,0.0,0.013200000000000323,0.533,1751110.5,0.0,2.5311,0.0989,0.0631,2.548
2025-11-11,1762898400000,2025-11-11 17:00,daily_low,2.4385,1762898400000,2025-11-11 17:00,0.0,2.3808,2.3808,0.0,0.00890000000000013,0.365,5482177.7,0.0,2.3918,0.462,0.0588,2.4113
2025-11-12,1762984800000,2025-11-12 17:00,daily_high,2.5017,1763005500000,2025-11-12 22:45,345.0,2.3831,2.5037,5.0606,0.0389999999999997,1.5589,14076965.3,3.674,2.4741,-1.1823,0.0094,0.3757
2025-11-12,1762984800000,2025-11-12 17:00,daily_low,2.3779,1762985100000,2025-11-12 17:05,5.0,2.3831,2.3726,-0.4406,0.014499999999999957,0.6098,3430363.2,0.0,2.3679,-0.1981,0.0163,0.6855
2025-11-13,1763071200000,2025-11-13 17:00,daily_low,2.3146,1763071200000,2025-11-13 17:00,0.0,2.2874,2.2874,0.0,0.008399999999999963,0.3629,2659914.3,0.0,2.3121,1.0798,0.0302,1.3048
2025-11-19,1763589600000,2025-11-19 17:00,daily_low,2.1236,1763589600000,2025-11-19 17:00,0.0,2.0834,2.0834,0.0,0.013500000000000068,0.6357,5219181.5,0.0,2.097,0.6528,0.0544,2.5617
2025-11-21,1763762400000,2025-11-21 17:00,daily_low,1.9559,1763762400000,2025-11-21 17:00,0.0,1.9594,1.9594,0.0,0.009300000000000086,0.4755,1985767.2,0.0,1.9115,-2.4446,0.0496,2.5359
2025-11-24,1764021600000,2025-11-24 17:00,daily_high,2.1068,1764021600000,2025-11-24 17:00,0.0,2.2514,2.2514,0.0,0.011499999999999844,0.5459,2517089.1,0.0,2.2436,-0.3465,0.1506,7.1483
2025-11-28,1764367200000,2025-11-28 17:00,daily_low,2.1645,1764397800000,2025-11-29 01:30,510.0,2.1788,2.1682,-0.4865,0.010600000000000165,0.4897,4598512.3,4.4592,2.181,0.5904,-0.0017,-0.0785
2025-12-01,1764626400000,2025-12-01 17:00,daily_low,2.0272,1764626400000,2025-12-01 17:00,0.0,2.0276,2.0276,0.0,0.006700000000000372,0.3305,4703985.1,0.0,2.0388,0.5524,0.0108,0.5328
2025-12-02,1764712800000,2025-12-02 17:00,daily_high,2.0592,1764712800000,2025-12-02 17:00,0.0,2.1717,2.1717,0.0,0.006999999999999673,0.3399,1627294.3,0.0,2.1684,-0.152,0.1133,5.5021
2025-12-03,1764799200000,2025-12-03 17:00,daily_high,2.1988,1764799200000,2025-12-03 17:00,0.0,2.2016,2.2016,0.0,0.01470000000000038,0.6685,5078188.6,0.0,2.2049,0.1499,0.0147,0.6685
2025-12-04,1764885600000,2025-12-04 17:00,daily_low,2.1409,1764885600000,2025-12-04 17:00,0.0,2.0943,2.0943,0.0,0.007600000000000051,0.355,1686007.3,0.0,2.0968,0.1194,0.049,2.2888
2025-12-05,1764972000000,2025-12-05 17:00,daily_low,2.0679,1764972000000,2025-12-05 17:00,0.0,2.0233,2.0233,0.0,0.005300000000000082,0.2563,1284656.7,0.0,2.0238,0.0247,0.0495,2.3937
2025-12-10,1765404000000,2025-12-10 17:00,daily_low,2.0398,1765404600000,2025-12-10 17:10,10.0,2.0489,2.0425,-0.3124,0.016100000000000225,0.7893,3500379.3,10.7687,2.0488,0.3084,0.0069,0.3383
2025-12-19,1766181600000,2025-12-19 17:00,daily_high,1.9333,1766219700000,2025-12-20 03:35,635.0,1.9063,1.9379,1.6577,0.008099999999999996,0.419,5385209.0,4.0278,1.9486,0.5521,0.0244,1.2621
2025-12-22,1766440800000,2025-12-22 17:00,daily_low,1.8937,1766440800000,2025-12-22 17:00,0.0,1.8937,1.8937,0.0,0.0045999999999999375,0.2429,1631778.6,0.0,1.9031,0.4964,0.0015,0.0792
2025-12-23,1766527200000,2025-12-23 17:00,daily_low,1.883,1766527200000,2025-12-23 17:00,0.0,1.8817,1.8817,0.0,0.0025000000000001688,0.1328,851587.9,0.0,1.8777,-0.2126,0.0085,0.4514
2025-12-25,1766700000000,2025-12-25 17:00,daily_high,1.8768,1766715900000,2025-12-25 21:25,265.0,1.8625,1.8705,0.4295,0.009199999999999875,0.4902,6289974.3,1.0731,1.8622,-0.4437,0.0035,0.1865
2025-12-25,1766700000000,2025-12-25 17:00,daily_low,1.836,1766705400000,2025-12-25 18:30,90.0,1.8625,1.835,-1.4765,0.010599999999999943,0.5773,6303992.0,1.8412,1.8317,-0.1798,0.0126,0.6863
2025-12-29,1767045600000,2025-12-29 17:00,daily_low,1.8517,1767045600000,2025-12-29 17:00,0.0,1.8494,1.8494,0.0,0.0035000000000000586,0.189,879256.6,0.0,1.851,0.0865,0.0077,0.4158
2025-12-31,1767218400000,2025-12-31 17:00,daily_low,1.8528,1767218400000,2025-12-31 17:00,0.0,1.839,1.839,0.0,0.0021999999999999797,0.1187,982120.0,0.0,1.8398,0.0435,0.0169,0.9121
2026-01-01,1767304800000,2026-01-01 17:00,daily_high,1.8824,1767323400000,2026-01-01 22:10,310.0,1.8713,1.8825,0.5985,0.0052000000000000934,0.2762,1471422.1,1.2272,1.8835,0.0531,0.0097,0.5153
2026-01-07,1767823200000,2026-01-07 17:00,daily_low,2.2035,1767823200000,2026-01-07 17:00,0.0,2.1738,2.1738,0.0,0.006099999999999994,0.2768,3269131.0,0.0,2.1521,-0.9983,0.0522,2.369
2026-01-08,1767909600000,2026-01-08 17:00,daily_low,2.1437,1767909600000,2026-01-08 17:00,0.0,2.1397,2.1397,0.0,0.009699999999999598,0.4525,2409367.4,0.0,2.1302,-0.444,0.0235,1.0962
2026-01-13,1768341600000,2026-01-13 17:00,daily_high,2.1079,1768341600000,2026-01-13 17:00,0.0,2.1211,2.1211,0.0,0.0037000000000002586,0.1755,1726466.9,0.0,2.1801,2.7816,0.0761,3.6102
2026-01-15,1768514400000,2026-01-15 17:00,daily_low,2.0809,1768514400000,2026-01-15 17:00,0.0,2.0732,2.0732,0.0,0.0032999999999998586,0.1586,900182.2,0.0,2.0727,-0.0241,0.0144,0.692
2026-01-20,1768946400000,2026-01-20 17:00,daily_low,1.9518,1768946400000,2026-01-20 17:00,0.0,1.8927,1.8927,0.0,0.0052000000000000934,0.2664,905971.5,0.0,1.8864,-0.3329,0.0841,4.3088
2026-01-21,1769032800000,2026-01-21 17:00,daily_high,1.9683,1769032800000,2026-01-21 17:00,0.0,1.9762,1.9762,0.0,0.0039000000000000146,0.1981,1066159.1,0.0,1.9652,-0.5566,0.0206,1.0466
2026-01-26,1769464800000,2026-01-26 17:00,daily_high,1.9115,1769470500000,2026-01-26 18:35,95.0,1.8983,1.9103,0.6321,0.0032999999999998586,0.1726,2182799.9,2.5944,1.8984,-0.6229,-0.0011,-0.0575
2026-01-28,1769637600000,2026-01-28 17:00,daily_low,1.8729,1769653800000,2026-01-28 21:30,270.0,1.913,1.8802,-1.7146,0.019299999999999873,1.0305,16299263.6,14.3601,1.8704,-0.5212,0.0041,0.2189
2026-02-06,1770415200000,2026-02-06 17:00,daily_high,1.4582,1770415200000,2026-02-06 17:00,0.0,1.4586,1.4586,0.0,0.007800000000000029,0.5349,3723308.3,0.0,1.4915,2.2556,0.0367,2.5168
2026-02-09,1770674400000,2026-02-09 17:00,daily_low,1.4087,1770723600000,2026-02-10 06:40,820.0,1.4488,1.41,-2.6781,0.008399999999999963,0.5963,6007680.7,2.4357,1.407,-0.2128,0.0048,0.3407
2026-02-10,1770760800000,2026-02-10 17:00,daily_low,1.3721,1770789900000,2026-02-11 01:05,485.0,1.3967,1.368,-2.0548,0.009200000000000097,0.6705,9555454.0,2.3083,1.3612,-0.4971,0.0149,1.0859
2026-02-11,1770847200000,2026-02-11 17:00,daily_low,1.3792,1770847500000,2026-02-11 17:05,5.0,1.3827,1.3778,-0.3544,0.006399999999999961,0.464,2635881.8,0.0,1.3685,-0.675,0.0125,0.9063
2026-02-13,1771020000000,2026-02-13 17:00,daily_high,1.4075,1771020000000,2026-02-13 17:00,0.0,1.4066,1.4066,0.0,0.0035000000000000586,0.2487,793213.5,0.0,1.4032,-0.2417,0.0018,0.1279
2026-02-18,1771452000000,2026-02-18 17:00,daily_low,1.4261,1771452000000,2026-02-18 17:00,0.0,1.4201,1.4201,0.0,0.0023000000000001908,0.1613,867261.2,0.0,1.4152,-0.345,0.0117,0.8204
2026-02-19,1771538400000,2026-02-19 17:00,daily_low,1.4093,1771538400000,2026-02-19 17:00,0.0,1.4037,1.4037,0.0,0.0042999999999999705,0.3051,1331782.8,0.0,1.4013,-0.171,0.015,1.0644
2026-02-20,1771624800000,2026-02-20 17:00,daily_high,1.4384,1771665600000,2026-02-21 04:20,680.0,1.4203,1.4415,1.4926,0.00670000000000015,0.4658,4199732.4,8.5479,1.4415,0.0,0.0071,0.4936
2026-02-25,1772056800000,2026-02-25 17:00,daily_high,1.3997,1772056800000,2026-02-25 17:00,0.0,1.4832,1.4832,0.0,0.009400000000000075,0.6716,4240219.3,0.0,1.4511,-2.1642,0.0876,6.2585
