stream,sym,side,entry_ts_utc,exit_ts_utc,year,entry_price,stop_init,tp_price,risk,tp_r,managed_r,baseline_r,saved_r,managed_reason,bars_5m,duration_h,mfe_r
S2,PAXGUSDT,-1,2025-03-30T20:00:00+00:00,2025-03-31T03:45:00+00:00,2025,3117.11,3130.17830233,3077.905093,13.06830233,3.0,-1.071557,-1.071557,0.0,SL,94,7.75,0.9267
S2,PAXGUSDT,-1,2025-04-02T22:00:00+00:00,2025-04-02T23:00:00+00:00,2025,3138.66,3156.92998029,3083.85005913,18.26998029,3.0,-1.051538,-1.051538,0.0,SL,13,1.0,0.1199
S2,PAXGUSDT,-1,2025-04-03T03:00:00+00:00,2025-04-03T11:35:00+00:00,2025,3167.8,3190.65317219,3099.24048344,22.85317219,3.0,2.958415,2.958415,0.0,TP,104,8.58,3.1654
S2,PAXGUSDT,-1,2025-04-03T11:00:00+00:00,2025-04-03T14:45:00+00:00,2025,3109.52,3134.41708988,3034.82873036,24.89708988,3.0,-1.037468,-1.037468,0.0,SL,46,3.75,1.3455
S4,PAXGUSDT,1,2025-04-03T19:00:00+00:00,2025-04-04T14:00:00+00:00,2025,3124.63,3085.23001637,3892.92968083,39.39998363,19.5,-1.023792,-1.023792,0.0,SL,229,19.0,0.5675
S2,PAXGUSDT,-1,2025-04-04T13:00:00+00:00,2025-04-06T23:20:00+00:00,2025,3089.28,3115.56941685,3010.41174945,26.28941685,3.0,2.964747,2.964747,0.0,TP,701,58.33,3.396
S4,PAXGUSDT,1,2025-04-07T05:00:00+00:00,2025-04-07T13:40:00+00:00,2025,3057.07,3022.53985197,3730.40788659,34.53014803,19.5,-1.02656,-1.02656,0.0,SL,105,8.67,0.2131
S2,PAXGUSDT,-1,2025-04-14T13:00:00+00:00,2025-04-15T04:50:00+00:00,2025,3224.95,3246.22863258,3161.11410225,21.27863258,3.0,-1.045467,-1.045467,0.0,SL,191,15.83,0.6941
S2,PAXGUSDT,-1,2025-04-17T02:00:00+00:00,2025-04-21T00:00:00+00:00,2025,3347.98,3369.58654264,3283.16037209,21.60654264,3.0,-1.046486,-1.046486,0.0,SL,1129,94.0,1.8966
S1,PAXGUSDT,1,2025-04-21T02:00:00+00:00,2025-04-22T21:25:00+00:00,2025,3396.36,3382.53822512,3562.22129862,13.82177488,12.0,-1.073718,-1.073718,0.0,SL,522,43.42,9.1269
S1,PAXGUSDT,1,2025-04-21T06:00:00+00:00,2025-04-22T19:30:00+00:00,2025,3407.6,3390.64850863,3611.01789644,16.95149137,12.0,-1.060306,-1.060306,0.0,SL,451,37.5,6.7788
S1,PAXGUSDT,1,2025-04-21T07:00:00+00:00,2025-04-22T16:35:00+00:00,2025,3416.84,3399.4464723,3625.56233241,17.3935277,12.0,-1.058933,-1.058933,0.0,SL,404,33.58,6.0752
S2,PAXGUSDT,-1,2025-04-22T09:00:00+00:00,2025-04-22T10:05:00+00:00,2025,3458.77,3485.95311938,3377.22064187,27.18311938,3.0,-1.038172,-1.038172,0.0,SL,14,1.08,0.0434
S3,PAXGUSDT,-1,2025-04-22T09:00:00+00:00,2025-04-23T13:40:00+00:00,2025,3458.77,3499.95831194,3304.73232354,36.24415917,4.25,4.221371,4.221371,0.0,TP,345,28.67,4.3806
S2,PAXGUSDT,-1,2025-05-05T04:00:00+00:00,2025-05-05T08:25:00+00:00,2025,3270.95,3282.6535611,3235.83931671,11.7035611,3.0,-1.083845,-1.083845,0.0,SL,54,4.42,0.0555
S1,PAXGUSDT,1,2025-05-05T09:00:00+00:00,2025-05-11T22:45:00+00:00,2025,3296.8,3279.25809911,3507.30281073,17.54190089,12.0,-1.056382,-1.056382,0.0,SL,1894,157.75,8.7334
S1,PAXGUSDT,1,2025-05-05T10:00:00+00:00,2025-05-09T01:35:00+00:00,2025,3317.29,3298.0725206,3547.89975282,19.2174794,12.0,-1.051786,-1.051786,0.0,SL,1052,87.58,6.9057
S1,PAXGUSDT,1,2025-05-05T13:00:00+00:00,2025-05-08T16:20:00+00:00,2025,3334.81,3314.93435778,3573.31770661,19.87564222,12.0,-1.050335,-1.050335,0.0,SL,905,75.33,5.7955
S1,PAXGUSDT,1,2025-05-06T02:00:00+00:00,2025-05-06T05:45:00+00:00,2025,3389.01,3362.39857544,3708.3470947,26.61142456,12.0,-1.038206,-1.038206,0.0,SL,46,3.75,0.2954
S2,PAXGUSDT,-1,2025-05-06T23:00:00+00:00,2025-05-08T02:00:00+00:00,2025,3390.5,3416.24220193,3313.27339421,25.74220193,3.0,-1.039513,-1.039513,0.0,SL,325,27.0,1.0531
S1,PAXGUSDT,1,2025-05-15T07:00:00+00:00,2025-09-01T06:35:00+00:00,2025,3168.95,3141.39959706,3499.55483528,27.55040294,12.0,11.965493,11.965493,0.0,TP,31388,2615.58,12.0528
S4,PAXGUSDT,1,2025-05-15T16:00:00+00:00,2025-05-16T10:45:00+00:00,2025,3231.54,3202.8241278,3791.49950782,28.7158722,19.5,-1.03376,-1.03376,0.0,SL,226,18.75,0.996
S2,PAXGUSDT,-1,2025-05-16T11:00:00+00:00,2025-05-16T17:55:00+00:00,2025,3185.45,3209.28645387,3113.94063838,23.83645387,3.0,-1.040091,-1.040091,0.0,SL,84,6.92,0.8579
S2,PAXGUSDT,-1,2025-05-19T02:00:00+00:00,2025-05-19T08:10:00+00:00,2025,3232.01,3249.41986602,3179.78040194,17.40986602,3.0,-1.055693,-1.055693,0.0,SL,75,6.17,0.5451
S2,PAXGUSDT,-1,2025-05-19T04:00:00+00:00,2025-05-19T05:55:00+00:00,2025,3225.36,3243.00024162,3172.43927514,17.64024162,3.0,-1.054852,-1.054852,0.0,SL,24,1.92,0.161
S1,PAXGUSDT,1,2025-05-20T15:00:00+00:00,2025-05-28T23:35:00+00:00,2025,3295.71,3270.74638625,3595.27336505,24.96361375,12.0,-1.039606,-1.039606,0.0,SL,2408,200.58,3.2315
S2,PAXGUSDT,-1,2025-05-27T08:00:00+00:00,2025-05-28T00:35:00+00:00,2025,3311.21,3325.05291279,3269.68126163,13.84291279,3.0,-1.07176,-1.07176,0.0,SL,200,16.58,0.8098
S1,PAXGUSDT,1,2025-06-02T06:00:00+00:00,2025-06-09T00:45:00+00:00,2025,3335.24,3321.14495565,3504.38053222,14.09504435,12.0,-1.070988,-1.070988,0.0,SL,1954,162.75,5.7112
S1,PAXGUSDT,1,2025-06-02T07:00:00+00:00,2025-06-06T14:20:00+00:00,2025,3355.66,3339.60603024,3548.30763706,16.05396976,12.0,-1.062707,-1.062707,0.0,SL,1241,103.33,3.7424
S2,PAXGUSDT,-1,2025-06-04T16:00:00+00:00,2025-06-05T09:20:00+00:00,2025,3381.18,3397.55686341,3332.04940978,16.37686341,3.0,-1.061938,-1.061938,0.0,SL,209,17.33,0.5569
S2,PAXGUSDT,-1,2025-06-05T15:00:00+00:00,2025-06-06T19:55:00+00:00,2025,3382.85,3399.78781777,3332.0365467,16.93781777,3.0,2.940083,2.940083,0.0,TP,348,28.92,3.0258
S2,PAXGUSDT,-1,2025-06-05T16:00:00+00:00,2025-06-05T22:25:00+00:00,2025,3362.4,3381.36047364,3305.51857908,18.96047364,3.0,-1.053201,-1.053201,0.0,SL,78,6.42,0.337
S2,PAXGUSDT,-1,2025-06-06T17:00:00+00:00,2025-06-10T13:25:00+00:00,2025,3339.87,3357.61417864,3286.63746408,17.74417864,3.0,-1.056467,-1.056467,0.0,SL,1110,92.42,1.4574
S2,PAXGUSDT,-1,2025-06-09T02:00:00+00:00,2025-06-09T03:05:00+00:00,2025,3317.4,3326.71113718,3289.46658847,9.31113718,3.0,-1.106885,-1.106885,0.0,SL,14,1.08,0.3641
S3,PAXGUSDT,-1,2025-06-09T02:00:00+00:00,2025-06-09T03:45:00+00:00,2025,3317.4,3329.18111372,3264.63688934,12.41484957,4.25,-1.029117,-1.029117,0.0,SL,22,1.75,0.2731
S2,PAXGUSDT,-1,2025-06-09T09:00:00+00:00,2025-06-09T16:20:00+00:00,2025,3340.23,3350.52083271,3309.35750188,10.29083271,3.0,-1.097375,-1.097375,0.0,SL,89,7.33,0.8716
S2,PAXGUSDT,-1,2025-06-10T15:00:00+00:00,2025-06-11T07:50:00+00:00,2025,3343.61,3357.212271,3302.80318701,13.602271,3.0,-1.073744,-1.073744,0.0,SL,203,16.83,0.9146
S2,PAXGUSDT,-1,2025-06-11T14:00:00+00:00,2025-06-11T18:25:00+00:00,2025,3343.06,3357.56650516,3299.54048453,14.50650516,3.0,-1.069136,-1.069136,0.0,SL,54,4.42,0.5508
S2,PAXGUSDT,-1,2025-06-12T08:00:00+00:00,2025-06-12T09:10:00+00:00,2025,3362.03,3379.46166329,3309.73501013,17.43166329,3.0,-1.057861,-1.057861,0.0,SL,15,1.17,0.0017
S1,PAXGUSDT,1,2025-06-22T15:00:00+00:00,2025-06-22T22:00:00+00:00,2025,3447.14,3427.69443352,3680.4867978,19.44556648,12.0,-1.053181,-1.053181,0.0,SL,85,7.0,0.5328
S2,PAXGUSDT,-1,2025-06-22T23:00:00+00:00,2025-06-24T06:10:00+00:00,2025,3412.54,3433.65494378,3349.19516865,21.11494378,3.0,2.951515,2.951515,0.0,TP,375,31.17,3.0111
S2,PAXGUSDT,-1,2025-06-23T00:00:00+00:00,2025-06-24T12:10:00+00:00,2025,3401.0,3422.18601923,3337.44194232,21.18601923,3.0,2.951841,2.951841,0.0,TP,435,36.17,3.1053
S3,PAXGUSDT,-1,2025-06-23T00:00:00+00:00,2025-06-27T13:00:00+00:00,2025,3401.0,3416.70860192,3280.94589105,28.24802564,4.25,4.213881,4.213881,0.0,TP,1309,109.0,4.3426
S2,PAXGUSDT,-1,2025-06-23T23:00:00+00:00,2025-06-27T03:45:00+00:00,2025,3376.0,3397.60413838,3311.18758486,21.60413838,3.0,2.95312,2.95312,0.0,TP,922,76.75,3.0434
S1,PAXGUSDT,1,2025-07-01T11:00:00+00:00,2025-07-01T18:25:00+00:00,2025,3354.0,3340.60630676,3514.72431892,13.39369324,12.0,-1.075125,-1.075125,0.0,SL,90,7.42,0.6391
S2,PAXGUSDT,-1,2025-07-03T15:00:00+00:00,2025-07-04T04:20:00+00:00,2025,3328.33,3342.95638146,3284.45085561,14.62638146,3.0,-1.068267,-1.068267,0.0,SL,161,13.33,0.1032
S2,PAXGUSDT,-1,2025-07-14T02:00:00+00:00,2025-07-14T06:40:00+00:00,2025,3344.89,3354.04123802,3317.43628595,9.15123802,3.0,-1.109654,-1.109654,0.0,SL,57,4.67,0.1967
S2,PAXGUSDT,-1,2025-07-14T15:00:00+00:00,2025-07-15T04:20:00+00:00,2025,3351.73,3363.24910765,3317.17267704,11.51910765,3.0,-1.087291,-1.087291,0.0,SL,161,13.33,0.5842
S2,PAXGUSDT,-1,2025-07-15T16:00:00+00:00,2025-07-16T06:15:00+00:00,2025,3337.31,3349.91291544,3299.50125368,12.60291544,3.0,-1.079441,-1.079441,0.0,SL,172,14.25,0.6578
S2,PAXGUSDT,-1,2025-07-21T08:00:00+00:00,2025-07-21T11:25:00+00:00,2025,3368.4,3375.04320204,3348.47039387,6.64320204,3.0,-1.152113,-1.152113,0.0,SL,42,3.42,0.4817
S1,PAXGUSDT,1,2025-07-21T12:00:00+00:00,2025-07-24T09:15:00+00:00,2025,3377.02,3367.94966495,3485.86402062,9.07033505,12.0,-1.111694,-1.111694,0.0,SL,832,69.25,6.4805
S1,PAXGUSDT,1,2025-07-21T13:00:00+00:00,2025-07-24T05:40:00+00:00,2025,3387.78,3377.50897459,3511.03230487,10.27102541,12.0,-1.098952,-1.098952,0.0,SL,777,64.67,4.6753
S1,PAXGUSDT,1,2025-07-21T15:00:00+00:00,2025-07-22T02:00:00+00:00,2025,3400.2,3388.13130973,3545.02428328,12.06869027,12.0,-1.084521,-1.084521,0.0,SL,133,11.0,0.232
S2,PAXGUSDT,-1,2025-07-22T02:00:00+00:00,2025-07-22T12:20:00+00:00,2025,3389.2,3397.71814707,3363.64555878,8.51814707,3.0,-1.119364,-1.119364,0.0,SL,125,10.33,0.398
S1,PAXGUSDT,1,2025-07-22T15:00:00+00:00,2025-07-23T13:20:00+00:00,2025,3425.8,3411.89146764,3592.70238836,13.90853236,12.0,-1.073893,-1.073893,0.0,SL,269,22.33,0.719
S2,PAXGUSDT,-1,2025-07-28T05:00:00+00:00,2025-07-28T13:50:00+00:00,2025,3345.7,3353.02856527,3323.71430418,7.32856527,3.0,2.863041,2.863041,0.0,TP,107,8.83,4.709
S1,PAXGUSDT,1,2025-08-01T13:00:00+00:00,2025-08-17T23:15:00+00:00,2025,3341.0,3322.57106758,3562.14718907,18.42893242,12.0,-1.054387,-1.054387,0.0,SL,4732,394.25,2.9302
S2,PAXGUSDT,-1,2025-08-04T15:00:00+00:00,2025-08-05T14:45:00+00:00,2025,3374.11,3384.17456621,3343.91630138,10.06456621,3.0,-1.100574,-1.100574,0.0,SL,286,23.75,2.1849
S2,PAXGUSDT,-1,2025-08-04T22:00:00+00:00,2025-08-04T23:10:00+00:00,2025,3370.33,3379.15235344,3343.86293969,8.82235344,3.0,-1.114606,-1.114606,0.0,SL,15,1.17,0.0
S4,PAXGUSDT,1,2025-08-05T13:00:00+00:00,2025-08-11T07:35:00+00:00,2025,3366.8,3353.90193745,3618.31221975,12.89806255,19.5,-1.078309,-1.078309,0.0,SL,1664,138.58,2.1864
S2,PAXGUSDT,-1,2025-08-07T11:00:00+00:00,2025-08-07T12:30:00+00:00,2025,3372.51,3383.26624547,3340.2412636,10.75624547,3.0,-1.094062,-1.094062,0.0,SL,19,1.5,0.0093
S2,PAXGUSDT,-1,2025-08-08T11:00:00+00:00,2025-08-11T11:30:00+00:00,2025,3380.79,3392.66719321,3345.15842036,11.87719321,3.0,2.914606,2.914606,0.0,TP,871,72.5,3.0125
S2,PAXGUSDT,-1,2025-08-18T03:00:00+00:00,2025-08-18T03:35:00+00:00,2025,3333.79,3338.57635716,3319.43092853,4.78635716,3.0,-1.208956,-1.208956,0.0,SL,8,0.58,0.0125
S1,PAXGUSDT,1,2025-08-18T05:00:00+00:00,2025-08-18T05:30:00+00:00,2025,3349.2,3341.14823565,3445.82117222,8.05176435,12.0,-1.124788,-1.124788,0.0,SL,7,0.5,0.1739
S2,PAXGUSDT,-1,2025-08-19T15:00:00+00:00,2025-08-20T12:30:00+00:00,2025,3320.23,3328.47913893,3295.48258321,8.24913893,3.0,-1.120748,-1.120748,0.0,SL,259,21.5,2.0814
S2,PAXGUSDT,-1,2025-08-19T17:00:00+00:00,2025-08-20T12:00:00+00:00,2025,3315.0,3323.16522693,3290.5043192,8.16522693,3.0,-1.121797,-1.121797,0.0,SL,229,19.0,1.4623
S2,PAXGUSDT,-1,2025-08-20T16:00:00+00:00,2025-08-20T19:55:00+00:00,2025,3328.9,3336.80022875,3305.19931374,7.90022875,3.0,-1.12641,-1.12641,0.0,SL,48,3.92,0.0
S1,PAXGUSDT,1,2025-08-22T15:00:00+00:00,2025-08-25T21:00:00+00:00,2025,3358.92,3345.72906347,3517.21123833,13.19093653,12.0,-1.076392,-1.076392,0.0,SL,937,78.0,0.4996
S2,PAXGUSDT,-1,2025-08-22T16:00:00+00:00,2025-08-22T20:05:00+00:00,2025,3351.16,3361.73297365,3319.44107904,10.57297365,3.0,-1.095087,-1.095087,0.0,SL,50,4.08,0.0255
S2,PAXGUSDT,-1,2025-08-25T20:00:00+00:00,2025-08-25T21:15:00+00:00,2025,3353.04,3358.22755281,3337.47734158,5.18755281,3.0,2.806091,2.806091,0.0,TP,16,1.25,3.0033
S2,PAXGUSDT,-1,2025-08-25T21:00:00+00:00,2025-08-26T00:15:00+00:00,2025,3348.18,3353.62272761,3331.85181718,5.44272761,3.0,-1.18455,-1.18455,0.0,SL,40,3.25,2.6016
S3,PAXGUSDT,-1,2025-08-25T21:00:00+00:00,2025-08-26T00:15:00+00:00,2025,3348.18,3354.53427276,3317.33787689,7.25697014,4.25,-1.014022,-1.014022,0.0,SL,40,3.25,1.9512
S1,PAXGUSDT,1,2025-08-29T15:00:00+00:00,2025-09-05T14:05:00+00:00,2025,3442.79,3429.87083686,3597.81995763,12.91916314,12.0,11.920054,11.920054,0.0,TP,2006,167.08,12.1068
S1,PAXGUSDT,1,2025-08-29T16:00:00+00:00,2025-09-06T15:40:00+00:00,2025,3449.21,3435.7850628,3610.30924637,13.4249372,12.0,11.922922,11.922922,0.0,TP,2301,191.67,12.044
S1,PAXGUSDT,1,2025-08-29T17:00:00+00:00,2025-09-06T16:15:00+00:00,2025,3453.6,3440.14684403,3615.03787163,13.45315597,12.0,11.922986,11.922986,0.0,TP,2296,191.25,12.1949
S1,PAXGUSDT,1,2025-09-01T03:00:00+00:00,2025-09-01T12:35:00+00:00,2025,3494.01,3479.66458017,3666.15503801,14.34541983,12.0,-1.073069,-1.073069,0.0,SL,116,9.58,0.5577
S2,PAXGUSDT,-1,2025-09-02T03:00:00+00:00,2025-09-02T15:50:00+00:00,2025,3517.98,3531.53839169,3477.30482493,13.55839169,3.0,-1.077841,-1.077841,0.0,SL,155,12.83,2.4324
S2,PAXGUSDT,-1,2025-09-02T07:00:00+00:00,2025-09-02T14:20:00+00:00,2025,3497.99,3512.00628827,3455.9411352,14.01628827,3.0,-1.07487,-1.07487,0.0,SL,89,7.33,0.9268
S2,PAXGUSDT,-1,2025-09-09T22:00:00+00:00,2025-09-09T23:20:00+00:00,2025,3632.01,3647.89305865,3584.36082406,15.88305865,3.0,-1.068602,-1.068602,0.0,SL,17,1.33,0.0006
S4,PAXGUSDT,1,2025-09-15T02:00:00+00:00,2025-09-18T06:00:00+00:00,2025,3641.5,3631.48052782,3836.8797076,10.01947218,19.5,0.890967,19.390967,-18.5,BE,913,76.0,6.8417
S1,PAXGUSDT,1,2025-09-15T16:00:00+00:00,2025-09-17T18:40:00+00:00,2025,3685.45,3668.14470265,3893.11356817,17.30529735,12.0,-1.06389,-1.06389,0.0,SL,609,50.67,1.4215
S1,PAXGUSDT,1,2025-09-16T07:00:00+00:00,2025-09-17T01:35:00+00:00,2025,3702.51,3687.34677449,3884.46870616,15.16322551,12.0,-1.073253,-1.073253,0.0,SL,224,18.58,0.4973
S2,PAXGUSDT,-1,2025-09-16T15:00:00+00:00,2025-09-17T18:50:00+00:00,2025,3696.18,3709.08285323,3657.47144032,12.90285323,3.0,2.914061,2.914061,0.0,TP,335,27.83,3.1915
S4,PAXGUSDT,1,2025-09-18T09:00:00+00:00,2025-09-18T13:40:00+00:00,2025,3665.0,3641.95898411,4114.29980984,23.04101589,19.5,-1.047719,-1.047719,0.0,SL,57,4.67,0.3559
S1,PAXGUSDT,1,2025-09-22T11:00:00+00:00,2025-09-22T12:20:00+00:00,2025,3735.72,3722.61532128,3892.97614469,13.10467872,12.0,-1.08552,-1.08552,0.0,SL,17,1.33,0.1595
S2,PAXGUSDT,-1,2025-09-23T03:00:00+00:00,2025-09-23T05:35:00+00:00,2025,3749.5,3762.73531636,3709.79405092,13.23531636,3.0,-1.084989,-1.084989,0.0,SL,32,2.58,0.1247
S1,PAXGUSDT,1,2025-09-23T09:00:00+00:00,2025-09-23T19:15:00+00:00,2025,3782.03,3762.47152081,4016.73175027,19.55847919,12.0,-1.058011,-1.058011,0.0,SL,124,10.25,0.8513
S1,PAXGUSDT,1,2025-09-29T06:00:00+00:00,2025-10-08T04:00:00+00:00,2025,3822.31,3805.29725139,4026.46298329,17.01274861,12.0,11.932598,11.932598,0.0,TP,2569,214.0,12.0903
S1,PAXGUSDT,1,2025-09-29T09:00:00+00:00,2025-09-30T09:45:00+00:00,2025,3827.01,3808.21574756,4052.54102926,18.79425244,12.0,-1.061088,-1.061088,0.0,SL,298,24.75,2.8727
S2,PAXGUSDT,-1,2025-09-29T13:00:00+00:00,2025-09-29T15:55:00+00:00,2025,3823.37,3839.56383233,3774.788503,16.19383233,3.0,-1.07083,-1.07083,0.0,SL,36,2.92,0.189
S1,PAXGUSDT,1,2025-09-30T04:00:00+00:00,2025-09-30T07:50:00+00:00,2025,3876.45,3854.04341807,4145.32898317,22.40658193,12.0,-1.051901,-1.051901,0.0,SL,47,3.83,0.2031
S1,PAXGUSDT,1,2025-10-06T02:00:00+00:00,2025-10-10T21:15:00+00:00,2025,3923.14,3908.85094231,4094.60869222,14.28905769,12.0,-1.082367,-1.082367,0.0,SL,1384,115.25,10.6599
S1,PAXGUSDT,1,2025-10-06T04:00:00+00:00,2025-10-10T21:15:00+00:00,2025,3937.58,3922.01708802,4124.3349438,15.56291198,12.0,-1.075903,-1.075903,0.0,SL,1360,113.25,8.8595
S1,PAXGUSDT,1,2025-10-06T05:00:00+00:00,2025-10-06T06:05:00+00:00,2025,3944.61,3928.39872459,4139.14530496,16.21127541,12.0,-1.072998,-1.072998,0.0,SL,14,1.08,0.3325
S1,PAXGUSDT,1,2025-10-06T15:00:00+00:00,2025-10-10T21:15:00+00:00,2025,3964.28,3942.03843778,4231.17874665,22.24156222,12.0,-1.053471,-1.053471,0.0,SL,1228,102.25,4.9987
S2,PAXGUSDT,-1,2025-10-07T16:00:00+00:00,2025-10-07T17:35:00+00:00,2025,3978.99,3998.01396286,3921.91811143,19.02396286,3.0,-1.062747,-1.062747,0.0,SL,20,1.58,0.1877
S2,PAXGUSDT,-1,2025-10-09T14:00:00+00:00,2025-10-09T17:15:00+00:00,2025,4037.09,4060.87823016,3965.72530951,23.78823016,3.0,2.949087,2.949087,0.0,TP,40,3.25,3.2302
S2,PAXGUSDT,-1,2025-10-09T17:00:00+00:00,2025-10-10T09:40:00+00:00,2025,3981.65,4011.85770287,3891.0268914,30.20770287,3.0,-1.039543,-1.039543,0.0,SL,201,16.67,0.8607
S2,PAXGUSDT,-1,2025-10-10T02:00:00+00:00,2025-10-10T09:40:00+00:00,2025,3983.6,4012.01754734,3898.34735797,28.41754734,3.0,-1.042054,-1.042054,0.0,SL,93,7.67,0.9835
S4,PAXGUSDT,1,2025-10-11T03:00:00+00:00,2025-10-21T14:20:00+00:00,2025,3984.93,3813.02371088,7337.10263781,171.90628912,19.5,0.993046,0.993046,0.0,BE,3017,251.33,6.5229
S2,PAXGUSDT,-1,2025-10-14T06:00:00+00:00,2025-10-14T08:25:00+00:00,2025,4129.03,4159.08323649,4038.87029052,30.05323649,3.0,-1.041217,-1.041217,0.0,SL,30,2.42,0.9327
S1,PAXGUSDT,1,2025-10-20T13:00:00+00:00,2025-10-20T14:00:00+00:00,2025,4324.0,4281.28962214,4836.52453431,42.71037786,12.0,-1.030372,-1.030372,0.0,SL,13,1.0,0.0375
S2,PAXGUSDT,-1,2025-10-20T14:00:00+00:00,2025-10-20T15:00:00+00:00,2025,4295.81,4329.42151315,4194.97546055,33.61151315,3.0,-1.038342,-1.038342,0.0,SL,13,1.0,0.5581
S2,PAXGUSDT,-1,2025-10-21T08:00:00+00:00,2025-10-21T13:45:00+00:00,2025,4297.82,4337.00505894,4180.26482319,39.18505894,3.0,2.967096,2.967096,0.0,TP,70,5.75,3.2109
S2,PAXGUSDT,-1,2025-11-04T06:00:00+00:00,2025-11-04T07:30:00+00:00,2025,3965.07,3986.4829832,3900.83105039,21.4129832,3.0,-1.055551,-1.055551,0.0,SL,19,1.5,0.2863
S2,PAXGUSDT,-1,2025-11-04T18:00:00+00:00,2025-11-05T08:05:00+00:00,2025,3944.17,3970.34035199,3865.65894404,26.17035199,3.0,-1.045213,-1.045213,0.0,SL,170,14.08,1.1345
S1,PAXGUSDT,1,2025-11-10T06:00:00+00:00,2025-11-14T13:20:00+00:00,2025,4064.11,4046.26927578,4278.19869062,17.84072422,12.0,-1.06834,-1.06834,0.0,SL,1241,103.33,9.647
S1,PAXGUSDT,1,2025-11-12T16:00:00+00:00,2025-11-13T18:35:00+00:00,2025,4169.39,4138.97666982,4534.34996214,30.41333018,12.0,-1.041127,-1.041127,0.0,SL,320,26.58,2.1974
S1,PAXGUSDT,1,2025-11-12T17:00:00+00:00,2025-11-13T18:30:00+00:00,2025,4181.96,4151.02333626,4553.19996485,30.93666374,12.0,-1.040553,-1.040553,0.0,SL,307,25.5,1.7539
S1,PAXGUSDT,1,2025-11-24T19:00:00+00:00,2025-12-22T15:55:00+00:00,2025,4117.9,4090.14394318,4450.97268182,27.75605682,12.0,11.955492,11.955492,0.0,TP,8028,668.92,12.0086
S4,PAXGUSDT,1,2025-12-01T02:00:00+00:00,2025-12-01T02:30:00+00:00,2025,4269.99,4250.14192358,4657.02749018,19.84807642,19.5,-1.06454,-1.06454,0.0,SL,7,0.5,0.0952
S4,PAXGUSDT,1,2025-12-01T08:00:00+00:00,2025-12-02T01:05:00+00:00,2025,4251.0,4223.78310745,4781.72940475,27.21689255,19.5,-1.046857,-1.046857,0.0,SL,206,17.08,1.1566
S2,PAXGUSDT,-1,2025-12-08T08:00:00+00:00,2025-12-08T15:05:00+00:00,2025,4215.34,4223.1656674,4191.86299781,7.8256674,3.0,2.838403,2.838403,0.0,TP,86,7.08,3.8003
S2,PAXGUSDT,-1,2025-12-08T14:00:00+00:00,2025-12-09T06:10:00+00:00,2025,4210.55,4220.32966358,4181.21100926,9.77966358,3.0,2.870838,2.870838,0.0,TP,195,16.17,3.1238
S4,PAXGUSDT,1,2025-12-08T18:00:00+00:00,2025-12-09T06:10:00+00:00,2025,4201.68,4183.92712805,4547.86100297,17.75287195,19.5,-1.071003,-1.071003,0.0,SL,147,12.17,0.1082
S4,PAXGUSDT,1,2025-12-09T07:00:00+00:00,2025-12-23T01:00:00+00:00,2025,4190.8,4174.85364053,4501.75400974,15.94635947,19.5,19.421158,19.421158,0.0,TP,3961,330.0,19.5574
S2,PAXGUSDT,-1,2025-12-09T18:00:00+00:00,2025-12-10T20:00:00+00:00,2025,4206.18,4221.78687831,4159.35936508,15.60687831,3.0,-1.080852,-1.080852,0.0,SL,313,26.0,1.1662
S4,PAXGUSDT,1,2025-12-10T20:00:00+00:00,2026-01-12T08:50:00+00:00,2026,4219.16,4199.67712924,4599.07597986,19.48287076,19.5,19.435033,19.435033,0.0,TP,9371,780.83,19.5469
S2,PAXGUSDT,-1,2025-12-11T03:00:00+00:00,2025-12-11T14:35:00+00:00,2025,4223.84,4240.12270521,4174.99188437,16.28270521,3.0,-1.077822,-1.077822,0.0,SL,140,11.58,0.8162
S1,PAXGUSDT,1,2025-12-11T17:00:00+00:00,2026-01-12T13:05:00+00:00,2026,4277.15,4249.68195924,4606.76648909,27.46804076,12.0,11.953286,11.953286,0.0,TP,9170,764.08,12.0402
S2,PAXGUSDT,-1,2025-12-12T16:00:00+00:00,2025-12-15T01:20:00+00:00,2025,4300.83,4326.29992187,4224.42023439,25.46992187,3.0,-1.050658,-1.050658,0.0,SL,689,57.33,1.1975
S1,PAXGUSDT,1,2025-12-15T06:00:00+00:00,2025-12-15T14:15:00+00:00,2025,4354.36,4341.50926669,4508.56879972,12.85073331,12.0,-1.101652,-1.101652,0.0,SL,100,8.25,0.8031
S2,PAXGUSDT,-1,2025-12-15T14:00:00+00:00,2025-12-15T16:20:00+00:00,2025,4345.42,4357.2314692,4309.98559241,11.8114692,3.0,2.88963,2.88963,0.0,TP,29,2.33,3.3027
S4,PAXGUSDT,1,2025-12-16T13:00:00+00:00,2025-12-19T01:25:00+00:00,2025,4305.3,4283.44260674,4731.51916857,21.85739326,19.5,0.940908,19.440908,-18.5,BE,726,60.42,3.58
S1,PAXGUSDT,1,2025-12-22T02:00:00+00:00,2025-12-23T01:00:00+00:00,2025,4392.54,4383.60732894,4499.73205275,8.93267106,12.0,11.852478,11.852478,0.0,TP,277,23.0,12.3289
S1,PAXGUSDT,1,2025-12-22T05:00:00+00:00,2025-12-24T00:40:00+00:00,2025,4411.01,4400.17638545,4541.01337459,10.83361455,12.0,11.877852,11.877852,0.0,TP,525,43.67,12.0523
S1,PAXGUSDT,1,2025-12-22T07:00:00+00:00,2025-12-29T14:00:00+00:00,2025,4433.52,4419.44836297,4602.37964442,14.07163703,12.0,-1.09452,-1.09452,0.0,SL,2101,175.0,10.1211
S1,PAXGUSDT,1,2025-12-22T13:00:00+00:00,2025-12-29T14:00:00+00:00,2025,4430.55,4416.83114054,4595.17631349,13.71885946,12.0,-1.096886,-1.096886,0.0,SL,2029,169.0,10.5978
S2,PAXGUSDT,-1,2025-12-23T15:00:00+00:00,2025-12-23T16:45:00+00:00,2025,4461.6,4482.54965312,4398.75104063,20.94965312,3.0,-1.06389,-1.06389,0.0,SL,22,1.75,0.6625
S3,PAXGUSDT,-1,2025-12-23T15:00:00+00:00,2025-12-23T18:55:00+00:00,2025,4461.6,4496.99496531,4342.88529898,27.93287083,4.25,-1.315062,-1.315062,0.0,SL,48,3.92,0.4969
S2,PAXGUSDT,-1,2025-12-24T03:00:00+00:00,2025-12-26T00:05:00+00:00,2025,4495.08,4520.20490275,4419.70529176,25.12490275,3.0,-1.053673,-1.053673,0.0,SL,542,45.08,1.2629
S1,PAXGUSDT,1,2025-12-26T16:00:00+00:00,2025-12-26T17:30:00+00:00,2025,4567.38,4542.05319407,4871.30167111,25.32680593,12.0,-1.054101,-1.054101,0.0,SL,19,1.5,0.1785
S1,PAXGUSDT,1,2025-12-29T17:00:00+00:00,2025-12-31T05:50:00+00:00,2025,4363.51,4313.71900109,4961.00198689,49.79099891,12.0,-1.026291,-1.026291,0.0,SL,443,36.83,1.1613
S4,PAXGUSDT,1,2026-01-02T21:00:00+00:00,2026-01-21T01:20:00+00:00,2026,4343.79,4317.62218211,4854.06244892,26.16781789,19.5,19.450201,19.450201,0.0,TP,5237,436.33,19.5003
S1,PAXGUSDT,1,2026-01-05T01:00:00+00:00,2026-01-12T13:05:00+00:00,2026,4400.17,4382.93761056,4606.95867331,17.23238944,12.0,11.923397,11.923397,0.0,TP,2162,180.08,12.0529
S2,PAXGUSDT,-1,2026-01-06T10:00:00+00:00,2026-01-06T13:15:00+00:00,2026,4451.25,4473.75461585,4383.73615246,22.50461585,3.0,-1.059338,-1.059338,0.0,SL,40,3.25,0.1444
S1,PAXGUSDT,1,2026-01-12T06:00:00+00:00,2026-01-16T15:30:00+00:00,2026,4585.66,4562.24442548,4866.64689429,23.41557452,12.0,-1.058751,-1.058751,0.0,SL,1267,105.5,2.6581
S1,PAXGUSDT,1,2026-01-12T14:00:00+00:00,2026-01-12T14:25:00+00:00,2026,4620.3,4594.95313638,4924.4623634,25.34686362,12.0,-1.054685,-1.054685,0.0,SL,6,0.42,0.0213
S1,PAXGUSDT,1,2026-01-19T07:00:00+00:00,2026-01-19T11:40:00+00:00,2026,4689.4,4669.44066475,4928.91202303,19.95933525,12.0,-1.070484,-1.070484,0.0,SL,57,4.67,0.0025
S1,PAXGUSDT,1,2026-01-20T06:00:00+00:00,2026-01-23T16:05:00+00:00,2026,4730.85,4709.15134157,4991.23390118,21.69865843,12.0,11.934593,11.934593,0.0,TP,986,82.08,12.0814
S1,PAXGUSDT,1,2026-01-21T02:00:00+00:00,2026-01-21T19:35:00+00:00,2026,4865.0,4825.38953706,5340.3255553,39.61046294,12.0,-1.036846,-1.036846,0.0,SL,212,17.58,1.1944
S1,PAXGUSDT,1,2026-01-21T04:00:00+00:00,2026-01-21T17:30:00+00:00,2026,4872.32,4831.43210083,5362.97479003,40.88789917,12.0,-1.035749,-1.035749,0.0,SL,163,13.5,0.978
S2,PAXGUSDT,-1,2026-01-30T02:00:00+00:00,2026-01-30T09:40:00+00:00,2026,5342.07,5451.66822395,5013.27532815,109.59822395,3.0,2.985377,2.985377,0.0,TP,93,7.67,3.0181
S2,PAXGUSDT,-1,2026-02-09T02:00:00+00:00,2026-02-09T02:55:00+00:00,2026,4986.09,5017.22359456,4892.68921633,31.13359456,3.0,-1.048045,-1.048045,0.0,SL,12,0.92,0.4709
S2,PAXGUSDT,-1,2026-02-09T08:00:00+00:00,2026-02-09T14:55:00+00:00,2026,5009.29,5044.97653787,4902.2303864,35.68653787,3.0,-1.042111,-1.042111,0.0,SL,84,6.92,0.517
S2,PAXGUSDT,-1,2026-02-16T03:00:00+00:00,2026-02-16T08:00:00+00:00,2026,4996.8,5015.01874964,4942.14375108,18.21874964,3.0,-1.08228,-1.08228,0.0,SL,61,5.0,1.4485
S2,PAXGUSDT,-1,2026-02-17T01:00:00+00:00,2026-02-17T01:25:00+00:00,2026,4941.37,4964.5029118,4871.9712646,23.1329118,3.0,-1.064082,-1.064082,0.0,SL,6,0.42,0.5723
S1,PAXGUSDT,1,2026-02-23T03:00:00+00:00,2026-02-23T06:55:00+00:00,2026,5190.49,5159.34899477,5564.1820628,31.14100523,12.0,-1.050003,-1.050003,0.0,SL,48,3.92,0.0713
S1,PAXGUSDT,1,2026-02-28T09:00:00+00:00,2026-02-28T13:45:00+00:00,2026,5429.38,5382.19553771,5995.59354753,47.18446229,12.0,-1.03452,-1.03452,0.0,SL,58,4.75,3.1657
