ts,event_side,gap_low,gap_high,gap_bps,gap_size,atr,regime_bias,structure_regime,close,aligned,r_stop_anchor,reason_stop_anchor,r_tp_anchor,reason_tp_anchor
2022-03-10 08:00:00+00:00,bearish,0.7378,0.7519,192.38641015145313,0.014100000000000001,0.019167811088161322,bearish,BALANCE,0.7329,True,-1.0,sl,-1.0,sl
2022-03-12 00:00:00+00:00,bullish,0.7364,0.7956,726.4695054607918,0.05919999999999992,0.02430953713316312,bullish,BALANCE,0.8149,True,0.0,time,-1.0,sl
2022-03-21 20:00:00+00:00,bullish,0.8178,0.8325,175.60625970612884,0.014700000000000046,0.01575149767651732,bullish,IMBALANCE,0.8371,True,1.0,tp,0.9332445905709118,tp
2022-03-28 00:00:00+00:00,bullish,0.8487,0.8534,53.99195864445764,0.0047000000000000375,0.01212708058564334,bullish,IMBALANCE,0.8705,True,1.0,tp,0.38756236233509683,tp
2022-03-28 04:00:00+00:00,bullish,0.8581,0.8635,62.25501498731924,0.005400000000000071,0.012310860543811667,bullish,IMBALANCE,0.8674,True,1.0,tp,0.4386370863988457,tp
2022-04-04 04:00:00+00:00,bearish,0.839,0.8397,8.400336013440944,0.0007000000000000339,0.017373370362980613,bearish,BALANCE,0.8333,True,-1.0,both_sl_first,0.040291548811484695,tp
2022-04-06 12:00:00+00:00,bearish,0.7997,0.8066,88.52963818321808,0.006900000000000017,0.018894013485289914,bearish,BALANCE,0.7794,True,1.0,tp,0.3651950394431575,tp
2022-04-06 16:00:00+00:00,bearish,0.7809,0.7865,72.37947524880364,0.005599999999999938,0.01930158395062635,bearish,BALANCE,0.7737,True,1.0,tp,0.2901316293173041,tp
2022-04-08 12:00:00+00:00,bearish,0.7769,0.7778,11.668611435239361,0.0009000000000000119,0.017761488460901344,bearish,IMBALANCE,0.7713,True,1.0,tp,0.05067142891662478,tp
2022-04-11 00:00:00+00:00,bearish,0.7555,0.7585,40.639393118396136,0.0030000000000000027,0.013950264386667391,bearish,IMBALANCE,0.7382,True,1.0,tp,0.21504968772256272,tp
2022-04-11 04:00:00+00:00,bearish,0.7441,0.7519,104.97981157469756,0.007800000000000029,0.013596674073334007,bearish,IMBALANCE,0.743,True,1.0,tp,0.5736697046594297,tp
2022-04-11 12:00:00+00:00,bearish,0.7144,0.7351,294.1176470588227,0.02069999999999994,0.015302744481599224,bearish,IMBALANCE,0.7038,True,-1.0,sl,1.3526985322724756,tp
2022-04-18 20:00:00+00:00,bullish,0.7497,0.7562,84.49239568438776,0.00649999999999995,0.017758964213873747,bullish,BALANCE,0.7693,True,-1.0,sl,0.3660123373029813,tp
2022-04-22 00:00:00+00:00,bearish,0.7353,0.7434,110.73137388926857,0.008099999999999996,0.015642028012011092,bearish,BALANCE,0.7315,True,1.0,tp,0.5178356664353385,tp
2022-04-25 04:00:00+00:00,bearish,0.6795,0.6968,265.622600951942,0.017299999999999982,0.01474590571152649,bearish,IMBALANCE,0.6513,True,-1.0,sl,-1.0,sl
2022-04-25 08:00:00+00:00,bearish,0.6656,0.6685,43.62870467880267,0.0029000000000000137,0.01514262673213174,bearish,IMBALANCE,0.6647,True,-1.0,both_sl_first,0.1915123479763514,tp
2022-04-26 16:00:00+00:00,bearish,0.6591,0.6739,229.27962819519806,0.014800000000000035,0.017504605867219337,bearish,IMBALANCE,0.6455,True,1.0,tp,0.8454917586985377,tp
2022-04-29 12:00:00+00:00,bearish,0.6254,0.6343,143.5020960980332,0.008900000000000019,0.015214006160887906,bearish,IMBALANCE,0.6202,True,1.0,tp,0.5849872746127922,tp
2022-04-29 20:00:00+00:00,bearish,0.6148,0.6162,22.90575916230296,0.0013999999999999568,0.015352893067296204,bearish,IMBALANCE,0.6112,True,-1.0,sl,-1.0,sl
2022-05-01 00:00:00+00:00,bearish,0.5937,0.6023,145.5160744500836,0.008599999999999941,0.017516394380860528,bearish,IMBALANCE,0.591,True,-1.0,sl,-1.0,sl
2022-05-03 20:00:00+00:00,bearish,0.6061,0.6133,119.12640635340807,0.007199999999999984,0.015046186285939575,bearish,BALANCE,0.6044,True,-1.0,sl,-1.0,sl
2022-05-05 16:00:00+00:00,bearish,0.6052,0.6344,491.91374663072787,0.029200000000000004,0.017998969758803808,bearish,BALANCE,0.5936,True,1.0,tp,-1.0,sl
2022-05-09 08:00:00+00:00,bearish,0.5533,0.5574,76.46400596792229,0.0040999999999999925,0.015861259362361418,bearish,IMBALANCE,0.5362,True,1.0,tp,0.25849145432482207,tp
2022-05-09 12:00:00+00:00,bearish,0.5478,0.5507,55.11212466742709,0.0029000000000000137,0.016771169407907027,bearish,IMBALANCE,0.5262,True,1.0,tp,0.17291578955924003,tp
2022-05-09 20:00:00+00:00,bearish,0.5132,0.5192,123.25390304026305,0.006000000000000005,0.020723610356817794,bearish,IMBALANCE,0.4868,True,-1.0,sl,-1.0,both_sl_first
2022-05-11 16:00:00+00:00,bearish,0.4477,0.4895,1014.8094197620784,0.041800000000000004,0.03035670313931116,bearish,IMBALANCE,0.4119,True,0.0,time,1.3769611215082862,tp
2022-05-14 12:00:00+00:00,bearish,0.4121,0.4229,268.9912826899122,0.010799999999999976,0.02918974465224523,bearish,IMBALANCE,0.4015,True,-1.0,sl,-1.0,sl
2022-05-16 08:00:00+00:00,bearish,0.4233,0.43,160.0191067590156,0.006699999999999984,0.022091777366897877,bearish,BALANCE,0.4187,True,-1.0,sl,0.303280260738061,tp
2022-05-18 16:00:00+00:00,bearish,0.4174,0.4241,161.25150421179265,0.006699999999999984,0.016794820515655583,bearish,BALANCE,0.4155,True,1.0,tp,0.39893251575713307,tp
2022-05-20 16:00:00+00:00,bearish,0.4114,0.4244,316.4556962025319,0.013000000000000012,0.01479560357607434,bearish,BALANCE,0.4108,True,-1.0,sl,-1.0,sl
2022-05-23 20:00:00+00:00,bearish,0.4153,0.4211,143.2806324110665,0.005799999999999972,0.01039029517258218,bearish,BALANCE,0.4048,True,1.0,tp,0.5582132079659267,tp
2022-06-03 12:00:00+00:00,bearish,0.3951,0.4033,211.66752710376832,0.008199999999999985,0.009441880641689918,bearish,BALANCE,0.3874,True,-1.0,sl,-1.0,sl
2022-06-07 04:00:00+00:00,bearish,0.3928,0.3968,102.53781081773913,0.0040000000000000036,0.007459950448316849,bearish,BALANCE,0.3901,True,-1.0,sl,-1.0,sl
2022-06-10 16:00:00+00:00,bearish,0.3876,0.399,298.9771833202209,0.011400000000000021,0.008388028719152025,bearish,BALANCE,0.3813,True,1.0,tp,1.35907975302599,tp
2022-06-11 12:00:00+00:00,bearish,0.3776,0.3838,172.12659633536876,0.006199999999999983,0.009198999574619417,bearish,BALANCE,0.3602,True,1.0,tp,0.6739863340255136,tp
2022-06-11 16:00:00+00:00,bearish,0.3692,0.3732,109.25976509150516,0.0040000000000000036,0.009377642462146603,bearish,BALANCE,0.3661,True,1.0,tp,0.4265464391659448,tp
2022-06-12 04:00:00+00:00,bearish,0.3488,0.3551,180.93049971280954,0.006300000000000028,0.010360561402819268,bearish,IMBALANCE,0.3482,True,-1.0,both_sl_first,-1.0,both_sl_first
2022-06-13 00:00:00+00:00,bearish,0.3504,0.3522,54.38066465256869,0.0018000000000000238,0.012755559114016806,bearish,IMBALANCE,0.331,True,1.0,tp,0.14111494321107731,tp
2022-06-13 04:00:00+00:00,bearish,0.3377,0.3423,143.8398999374607,0.004599999999999993,0.013615876320158463,bearish,IMBALANCE,0.3198,True,1.0,tp,0.337840906588556,tp
2022-06-15 08:00:00+00:00,bearish,0.3116,0.3122,19.398642095053003,0.0005999999999999894,0.014297427143252503,bearish,BALANCE,0.3093,True,-1.0,sl,0.04196559240962123,tp
2022-06-16 08:00:00+00:00,bearish,0.3275,0.3344,219.1867852604816,0.006899999999999962,0.01579222964229077,bearish,BALANCE,0.3148,True,-1.0,sl,0.4369237375780125,tp
2022-06-18 08:00:00+00:00,bearish,0.31,0.3161,199.7380484610345,0.006099999999999994,0.013526063545177158,bearish,BALANCE,0.3054,True,1.0,tp,0.45098117272818855,tp
2022-06-24 04:00:00+00:00,bullish,0.3368,0.3634,716.4018314031783,0.026600000000000013,0.010928551024574764,bullish,BALANCE,0.3713,True,0.0,time,-1.0,sl
2022-07-08 04:00:00+00:00,bullish,0.3455,0.348,70.6015249929399,0.0025000000000000022,0.007567560925494271,bullish,BALANCE,0.3541,True,-1.0,sl,-1.0,sl
2022-07-12 00:00:00+00:00,bearish,0.317,0.3221,162.67942583732037,0.005099999999999993,0.007922703889871546,bearish,BALANCE,0.3135,True,1.0,tp,0.6437196279063113,tp
2022-07-16 20:00:00+00:00,bullish,0.3443,0.3477,97.05966314587538,0.003400000000000014,0.008511872994894944,bullish,BALANCE,0.3503,True,1.0,tp,0.39944205018556994,tp
2022-07-18 04:00:00+00:00,bullish,0.3513,0.3533,54.92996429552326,0.0020000000000000018,0.009930559201535424,bullish,BALANCE,0.3641,True,-1.0,sl,0.20139852745561132,tp
2022-07-18 08:00:00+00:00,bullish,0.3595,0.3609,38.45097500686659,0.0014000000000000123,0.009864090687140037,bullish,BALANCE,0.3641,True,-1.0,sl,0.14192894656019436,tp
2022-07-21 20:00:00+00:00,bullish,0.3563,0.3623,163.6661211129298,0.006000000000000005,0.010201560828379122,bullish,BALANCE,0.3666,True,-1.0,sl,-1.0,sl
2022-07-28 16:00:00+00:00,bullish,0.3574,0.3636,166.44295302013379,0.006199999999999983,0.009295610202613531,bullish,BALANCE,0.3725,True,1.0,tp,0.6669814960890675,tp
2022-07-28 20:00:00+00:00,bullish,0.3678,0.3692,37.49330476700474,0.0013999999999999568,0.009331638045283993,bullish,BALANCE,0.3734,True,-1.0,sl,0.15002725065054245,tp
2022-07-30 16:00:00+00:00,bullish,0.373,0.3917,475.948078391448,0.018699999999999994,0.011437922062718445,bullish,BALANCE,0.3929,True,-1.0,sl,-1.0,sl
2022-08-14 04:00:00+00:00,bullish,0.3793,0.3821,72.48252653378124,0.002799999999999969,0.006050449859424412,bullish,BALANCE,0.3863,True,-1.0,sl,0.4627755067895608,tp
2022-08-19 00:00:00+00:00,bearish,0.3704,0.3727,63.81798002219669,0.0022999999999999687,0.007755050739137524,bearish,BALANCE,0.3604,True,1.0,tp,0.2965809093153355,tp
2022-08-19 04:00:00+00:00,bearish,0.3637,0.3686,142.1525964606893,0.00489999999999996,0.01013683282919913,bearish,BALANCE,0.3447,True,0.0,time,0.4833856967519001,tp
2022-08-19 08:00:00+00:00,bearish,0.3447,0.3591,425.65770026603514,0.014399999999999968,0.01024134476997062,bearish,BALANCE,0.3383,True,0.0,time,0.0,time
2022-08-22 04:00:00+00:00,bearish,0.3413,0.342,20.889286780066666,0.0007000000000000339,0.007346535673004563,bearish,IMBALANCE,0.3351,True,-1.0,sl,0.09528300564472018,tp
2022-08-26 16:00:00+00:00,bearish,0.3405,0.349,250.07355104442343,0.008499999999999952,0.008043368311914515,bearish,BALANCE,0.3399,True,1.0,tp,1.0567712021105713,tp
2022-08-29 00:00:00+00:00,bearish,0.3251,0.3337,266.2538699690401,0.008599999999999997,0.006904235603428477,bearish,IMBALANCE,0.323,True,-1.0,sl,-1.0,sl
2022-08-30 16:00:00+00:00,bearish,0.3283,0.33,52.16324025774884,0.0017000000000000348,0.006679949556757653,bearish,BALANCE,0.3259,True,-1.0,sl,-1.0,sl
2022-09-06 20:00:00+00:00,bearish,0.325,0.3304,168.22429906542104,0.005400000000000016,0.005856271212702084,bearish,BALANCE,0.321,True,-1.0,sl,0.9220884422646879,tp
2022-09-08 20:00:00+00:00,bullish,0.3354,0.3379,73.65939893930472,0.0025000000000000022,0.006702260770153847,bullish,BALANCE,0.3394,True,1.0,tp,0.3730084647157972,tp
2022-09-09 04:00:00+00:00,bullish,0.3431,0.3436,14.322543683758248,0.0005000000000000004,0.0068432758681428564,bullish,BALANCE,0.3491,True,1.0,tp,0.07306442260023785,tp
2022-09-15 16:00:00+00:00,bearish,0.3298,0.3344,139.73268529769115,0.004599999999999993,0.007176542937862012,bearish,BALANCE,0.3292,True,1.0,tp,0.6409771445428557,tp
2022-09-17 16:00:00+00:00,bullish,0.3564,0.3705,378.625134264232,0.014100000000000001,0.009482721388215782,bullish,BALANCE,0.3724,True,1.0,tp,1.4869149290331525,tp
2022-09-19 20:00:00+00:00,bullish,0.3598,0.3767,439.64620187304814,0.01689999999999997,0.01629036952027074,bullish,BALANCE,0.3844,True,1.0,tp,1.0374227533003866,tp
2022-09-20 16:00:00+00:00,bullish,0.3833,0.4012,436.4789075835169,0.017900000000000027,0.018249283353457414,bullish,BALANCE,0.4101,True,-1.0,sl,-1.0,sl
2022-09-22 08:00:00+00:00,bullish,0.4045,0.4212,386.66357953229897,0.016699999999999993,0.02023633983089666,bullish,IMBALANCE,0.4319,True,1.0,tp,0.8252480507617573,tp
2022-09-22 20:00:00+00:00,bullish,0.45,0.4752,518.838789376158,0.0252,0.02368572835586005,bullish,IMBALANCE,0.4857,True,1.0000000000000016,tp,1.0639318167205667,tp
2022-09-23 04:00:00+00:00,bullish,0.4943,0.5157,413.3668147575822,0.02140000000000003,0.028230551490511974,bullish,IMBALANCE,0.5177,True,-1.0,sl,-1.0,sl
2022-09-24 00:00:00+00:00,bullish,0.4923,0.4953,59.8324690865577,0.0030000000000000027,0.030715502012864177,bullish,IMBALANCE,0.5014,True,-1.0,both_sl_first,0.09767055080993152,tp
2022-09-30 00:00:00+00:00,bullish,0.4425,0.4718,610.0353945450759,0.029299999999999993,0.020733248592986555,bullish,BALANCE,0.4803,True,-1.0,sl,-1.0,sl
2022-10-07 20:00:00+00:00,bullish,0.498,0.51,231.9737096462403,0.01200000000000001,0.014517533111758471,bullish,IMBALANCE,0.5173,True,1.0,tp,0.8265867146726585,tp
2022-10-13 04:00:00+00:00,bearish,0.4744,0.4858,250.54945054945102,0.011400000000000021,0.014292069600425754,bearish,BALANCE,0.455,True,-1.0,sl,0.7976451499830677,tp
2022-10-13 08:00:00+00:00,bearish,0.458,0.4648,148.92685063512863,0.006799999999999973,0.014571207486109627,bearish,BALANCE,0.4566,True,-1.0,both_sl_first,-1.0,both_sl_first
2022-10-20 20:00:00+00:00,bearish,0.4546,0.459,98.61048857014825,0.004400000000000015,0.012498382624382302,bearish,BALANCE,0.4462,True,-1.0,sl,0.35204555119126657,tp
2022-10-24 04:00:00+00:00,bearish,0.4586,0.4591,10.9433136353688,0.0005000000000000004,0.009952403723733147,bearish,BALANCE,0.4569,True,1.0,tp,0.05023911950111801,tp
2022-11-04 12:00:00+00:00,bullish,0.4662,0.483,343.2774826317937,0.01679999999999998,0.011165223593465135,bullish,BALANCE,0.4894,True,-1.0,sl,1.5046720613667643,tp
2022-11-08 04:00:00+00:00,bearish,0.4445,0.458,305.7065217391307,0.013500000000000012,0.012997270825596376,bearish,BALANCE,0.4416,True,1.0,tp,-1.0,both_sl_first
2022-11-08 20:00:00+00:00,bearish,0.4111,0.43,466.2062160828804,0.018899999999999972,0.021407495628120006,bearish,BALANCE,0.4054,True,1.0,tp,0.8828683339854904,tp
2022-11-11 16:00:00+00:00,bearish,0.3795,0.3868,194.97863247863174,0.007299999999999973,0.022935042808272074,bearish,BALANCE,0.3744,True,1.0,tp,0.3182902277979203,tp
2022-11-20 12:00:00+00:00,bearish,0.3759,0.3872,301.4941302027742,0.011299999999999977,0.009130602129373767,bearish,BALANCE,0.3748,True,1.0,tp,1.237596364389496,tp
2022-11-21 00:00:00+00:00,bearish,0.3619,0.3691,203.9082412914184,0.007199999999999984,0.010421659212184466,bearish,BALANCE,0.3531,True,-1.0,sl,-1.0,sl
2022-11-24 20:00:00+00:00,bullish,0.3938,0.3974,89.61911874533214,0.003599999999999992,0.009663899274438835,bullish,BALANCE,0.4017,True,-1.0,sl,-1.0,sl
2022-11-25 08:00:00+00:00,bullish,0.4017,0.4042,61.63708086785015,0.0025000000000000022,0.011387240053185905,bullish,BALANCE,0.4056,True,-1.0,sl,0.21954397978117204,tp
2022-12-07 08:00:00+00:00,bearish,0.3816,0.3845,76.71957671957708,0.0029000000000000137,0.006785746058543462,bearish,BALANCE,0.378,True,-1.0,sl,-1.0,sl
2022-12-12 00:00:00+00:00,bearish,0.3826,0.3851,66.880684858213,0.0025000000000000022,0.004801218747555909,bearish,BALANCE,0.3738,True,-1.0,sl,-1.0,sl
2022-12-14 20:00:00+00:00,bearish,0.3868,0.3894,67.55001299038832,0.0026000000000000467,0.00644333453184316,bearish,BALANCE,0.3849,True,1.0,tp,0.403517772847393,tp
2022-12-16 12:00:00+00:00,bearish,0.3653,0.3762,301.10497237568967,0.010899999999999965,0.006808961014777778,bearish,BALANCE,0.362,True,1.0,tp,1.6008316065172363,tp
2022-12-19 04:00:00+00:00,bearish,0.3439,0.3487,139.7786837507288,0.0048000000000000265,0.006542653898760524,bearish,IMBALANCE,0.3434,True,1.0,tp,0.7336472438056624,tp
2022-12-21 04:00:00+00:00,bearish,0.3429,0.3479,146.88601645123398,0.0050000000000000044,0.006886955932744546,bearish,IMBALANCE,0.3404,True,-1.0,sl,-1.0,sl
2023-01-11 08:00:00+00:00,bullish,0.3516,0.3594,215.64832734310127,0.007799999999999974,0.006799782301852548,bullish,BALANCE,0.3617,True,1.0,tp,1.1470955471434567,tp
2023-01-11 16:00:00+00:00,bullish,0.3662,0.3672,26.903416733925233,0.0010000000000000009,0.007633485760270819,bullish,BALANCE,0.3717,True,1.0,tp,0.13100175089139357,tp
2023-01-14 00:00:00+00:00,bullish,0.3768,0.3849,201.79372197309408,0.008099999999999996,0.00901774124752483,bullish,IMBALANCE,0.4014,True,-1.0,sl,-1.0,sl
2023-01-14 04:00:00+00:00,bullish,0.3867,0.3982,284.16110699283445,0.01150000000000001,0.009109331158415912,bullish,IMBALANCE,0.4047,True,-1.0,sl,-1.0,sl
2023-01-16 04:00:00+00:00,bullish,0.3873,0.3926,134.75718281210342,0.005300000000000027,0.01055918700365187,bullish,BALANCE,0.3933,True,-1.0,sl,-1.0,sl
2023-01-20 20:00:00+00:00,bullish,0.3941,0.4018,186.6666666666663,0.007699999999999985,0.009519084118458357,bullish,BALANCE,0.4125,True,-1.0,sl,-1.0,sl
2023-01-21 00:00:00+00:00,bullish,0.4029,0.4054,60.945880058508095,0.0025000000000000022,0.009474863824282762,bullish,BALANCE,0.4102,True,-1.0,sl,-1.0,both_sl_first
2023-01-23 08:00:00+00:00,bullish,0.4125,0.4131,14.17434443657087,0.0006000000000000449,0.01017576490716386,bullish,IMBALANCE,0.4233,True,-1.0,sl,-1.0,both_sl_first
2023-02-07 00:00:00+00:00,bearish,0.3951,0.3984,83.94810480793613,0.0032999999999999696,0.006366276096983284,bearish,BALANCE,0.3931,True,-1.0,sl,-1.0,sl
2023-02-09 04:00:00+00:00,bearish,0.3942,0.3945,7.621951219512766,0.00030000000000002247,0.006229552666331896,bearish,BALANCE,0.3936,True,-1.0,both_sl_first,0.048157550962109275,tp
2023-02-09 20:00:00+00:00,bearish,0.3896,0.3928,83.85744234800788,0.0031999999999999806,0.008827929865241183,bearish,BALANCE,0.3816,True,1.0,tp,0.3624858884073792,tp
2023-02-13 00:00:00+00:00,bearish,0.378,0.3816,96.8783638320773,0.003599999999999992,0.00607700669717393,bearish,IMBALANCE,0.3716,True,1.0,tp,0.592396911735205,tp
2023-02-13 12:00:00+00:00,bearish,0.3706,0.371,10.917030567685902,0.00040000000000001146,0.006653419720732919,bearish,IMBALANCE,0.3664,True,-1.0,sl,0.06011945988520159,tp
2023-02-20 16:00:00+00:00,bullish,0.3949,0.3982,81.82494421026593,0.003300000000000025,0.007464134098523785,bullish,BALANCE,0.4033,True,-1.0,sl,-1.0,sl
2023-02-24 16:00:00+00:00,bearish,0.3813,0.3866,140.3973509933782,0.005300000000000027,0.006930992429722796,bearish,BALANCE,0.3775,True,1.0,tp,0.7646812565068709,tp
2023-03-02 04:00:00+00:00,bearish,0.3798,0.3802,10.562450488512173,0.00039999999999995595,0.005099348523336857,bearish,BALANCE,0.3787,True,1.0,tp,0.07844139269347424,tp
2023-03-03 04:00:00+00:00,bearish,0.369,0.3768,213.69863013698708,0.007800000000000029,0.006727018590067041,bearish,BALANCE,0.365,True,-1.0,sl,-1.0,sl
2023-03-08 12:00:00+00:00,bullish,0.3807,0.3858,128.52822580645145,0.005099999999999993,0.007521900512032312,bullish,BALANCE,0.3968,True,-1.0,sl,-1.0,sl
2023-03-08 16:00:00+00:00,bullish,0.3897,0.3902,12.639029322548039,0.0005000000000000004,0.007598907618315718,bullish,BALANCE,0.3956,True,-1.0,sl,-1.0,both_sl_first
2023-03-11 08:00:00+00:00,bearish,0.3655,0.3679,66.4084117321531,0.0024000000000000132,0.00887093281649582,bearish,BALANCE,0.3614,True,1.0,tp,0.27054651970051313,tp
2023-03-15 16:00:00+00:00,bearish,0.3629,0.3636,19.39595455804872,0.0006999999999999784,0.009533731343720275,bearish,BALANCE,0.3609,True,1.0,tp,0.0734235080434754,tp
2023-03-19 12:00:00+00:00,bullish,0.3884,0.389,15.306122448979322,0.0005999999999999894,0.0096125137243743,bullish,BALANCE,0.392,True,1.0,tp,0.06241863649864834,tp
2023-03-21 16:00:00+00:00,bullish,0.3932,0.4265,702.2353437368198,0.033299999999999996,0.014460157548503844,bullish,BALANCE,0.4742,True,0.0,time,-1.0,sl
2023-03-21 20:00:00+00:00,bullish,0.4319,0.4549,489.98721772475545,0.02300000000000002,0.01612728915218214,bullish,IMBALANCE,0.4694,True,-1.0,sl,-1.0,sl
2023-03-23 08:00:00+00:00,bullish,0.4256,0.4373,261.27735596248425,0.011700000000000044,0.019221279257585606,bullish,IMBALANCE,0.4478,True,-1.0,sl,-1.0,sl
2023-03-25 08:00:00+00:00,bullish,0.4313,0.4384,158.872230924144,0.007099999999999995,0.016105842670938286,bullish,BALANCE,0.4469,True,1.0,tp,0.44083381075188205,tp
2023-03-28 20:00:00+00:00,bullish,0.5059,0.5118,114.67444120505378,0.005900000000000016,0.018695343067740258,bullish,IMBALANCE,0.5145,True,1.0,tp,0.31558661312724273,tp
2023-03-29 08:00:00+00:00,bullish,0.5388,0.5541,268.32690284111,0.015300000000000091,0.020757532332297872,bullish,IMBALANCE,0.5702,True,-1.0,sl,-1.0,sl
2023-04-05 08:00:00+00:00,bullish,0.5073,0.5128,106.8168576422618,0.00550000000000006,0.013255454345632047,bullish,BALANCE,0.5149,True,-1.0,sl,-1.0,sl
2023-04-19 00:00:00+00:00,bullish,0.5223,0.5241,34.18803418803464,0.0018000000000000238,0.008267091462170638,bullish,BALANCE,0.5265,True,-1.0,both_sl_first,0.21773074705132256,tp
2023-04-20 16:00:00+00:00,bearish,0.4809,0.487,129.6768707482992,0.006099999999999994,0.011822116455670589,bearish,BALANCE,0.4704,True,1.0,tp,0.5159820598006428,tp
2023-04-20 20:00:00+00:00,bearish,0.4751,0.4801,105.32968190436074,0.0050000000000000044,0.011499108137408407,bearish,BALANCE,0.4747,True,1.0,tp,0.43481633012339643,tp
2023-04-21 20:00:00+00:00,bearish,0.4491,0.4576,189.52062430323315,0.008500000000000008,0.012035905127436287,bearish,IMBALANCE,0.4485,True,-1.0,sl,-1.0,sl
2023-04-23 16:00:00+00:00,bearish,0.4641,0.4646,10.867202782003922,0.0005000000000000004,0.010826082525464853,bearish,IMBALANCE,0.4601,True,-1.0,sl,0.046184757858986604,tp
2023-04-26 20:00:00+00:00,bearish,0.4618,0.4726,234.2225113858172,0.010800000000000032,0.012907336841329402,bearish,BALANCE,0.4611,True,-1.0,sl,-1.0,sl
2023-05-08 00:00:00+00:00,bearish,0.4509,0.4543,77.64329755651882,0.0033999999999999586,0.007361916487172222,bearish,BALANCE,0.4379,True,1.0,tp,0.46183626314211723,tp
2023-05-08 04:00:00+00:00,bearish,0.4406,0.4451,103.37698139214345,0.004500000000000004,0.007421779595231348,bearish,BALANCE,0.4353,True,1.0,tp,0.6063235834827759,tp
2023-05-08 20:00:00+00:00,bearish,0.4291,0.4324,77.12082262210855,0.003300000000000025,0.008654567029867824,bearish,IMBALANCE,0.4279,True,1.0,tp,0.38130157044383317,tp
2023-05-18 12:00:00+00:00,bullish,0.4505,0.4585,173.76194613379687,0.008000000000000007,0.009833243786838803,bullish,BALANCE,0.4604,True,-1.0,sl,-1.0,sl
2023-05-26 04:00:00+00:00,bullish,0.4546,0.46,117.16207420264735,0.005400000000000016,0.0073185211593348185,bullish,BALANCE,0.4609,True,1.0,tp,0.7378539847647039,tp
2023-05-29 20:00:00+00:00,bullish,0.4828,0.4836,16.187778227437626,0.0007999999999999674,0.007243999963851338,bullish,IMBALANCE,0.4942,True,1.0,tp,0.11043622363225976,tp
2023-06-02 04:00:00+00:00,bullish,0.5097,0.5138,79.56530176596144,0.0040999999999999925,0.009875544612075569,bullish,BALANCE,0.5153,True,1.0,tp,0.41516697671403735,tp
2023-06-02 20:00:00+00:00,bullish,0.5195,0.5217,41.976721999620125,0.0022000000000000908,0.009157981821779728,bullish,BALANCE,0.5241,True,-1.0,sl,0.24022760066721216,tp
2023-06-04 16:00:00+00:00,bullish,0.5268,0.5317,91.06114105184733,0.004899999999999904,0.008370573360011716,bullish,IMBALANCE,0.5381,True,-1.0,sl,0.585384033955001,tp
2023-06-06 20:00:00+00:00,bullish,0.514,0.5221,152.91674532754382,0.008099999999999996,0.013001206816185088,bullish,BALANCE,0.5297,True,-1.0,sl,0.6230190869601709,tp
2023-06-15 00:00:00+00:00,bearish,0.4839,0.4918,164.03654485049873,0.007900000000000018,0.01618210289591732,bearish,BALANCE,0.4816,True,1.0,tp,0.4881936575742055,tp
2023-06-16 12:00:00+00:00,bearish,0.4685,0.4766,174.04383326171026,0.008099999999999996,0.014667382662729125,bearish,IMBALANCE,0.4654,True,-1.0,sl,-1.0,sl
2023-06-22 04:00:00+00:00,bullish,0.5029,0.5073,85.92071860964576,0.0043999999999999595,0.010988853408044013,bullish,BALANCE,0.5121,True,-1.0,sl,-1.0,sl
2023-06-28 08:00:00+00:00,bearish,0.4773,0.4786,27.368421052632073,0.0013000000000000234,0.007957705257231776,bearish,BALANCE,0.475,True,1.0,tp,0.16336367809282887,tp
2023-06-28 20:00:00+00:00,bearish,0.4665,0.4707,90.41980624327194,0.0041999999999999815,0.00967007232147894,bearish,BALANCE,0.4645,True,-1.0,sl,-1.0,sl
2023-07-13 16:00:00+00:00,bullish,0.474,0.582,1314.1883669992696,0.10799999999999998,0.042944440921814445,bullish,BALANCE,0.8218,True,0.0,time,-1.0,sl
2023-07-13 20:00:00+00:00,bullish,0.6463,0.7665,1474.1231297522686,0.12019999999999997,0.04471269514168485,bullish,IMBALANCE,0.8154,True,0.0,time,-1.0,sl
2023-07-16 12:00:00+00:00,bullish,0.7196,0.7414,282.7496757457838,0.02179999999999993,0.03973305092049352,bullish,IMBALANCE,0.771,True,-1.0,sl,-1.0,sl
2023-08-05 00:00:00+00:00,bearish,0.6356,0.6489,213.34616618543436,0.013299999999999979,0.014939721106883505,bearish,IMBALANCE,0.6234,True,1.0,tp,-1.0,sl
2023-08-10 00:00:00+00:00,bearish,0.6444,0.6477,51.7565872020088,0.0033000000000000806,0.013608704896505586,bearish,BALANCE,0.6376,True,1.0,tp,0.24249184805583174,tp
2023-08-10 08:00:00+00:00,bearish,0.6324,0.6365,65.25545121757112,0.0040999999999999925,0.013187607793415523,bearish,BALANCE,0.6283,True,-1.0,sl,0.31089793268246013,tp
2023-08-15 20:00:00+00:00,bearish,0.6103,0.6211,177.07820954254848,0.010800000000000032,0.010369129056763519,bearish,BALANCE,0.6099,True,1.0,tp,1.0415532433705619,tp
2023-08-17 16:00:00+00:00,bearish,0.5796,0.5831,60.76388888888798,0.0034999999999999476,0.012072936848943698,bearish,IMBALANCE,0.576,True,1.0,tp,0.28990460596223244,tp
2023-08-18 00:00:00+00:00,bearish,0.5151,0.567,1052.3114355231132,0.051899999999999946,0.02394911391567084,bearish,IMBALANCE,0.4932,True,0.0,time,-1.0,sl
2023-08-21 08:00:00+00:00,bearish,0.5264,0.5303,74.22915873620126,0.0039000000000000146,0.01601260035021798,bearish,IMBALANCE,0.5254,True,-1.0,both_sl_first,0.24355819259218048,tp
2023-08-31 16:00:00+00:00,bearish,0.5198,0.5227,56.89621345889765,0.0029000000000000137,0.009210896118284493,bearish,BALANCE,0.5097,True,1.0,tp,0.3148445018550621,tp
2023-09-11 08:00:00+00:00,bearish,0.4853,0.4911,123.56199403493761,0.005799999999999972,0.007718618326963065,bearish,BALANCE,0.4694,True,-1.0,sl,0.7514298225809548,tp
2023-09-18 12:00:00+00:00,bullish,0.4986,0.4991,9.924573243350544,0.0005000000000000004,0.007065391262449579,bullish,BALANCE,0.5038,True,-1.0,sl,0.07076748921992372,tp
2023-09-29 16:00:00+00:00,bullish,0.512,0.5263,268.6455006575236,0.01429999999999998,0.008159563067196006,bullish,BALANCE,0.5323,True,-1.0,sl,-1.0,sl
2023-10-02 00:00:00+00:00,bullish,0.5189,0.5211,41.88083000190329,0.0021999999999999797,0.006817592582657359,bullish,BALANCE,0.5253,True,-1.0,sl,-1.0,sl
2023-10-04 00:00:00+00:00,bullish,0.5141,0.5173,59.77956286194621,0.0031999999999999806,0.011053456222498665,bullish,BALANCE,0.5353,True,0.0,time,-1.0,sl
2023-10-09 12:00:00+00:00,bearish,0.5024,0.5108,168.60698514652898,0.008400000000000074,0.007280595880827324,bearish,BALANCE,0.4982,True,1.0,tp,-1.0,sl
2023-10-11 04:00:00+00:00,bearish,0.4909,0.495,84.99170812603634,0.0040999999999999925,0.007567163277059481,bearish,IMBALANCE,0.4824,True,0.0,time,0.5418146602478509,tp
2023-10-17 04:00:00+00:00,bearish,0.4926,0.4938,24.424994911460093,0.0012000000000000344,0.005891699348091871,bearish,BALANCE,0.4913,True,1.0,tp,0.2036763808032189,tp
2023-10-19 04:00:00+00:00,bearish,0.4836,0.485,29.190992493745046,0.0014000000000000123,0.0057447526091971585,bearish,BALANCE,0.4796,True,-1.0,sl,0.2437006595825657,tp
2023-10-20 00:00:00+00:00,bullish,0.4891,0.5118,436.2867576398242,0.022700000000000053,0.00856494063211504,bullish,BALANCE,0.5203,True,1.0,tp,-1.0,sl
2023-10-21 16:00:00+00:00,bullish,0.5185,0.5211,49.87531172069915,0.0026000000000000467,0.009064520243856924,bullish,BALANCE,0.5213,True,-1.0,sl,0.28683261000625737,tp
2023-10-24 00:00:00+00:00,bullish,0.5358,0.5428,128.5111070313915,0.006999999999999895,0.009946731923227422,bullish,IMBALANCE,0.5447,True,-1.0,sl,0.703748734159977,tp
2023-10-29 12:00:00+00:00,bullish,0.548,0.5524,78.99461400358993,0.0043999999999999595,0.008709736580526465,bullish,BALANCE,0.557,True,1.0,tp,0.5051817536982293,tp
2023-10-30 12:00:00+00:00,bullish,0.5551,0.5623,124.54592631032668,0.007199999999999984,0.009651767547763148,bullish,IMBALANCE,0.5781,True,1.0,tp,-1.0,sl
2023-10-30 16:00:00+00:00,bullish,0.568,0.5691,18.880878819088583,0.001100000000000101,0.010048069865780065,bullish,IMBALANCE,0.5826,True,-1.0,sl,-1.0,sl
2023-10-31 12:00:00+00:00,bullish,0.5764,0.5819,92.37487403426182,0.005499999999999949,0.014883320760462686,bullish,IMBALANCE,0.5954,True,1.0,tp,0.369541185634499,tp
2023-11-05 04:00:00+00:00,bullish,0.618,0.6196,25.690430314708507,0.0016000000000000458,0.011064060897403196,bullish,BALANCE,0.6228,True,1.0,tp,0.14461236383610074,tp
2023-11-05 12:00:00+00:00,bullish,0.627,0.6275,7.757951900697361,0.0004999999999999449,0.013550134141128265,bullish,IMBALANCE,0.6445,True,1.0,tp,0.03690000370419299,tp
2023-11-06 04:00:00+00:00,bullish,0.6635,0.6678,63.08685446009346,0.0042999999999999705,0.015582519814784578,bullish,IMBALANCE,0.6816,True,1.0,tp,0.2759502346931191,tp
2023-11-06 12:00:00+00:00,bullish,0.6847,0.7002,215.93758707160865,0.01550000000000007,0.017571152289278528,bullish,IMBALANCE,0.7178,True,-1.0,sl,-1.0,sl
2023-11-14 00:00:00+00:00,bullish,0.6549,0.6563,21.20890774125067,0.0013999999999999568,0.023013930197920078,bullish,BALANCE,0.6601,True,1.0,tp,0.060832721224056016,tp
2023-11-14 20:00:00+00:00,bearish,0.6331,0.6446,182.7136955830943,0.011499999999999955,0.02457685634143575,bearish,BALANCE,0.6294,True,-1.0,sl,0.46791989342474893,tp
2023-11-16 16:00:00+00:00,bearish,0.6276,0.6382,171.93836171938267,0.010599999999999943,0.018916414384332756,bearish,BALANCE,0.6165,True,1.0,tp,0.5603598961534287,tp
2023-12-05 20:00:00+00:00,bullish,0.6156,0.6175,30.56628056628077,0.0019000000000000128,0.01149510549010343,bullish,BALANCE,0.6216,True,1.0,tp,0.1652877393457406,tp
2023-12-08 16:00:00+00:00,bullish,0.6506,0.6599,138.55780691299293,0.009300000000000086,0.013121911181004796,bullish,BALANCE,0.6712,True,1.0,tp,0.7087382220253635,tp
2023-12-08 20:00:00+00:00,bullish,0.6611,0.6666,81.73577054539975,0.005499999999999949,0.012884631810933026,bullish,IMBALANCE,0.6729,True,1.0,tp,0.42686512744066335,tp
2023-12-13 04:00:00+00:00,bearish,0.6081,0.6123,69.38708078638662,0.0041999999999999815,0.015111378841366959,bearish,BALANCE,0.6053,True,-1.0,sl,0.2779362521507708,tp
2023-12-15 16:00:00+00:00,bearish,0.6259,0.6296,59.32339265672658,0.0037000000000000366,0.01300694524832115,bearish,BALANCE,0.6237,True,1.0,tp,0.28446341007529136,tp
2023-12-18 00:00:00+00:00,bearish,0.6141,0.6167,42.90429042904368,0.0026000000000000467,0.010177477145636408,bearish,BALANCE,0.606,True,1.0,tp,0.255466061263993,tp
2023-12-23 04:00:00+00:00,bearish,0.6173,0.6183,16.241676140977763,0.0010000000000000009,0.009045760069487648,bearish,BALANCE,0.6157,True,-1.0,sl,0.11054902985688415,tp
2023-12-25 00:00:00+00:00,bearish,0.6177,0.6203,42.15304798962282,0.0025999999999999357,0.009322290957261743,bearish,BALANCE,0.6168,True,-1.0,sl,-1.0,sl
2023-12-25 12:00:00+00:00,bullish,0.6179,0.6327,233.2912988650699,0.014800000000000035,0.010871892577661826,bullish,BALANCE,0.6344,True,-1.0,sl,-1.0,sl
2024-01-03 12:00:00+00:00,bearish,0.6192,0.6267,130.05028611063054,0.007500000000000062,0.019068312000694008,bearish,BALANCE,0.5767,True,0.0,time,0.3933227020685986,tp
2024-01-03 16:00:00+00:00,bearish,0.5798,0.6102,529.986052998605,0.030399999999999983,0.018884861143501575,bearish,BALANCE,0.5736,True,0.0,time,-1.0,sl
2024-01-05 04:00:00+00:00,bearish,0.5781,0.5852,123.82281130101336,0.007100000000000106,0.01675368353734202,bearish,BALANCE,0.5734,True,1.0,tp,0.4237874007930883,tp
2024-01-18 20:00:00+00:00,bearish,0.5528,0.5576,86.94077159934841,0.0048000000000000265,0.008770422810592666,bearish,BALANCE,0.5521,True,1.0,tp,0.5472940248904196,tp
2024-01-23 12:00:00+00:00,bearish,0.5129,0.5205,148.93200078385146,0.00759999999999994,0.010535459513916854,bearish,IMBALANCE,0.5103,True,-1.0,sl,-1.0,sl
2024-01-30 16:00:00+00:00,bearish,0.5291,0.5306,29.16018662519335,0.0014999999999999458,0.0077789855084121895,bearish,BALANCE,0.5144,True,1.0,tp,0.1928272007163212,tp
2024-01-30 20:00:00+00:00,bearish,0.5163,0.5227,125.34273403838762,0.006400000000000072,0.00792334368638275,bearish,BALANCE,0.5106,True,1.0,tp,0.8077397943748555,tp
2024-02-01 00:00:00+00:00,bearish,0.5041,0.5068,54.249547920434715,0.0027000000000000357,0.009614620310902766,bearish,BALANCE,0.4977,True,-1.0,sl,0.2808223219109663,tp
2024-02-04 08:00:00+00:00,bearish,0.5141,0.5151,19.504583577140643,0.0010000000000000009,0.007681215474268874,bearish,BALANCE,0.5127,True,1.0,tp,0.1301877291881567,tp
2024-02-12 16:00:00+00:00,bullish,0.5204,0.5244,75.30120481927717,0.0040000000000000036,0.0073350790467935426,bullish,BALANCE,0.5312,True,-1.0,sl,0.545324729901659,tp
2024-02-14 12:00:00+00:00,bullish,0.5254,0.5288,63.801838994184074,0.0034000000000000696,0.007484517999998333,bullish,BALANCE,0.5329,True,1.0,tp,0.4542710699607915,tp
2024-02-16 00:00:00+00:00,bullish,0.5553,0.5581,48.334196443984546,0.0028000000000000247,0.011484237163866129,bullish,IMBALANCE,0.5793,True,-1.0,sl,-1.0,sl
2024-02-27 20:00:00+00:00,bullish,0.571,0.5777,114.15914125063964,0.006700000000000039,0.011533997402250593,bullish,BALANCE,0.5869,True,-1.0,both_sl_first,-1.0,both_sl_first
2024-02-29 04:00:00+00:00,bullish,0.5777,0.5821,74.04914170312958,0.0043999999999999595,0.01858290757798519,bullish,BALANCE,0.5942,True,1.0,tp,0.2367767251456684,tp
2024-03-02 04:00:00+00:00,bullish,0.6041,0.6206,261.32404181184785,0.01650000000000007,0.018735932690421377,bullish,BALANCE,0.6314,True,-1.0,sl,0.8806607214401218,tp
2024-03-06 08:00:00+00:00,bullish,0.5991,0.6082,147.9915433403805,0.009099999999999997,0.02890884447491405,bullish,BALANCE,0.6149,True,-1.0,sl,0.3147825575628462,tp
2024-03-11 16:00:00+00:00,bullish,0.6315,0.6787,645.2494873547507,0.04720000000000002,0.02361082932362099,bullish,BALANCE,0.7315,True,-1.0,sl,-1.0,sl
2024-03-11 20:00:00+00:00,bullish,0.6964,0.7115,208.4771503520641,0.015100000000000002,0.02383862722907663,bullish,BALANCE,0.7243,True,-1.0,sl,-1.0,sl
2024-03-20 00:00:00+00:00,bearish,0.5954,0.602,113.07178345040155,0.006599999999999939,0.023930982360640746,bearish,BALANCE,0.5837,True,-1.0,sl,0.2757931078857404,tp
2024-03-22 12:00:00+00:00,bearish,0.6225,0.6297,117.82032400589077,0.007199999999999984,0.02150057417254362,bearish,BALANCE,0.6111,True,-1.0,sl,0.3348747778649765,tp
2024-04-02 04:00:00+00:00,bearish,0.6035,0.6106,118.31361439760033,0.007099999999999995,0.01272618759979907,bearish,BALANCE,0.6001,True,1.0,tp,0.5579047098215109,tp
2024-04-12 16:00:00+00:00,bearish,0.5977,0.6069,171.54577661756454,0.009199999999999986,0.018127662258335713,bearish,BALANCE,0.5363,True,1.0,tp,0.5075116619502057,tp
2024-04-12 20:00:00+00:00,bearish,0.5488,0.5918,786.2497714390206,0.04300000000000004,0.01789711495416887,bearish,BALANCE,0.5469,True,1.0,tp,2.4026218812425824,tp
2024-04-13 20:00:00+00:00,bearish,0.4957,0.5408,942.3318010865016,0.04509999999999997,0.024844827202475283,bearish,IMBALANCE,0.4786,True,0.0,time,-1.0,sl
2024-04-15 16:00:00+00:00,bearish,0.4997,0.5108,223.29511164755692,0.011100000000000054,0.021847596748628236,bearish,IMBALANCE,0.4971,True,1.0,tp,0.5080650346906919,tp
2024-04-17 12:00:00+00:00,bearish,0.4934,0.4952,37.68055264810484,0.0017999999999999683,0.017761847447256257,bearish,BALANCE,0.4777,True,-1.0,sl,-1.0,both_sl_first
2024-04-22 20:00:00+00:00,bullish,0.5434,0.551,136.73983447283288,0.007600000000000051,0.012403144175953822,bullish,BALANCE,0.5558,True,-1.0,sl,-1.0,sl
2024-04-30 12:00:00+00:00,bearish,0.5006,0.5095,179.50786607502837,0.008899999999999908,0.009730523764998012,bearish,BALANCE,0.4958,True,1.0,tp,0.9146475785830103,tp
2024-05-10 16:00:00+00:00,bearish,0.506,0.5123,124.80190174326411,0.006299999999999972,0.009234827686677462,bearish,BALANCE,0.5048,True,1.0,tp,0.6822000597898092,tp
2024-05-20 20:00:00+00:00,bullish,0.5175,0.5286,206.35805911879527,0.011099999999999999,0.007042789452221739,bullish,BALANCE,0.5379,True,-1.0,sl,1.5760800568159006,tp
2024-05-30 08:00:00+00:00,bearish,0.5227,0.5231,7.67901708581217,0.00039999999999995595,0.008003068717325763,bearish,BALANCE,0.5209,True,-1.0,sl,0.04998082787093874,tp
2024-06-02 20:00:00+00:00,bearish,0.5153,0.5167,27.2532606579729,0.0014000000000000679,0.005395850226410709,bearish,BALANCE,0.5137,True,-1.0,sl,-1.0,both_sl_first
2024-06-07 20:00:00+00:00,bearish,0.5028,0.522,384.84666265784716,0.019199999999999995,0.010311314695495495,bearish,BALANCE,0.4989,True,1.0,tp,1.862032201227211,tp
2024-06-08 12:00:00+00:00,bearish,0.4957,0.4984,54.755627661732625,0.0027000000000000357,0.009025709574605545,bearish,BALANCE,0.4931,True,-1.0,sl,0.2991454552888187,tp
2024-06-11 04:00:00+00:00,bearish,0.4887,0.4946,121.44915603128779,0.005899999999999961,0.00795773844481489,bearish,BALANCE,0.4858,True,1.0,tp,0.7414166777301259,tp
2024-06-11 16:00:00+00:00,bearish,0.482,0.4836,33.35417969564291,0.0015999999999999903,0.008394953120720961,bearish,BALANCE,0.4797,True,1.0,tp,0.19059070098328076,tp
2024-06-19 00:00:00+00:00,bullish,0.4849,0.4889,80.74283407347605,0.0040000000000000036,0.013083471328100409,bullish,BALANCE,0.4954,True,-1.0,sl,0.3057292594365909,tp
2024-07-02 12:00:00+00:00,bullish,0.4807,0.4816,18.676073874246864,0.0008999999999999564,0.004856673739928567,bullish,BALANCE,0.4819,True,1.0,tp,0.185312015629281,tp
2024-07-03 16:00:00+00:00,bearish,0.4718,0.4808,194.59459459459478,0.009000000000000008,0.005865392072853978,bearish,BALANCE,0.4625,True,1.0,tp,-1.0,both_sl_first
2024-07-03 20:00:00+00:00,bearish,0.4673,0.471,79.26306769494389,0.003699999999999981,0.005832149781935837,bearish,BALANCE,0.4668,True,1.0,tp,0.634414433501028,tp
2024-07-04 04:00:00+00:00,bearish,0.4602,0.4619,37.42020691173188,0.0016999999999999793,0.0074751699650365076,bearish,BALANCE,0.4543,True,1.0,tp,0.2274195781435558,tp
2024-07-04 16:00:00+00:00,bearish,0.4445,0.4478,74.89786654561891,0.0032999999999999696,0.008020425806554377,bearish,BALANCE,0.4406,True,1.0,tp,0.41144947657307357,tp
2024-07-05 00:00:00+00:00,bearish,0.4332,0.4364,80.34145116746262,0.003200000000000036,0.01169771408830454,bearish,IMBALANCE,0.3983,True,-1.0,sl,0.27355772040961535,tp
2024-07-05 04:00:00+00:00,bearish,0.407,0.431,593.3250927070462,0.02400000000000002,0.012312163081997073,bearish,IMBALANCE,0.4045,True,-1.0,sl,-1.0,sl
2024-07-08 00:00:00+00:00,bearish,0.4204,0.4266,149.65001206854896,0.006199999999999983,0.010497250493581215,bearish,BALANCE,0.4143,True,-1.0,sl,-1.0,sl
2024-07-12 08:00:00+00:00,bullish,0.4528,0.4597,146.43463497453348,0.006900000000000017,0.009724866884547082,bullish,BALANCE,0.4712,True,1.0,tp,-1.0,sl
2024-07-13 04:00:00+00:00,bullish,0.4772,0.4904,256.31067961165024,0.01319999999999999,0.011870040757132707,bullish,BALANCE,0.515,True,0.9999999999999986,tp,1.112043359418804,tp
2024-07-13 08:00:00+00:00,bullish,0.4947,0.5084,268.83830455259,0.01369999999999999,0.011729323560194658,bullish,IMBALANCE,0.5096,True,1.0000000000000038,tp,1.1680127954260864,tp
2024-07-13 16:00:00+00:00,bullish,0.5183,0.5303,214.13276231263404,0.01200000000000001,0.014639059600371917,bullish,IMBALANCE,0.5604,True,-1.0,sl,-1.0,sl
2024-07-16 16:00:00+00:00,bullish,0.5473,0.5751,476.76213342479747,0.027799999999999936,0.01868351051629084,bullish,IMBALANCE,0.5831,True,1.0,tp,1.4879430702147838,tp
2024-07-17 08:00:00+00:00,bullish,0.5884,0.6026,231.4211212516296,0.01419999999999999,0.018806730108699054,bullish,IMBALANCE,0.6136,True,-1.0,sl,0.7550488531460229,tp
2024-07-20 08:00:00+00:00,bullish,0.5826,0.5855,49.06107257655242,0.0029000000000000137,0.019666744698510628,bullish,BALANCE,0.5911,True,1.0,tp,0.14745704205026045,tp
2024-07-24 12:00:00+00:00,bullish,0.6054,0.618,202.0850040096222,0.012599999999999945,0.01706437522482886,bullish,BALANCE,0.6235,True,-1.0,sl,-1.0,sl
2024-07-30 12:00:00+00:00,bullish,0.602,0.6112,148.8914063764361,0.009199999999999986,0.014221029796124786,bullish,BALANCE,0.6179,True,1.0,tp,0.6469292401389207,tp
2024-07-31 04:00:00+00:00,bullish,0.631,0.6363,82.00526071483787,0.005299999999999971,0.015936933361284888,bullish,BALANCE,0.6463,True,-1.0,sl,0.33256084341013215,tp
2024-08-02 08:00:00+00:00,bearish,0.5789,0.5794,8.712319219377173,0.000500000000000056,0.018330819629604662,bearish,BALANCE,0.5739,True,-1.0,both_sl_first,0.02727646717948958,tp
2024-08-04 16:00:00+00:00,bearish,0.5372,0.5416,82.16619981325789,0.0043999999999999595,0.017953126464298384,bearish,IMBALANCE,0.5355,True,1.0,tp,0.24508266060230854,tp
2024-08-05 04:00:00+00:00,bearish,0.4805,0.5222,889.3154190658993,0.041700000000000015,0.023920014155270973,bearish,IMBALANCE,0.4689,True,-1.0,sl,-1.0,sl
2024-08-15 20:00:00+00:00,bearish,0.5619,0.5656,66.0124888492424,0.0037000000000000366,0.0121912896008323,bearish,BALANCE,0.5605,True,-1.0,sl,0.30349537425043593,tp
2024-08-19 20:00:00+00:00,bullish,0.5865,0.5937,120.40133779264188,0.007199999999999984,0.01091874472692764,bullish,BALANCE,0.598,True,1.0,tp,0.6594164604144869,tp
2024-08-28 00:00:00+00:00,bearish,0.5694,0.5915,389.56460426582066,0.02210000000000001,0.011943928419687458,bearish,BALANCE,0.5673,True,0.0,time,-1.0,sl
2024-08-29 20:00:00+00:00,bearish,0.5649,0.57,90.8281389136241,0.005099999999999993,0.011642733013938922,bearish,BALANCE,0.5615,True,1.0,tp,0.4380414799423956,tp
2024-09-02 00:00:00+00:00,bearish,0.5505,0.5518,23.65787079162817,0.0012999999999999678,0.00896270528186761,bearish,BALANCE,0.5495,True,1.0,tp,0.14504549230576516,tp
2024-09-06 08:00:00+00:00,bearish,0.5395,0.5402,13.011152416357508,0.0007000000000000339,0.008906381458115226,bearish,IMBALANCE,0.538,True,-1.0,both_sl_first,0.0785953311445266,tp
2024-09-06 16:00:00+00:00,bearish,0.5267,0.5337,135.89594253543012,0.007000000000000006,0.010232543196027925,bearish,IMBALANCE,0.5151,True,-1.0,sl,0.6840919081306445,tp
2024-09-06 20:00:00+00:00,bearish,0.5215,0.5218,5.762581636574684,0.000300000000000078,0.010887361539168786,bearish,IMBALANCE,0.5206,True,-1.0,sl,0.027554885444079913,tp
2024-09-16 20:00:00+00:00,bullish,0.5738,0.5781,73.36631974065808,0.0042999999999999705,0.01014515805014292,bullish,BALANCE,0.5861,True,-1.0,sl,0.42384751215772226,tp
2024-09-21 20:00:00+00:00,bullish,0.5874,0.5941,112.17143813828777,0.006699999999999928,0.009172790909646717,bullish,BALANCE,0.5973,True,-1.0,sl,0.7304210971334527,tp
2024-09-28 08:00:00+00:00,bullish,0.593,0.5956,42.13938411669444,0.0026000000000000467,0.00996524360638561,bullish,BALANCE,0.617,True,1.0,tp,0.26090681800633503,tp
2024-09-29 08:00:00+00:00,bullish,0.6166,0.6205,62.47997436719023,0.0039000000000000146,0.011064006125542739,bullish,IMBALANCE,0.6242,True,1.0,tp,0.3524943818492974,tp
2024-09-29 16:00:00+00:00,bullish,0.6307,0.6484,271.264367816091,0.017699999999999938,0.013480699159268996,bullish,IMBALANCE,0.6525,True,-1.0,sl,-1.0,sl
2024-10-03 00:00:00+00:00,bearish,0.5441,0.5643,375.9538432905266,0.020199999999999996,0.021428468135755527,bearish,BALANCE,0.5373,True,1.0,tp,0.9426712106543127,tp
2024-10-08 00:00:00+00:00,bearish,0.5336,0.5342,11.276075925578743,0.0006000000000000449,0.009920379056685857,bearish,BALANCE,0.5321,True,-1.0,both_sl_first,0.060481559885120904,tp
2024-10-22 12:00:00+00:00,bearish,0.5354,0.543,142.50890680667638,0.007600000000000051,0.007608395739696288,bearish,BALANCE,0.5333,True,1.0,tp,0.9988965164295491,tp
2024-10-25 20:00:00+00:00,bearish,0.5181,0.5206,49.830576041457974,0.0024999999999999467,0.008840735897774909,bearish,BALANCE,0.5017,True,-1.0,sl,-1.0,both_sl_first
2024-10-31 16:00:00+00:00,bearish,0.5131,0.5152,41.493775933609776,0.0020999999999999908,0.00658015403512087,bearish,BALANCE,0.5061,True,-1.0,sl,-1.0,both_sl_first
2024-11-03 04:00:00+00:00,bearish,0.507,0.5077,13.83946223803942,0.0007000000000000339,0.007262646499389341,bearish,BALANCE,0.5058,True,1.0,tp,0.09638359791556575,tp
2024-11-03 16:00:00+00:00,bearish,0.5007,0.5011,7.992007992007113,0.00039999999999995595,0.007477344883075211,bearish,BALANCE,0.5005,True,-1.0,both_sl_first,0.05349492450259299,tp
2024-11-07 00:00:00+00:00,bullish,0.5363,0.538,30.357142857143476,0.0017000000000000348,0.011576943946061099,bullish,BALANCE,0.56,True,1.0,tp,0.14684358911303474,tp
2024-11-07 04:00:00+00:00,bullish,0.5471,0.5504,59.36319481921154,0.0032999999999999696,0.011650019378485301,bullish,BALANCE,0.5559,True,-1.0,sl,-1.0,sl
2024-11-10 00:00:00+00:00,bullish,0.5523,0.5559,62.97008920762527,0.0035999999999999366,0.01071965643134207,bullish,IMBALANCE,0.5717,True,1.0,tp,0.3358316586970333,tp
2024-11-10 04:00:00+00:00,bullish,0.5625,0.57,128.00819252432075,0.007499999999999951,0.01160396668624621,bullish,IMBALANCE,0.5859,True,1.0,tp,0.6463307076613258,tp
2024-11-10 08:00:00+00:00,bullish,0.5753,0.5816,107.30710270822641,0.006299999999999972,0.011267969065800052,bullish,IMBALANCE,0.5871,True,1.0,tp,0.5591069662341716,tp
2024-11-10 16:00:00+00:00,bullish,0.5885,0.5919,57.01827938956831,0.0033999999999999586,0.013963197816939837,bullish,IMBALANCE,0.5963,True,-1.0,sl,-1.0,sl
2024-11-11 20:00:00+00:00,bullish,0.5964,0.5989,40.21879021878936,0.0024999999999999467,0.01725757306094875,bullish,IMBALANCE,0.6216,True,1.0,tp,-1.0,sl
2024-11-12 12:00:00+00:00,bullish,0.6179,0.626,119.25795053003527,0.008099999999999996,0.027284900671432667,bullish,IMBALANCE,0.6792,True,1.0,tp,0.2968674908346182,tp
2024-11-13 16:00:00+00:00,bullish,0.6776,0.6791,22.010271460015506,0.0015000000000000568,0.03697347760894755,bullish,IMBALANCE,0.6815,True,-1.0,both_sl_first,0.04056962171275603,tp
2024-11-15 16:00:00+00:00,bullish,0.8351,0.86,277.19024824668855,0.024900000000000033,0.04950565094610454,bullish,IMBALANCE,0.8983,True,1.0,tp,0.5029728833806864,tp
2024-11-16 08:00:00+00:00,bullish,0.9196,0.9615,398.8576868158024,0.04190000000000005,0.057363676506447615,bullish,IMBALANCE,1.0505,True,1.0,tp,0.7304273810847978,tp
2024-11-16 12:00:00+00:00,bullish,0.9854,1.031,410.58887088060385,0.04559999999999986,0.07033769961312994,bullish,IMBALANCE,1.1106,True,0.0,time,0.6483009858270613,tp
2024-11-18 04:00:00+00:00,bullish,1.0723,1.1147,361.960047806044,0.04239999999999999,0.07689663508570642,bullish,IMBALANCE,1.1714,True,-1.0,sl,-1.0,sl
2024-11-20 12:00:00+00:00,bullish,1.0942,1.1111,150.70447654717242,0.016899999999999915,0.05916905516397899,bullish,BALANCE,1.1214,True,-1.0,sl,0.28562227254033157,tp
2024-11-21 20:00:00+00:00,bullish,1.159,1.1662,57.70617937003986,0.007199999999999873,0.06492623998934259,bullish,BALANCE,1.2477,True,1.0,tp,0.11089507110194152,tp
2024-11-22 00:00:00+00:00,bullish,1.2399,1.2474,54.13989749512786,0.007500000000000062,0.07204579427581811,bullish,IMBALANCE,1.3853,True,1.0,tp,0.10410045548650998,tp
2024-11-22 04:00:00+00:00,bullish,1.2663,1.3622,702.6155762326918,0.0959000000000001,0.07208538039897396,bullish,IMBALANCE,1.3649,True,1.0,tp,1.3303668437236267,tp
2024-11-25 08:00:00+00:00,bullish,1.4345,1.466,212.78032964063675,0.03149999999999986,0.08822009857849489,bullish,BALANCE,1.4804,True,-1.0,sl,-1.0,sl
2024-11-29 00:00:00+00:00,bullish,1.4845,1.5242,255.53553038105088,0.03970000000000007,0.06709801220079377,bullish,BALANCE,1.5536,True,1.0,tp,0.5916717753306319,tp
2024-11-30 00:00:00+00:00,bullish,1.7369,1.7655,157.18604012091214,0.02859999999999996,0.07839123362620236,bullish,IMBALANCE,1.8195,True,1.0,tp,0.3648367129464386,tp
2024-12-01 20:00:00+00:00,bullish,1.923,2.0768,670.3861912649287,0.15379999999999994,0.1041418862348945,bullish,IMBALANCE,2.2942,True,1.0,tp,1.476831326572098,tp
2024-12-02 00:00:00+00:00,bullish,2.1495,2.2804,545.8715596330276,0.13090000000000002,0.11222460864668773,bullish,IMBALANCE,2.398,True,1.0,tp,-1.0,sl
2024-12-02 16:00:00+00:00,bullish,2.4576,2.5829,456.1007571345377,0.1253000000000002,0.15719230913051976,bullish,IMBALANCE,2.7472,True,-1.0,sl,-1.0,sl
2024-12-04 08:00:00+00:00,bullish,2.5822,2.605,87.28275017226917,0.022800000000000153,0.17886829526286546,bullish,IMBALANCE,2.6122,True,-1.0,sl,-1.0,sl
2024-12-07 16:00:00+00:00,bullish,2.4521,2.4725,81.05530832803551,0.020399999999999974,0.12583104720408997,bullish,BALANCE,2.5168,True,1.0,tp,0.16212215071938885,tp
2024-12-16 20:00:00+00:00,bullish,2.3991,2.4604,246.7098643699446,0.06130000000000013,0.08235496441102617,bullish,BALANCE,2.4847,True,1.0,tp,0.7443388560531381,tp
2024-12-20 12:00:00+00:00,bearish,2.2464,2.2509,20.331631500475176,0.0045000000000001705,0.13878190244176988,bearish,BALANCE,2.2133,True,-1.0,sl,0.03242497703825811,tp
2025-01-11 12:00:00+00:00,bullish,2.346,2.3774,130.4691070760797,0.031400000000000095,0.06176126952022193,bullish,BALANCE,2.4067,True,1.0,tp,0.5084092384098275,tp
2025-01-11 20:00:00+00:00,bullish,2.4304,2.5073,298.51325647296204,0.07689999999999975,0.06916660484141583,bullish,BALANCE,2.5761,True,-1.0,sl,-1.0,sl
2025-01-14 00:00:00+00:00,bullish,2.4947,2.514,76.20627023612047,0.019299999999999873,0.07847019353002918,bullish,BALANCE,2.5326,True,1.0,tp,0.2459532611272853,tp
2025-01-14 20:00:00+00:00,bullish,2.5915,2.6383,175.49122543872875,0.046800000000000175,0.07699336709842831,bullish,IMBALANCE,2.6668,True,1.0,tp,0.6078445684830357,tp
2025-01-15 04:00:00+00:00,bullish,2.6788,2.782,361.0537732218458,0.10320000000000018,0.08945550530425707,bullish,IMBALANCE,2.8583,True,1.0,tp,-1.0,sl
2025-01-16 12:00:00+00:00,bullish,3.1486,3.16,34.47545891674502,0.011400000000000077,0.14046815893169282,bullish,IMBALANCE,3.3067,True,-1.0,sl,0.08115718242981802,tp
2025-01-16 16:00:00+00:00,bullish,3.22,3.3032,248.48430546844583,0.08319999999999972,0.13765614757942907,bullish,IMBALANCE,3.3483,True,-1.0,sl,-1.0,sl
2025-01-27 08:00:00+00:00,bearish,2.8314,2.9404,391.1436466070979,0.10899999999999999,0.0898437616792737,bearish,BALANCE,2.7867,True,-1.0,sl,-1.0,sl
2025-02-02 20:00:00+00:00,bearish,2.7191,2.73,42.27427862240114,0.01089999999999991,0.11258077109719186,bearish,BALANCE,2.5784,True,1.0,tp,0.09681937593578803,tp
2025-02-04 08:00:00+00:00,bearish,2.6314,2.6877,217.517289340493,0.056299999999999795,0.18244768465187788,bearish,BALANCE,2.5883,True,-1.0,sl,0.3085816085165671,tp
2025-02-06 16:00:00+00:00,bearish,2.3702,2.4188,211.8570183086311,0.04859999999999998,0.128932638281605,bearish,BALANCE,2.294,True,-1.0,sl,-1.0,sl
2025-02-14 12:00:00+00:00,bullish,2.5966,2.6784,300.28266216364995,0.08179999999999987,0.07803017671412317,bullish,BALANCE,2.7241,True,-1.0,sl,1.0483123766294657,tp
2025-02-24 04:00:00+00:00,bearish,2.5033,2.542,155.28448760131593,0.03869999999999996,0.05917365771024558,bearish,BALANCE,2.4922,True,1.0,tp,0.6540072305400038,tp
2025-02-25 00:00:00+00:00,bearish,2.3347,2.3784,191.52386378577313,0.04369999999999985,0.07883681239998627,bearish,BALANCE,2.2817,True,1.0,tp,0.5543095753070737,tp
2025-02-28 04:00:00+00:00,bearish,2.0494,2.1445,475.69027611044396,0.09509999999999996,0.08921768098097713,bearish,IMBALANCE,1.9992,True,-1.0,sl,-1.0,sl
2025-03-02 20:00:00+00:00,bullish,2.7062,2.835,438.3337870950178,0.12880000000000003,0.12482763213568049,bullish,BALANCE,2.9384,True,-1.0,sl,-1.0,sl
2025-03-19 16:00:00+00:00,bullish,2.3482,2.4531,421.8951093951102,0.10490000000000022,0.07063200744938772,bullish,BALANCE,2.4864,True,0.0,time,-1.0,sl
2025-03-28 08:00:00+00:00,bearish,2.2416,2.2994,259.7285881189892,0.05779999999999985,0.047509308193661046,bearish,BALANCE,2.2254,True,1.0,tp,1.2166036972037373,tp
2025-04-03 00:00:00+00:00,bearish,2.0699,2.1301,291.94956353055306,0.06020000000000003,0.07117317182022535,bearish,BALANCE,2.062,True,1.0,tp,0.8458243248180318,tp
2025-04-06 20:00:00+00:00,bearish,2.0026,2.0447,219.22516142470332,0.042100000000000026,0.06167668858563503,bearish,BALANCE,1.9204,True,1.0,tp,0.6825917695232011,tp
2025-04-07 00:00:00+00:00,bearish,1.9526,1.9739,116.88525489765733,0.021300000000000097,0.06830692511523252,bearish,BALANCE,1.8223,True,1.0,tp,0.3118278265939707,tp
2025-04-07 04:00:00+00:00,bearish,1.837,1.8614,145.48056284283317,0.024399999999999977,0.0794350018927159,bearish,IMBALANCE,1.6772,True,-1.0,sl,-1.0,sl
2025-04-08 20:00:00+00:00,bearish,1.8426,1.8896,261.7509467587432,0.04699999999999993,0.09099295544442328,bearish,IMBALANCE,1.7956,True,-1.0,sl,0.516523501961716,tp
2025-04-10 16:00:00+00:00,bearish,1.9725,1.9784,30.08669046404904,0.005900000000000016,0.09068938750434961,bearish,BALANCE,1.961,True,-1.0,sl,0.06505722623517607,tp
2025-04-12 16:00:00+00:00,bullish,2.0738,2.1157,196.07843137254926,0.04190000000000005,0.06736729464267978,bullish,BALANCE,2.1369,True,1.0,tp,0.6219635243220032,tp
2025-04-22 16:00:00+00:00,bullish,2.1074,2.1391,147.2090647348372,0.03169999999999984,0.037020288760192206,bullish,BALANCE,2.1534,True,1.0,tp,0.8562872160545302,tp
2025-04-23 00:00:00+00:00,bullish,2.1708,2.1933,100.69366748713342,0.022499999999999964,0.04187055510445148,bullish,BALANCE,2.2345,True,1.0,tp,0.5373704729701043,tp
2025-04-24 16:00:00+00:00,bullish,2.158,2.1814,106.13688937270418,0.023400000000000087,0.04883255946242147,bullish,BALANCE,2.2047,True,-1.0,sl,0.4791884811609636,tp
2025-04-27 16:00:00+00:00,bullish,2.1824,2.2141,138.8219837968044,0.031700000000000284,0.042595736193224265,bullish,BALANCE,2.2835,True,-1.0,sl,-1.0,sl
2025-04-28 08:00:00+00:00,bullish,2.2642,2.3047,174.6894409937878,0.04049999999999976,0.04733323670904516,bullish,IMBALANCE,2.3184,True,-1.0,sl,-1.0,sl
2025-05-09 00:00:00+00:00,bullish,2.2751,2.292,73.66723333769102,0.016899999999999693,0.04244353074432942,bullish,BALANCE,2.2941,True,1.0,tp,0.39817611079063203,tp
2025-05-28 16:00:00+00:00,bearish,2.2674,2.2861,84.00341404249556,0.01869999999999994,0.036308879141075646,bearish,BALANCE,2.2261,True,-1.0,sl,-1.0,sl
2025-06-04 20:00:00+00:00,bearish,2.2153,2.218,12.273843076642988,0.0026999999999999247,0.037472327064732656,bearish,BALANCE,2.1998,True,-1.0,both_sl_first,0.07205317127318303,tp
2025-06-05 20:00:00+00:00,bearish,2.1313,2.1749,208.39307905554003,0.04360000000000008,0.041747142138240004,bearish,BALANCE,2.0922,True,-1.0,sl,-1.0,sl
2025-06-13 04:00:00+00:00,bearish,2.1302,2.1693,183.740601503759,0.03909999999999991,0.04199788797533071,bearish,BALANCE,2.128,True,-1.0,sl,-1.0,sl
2025-06-20 16:00:00+00:00,bearish,2.1358,2.1603,115.18029241690445,0.024499999999999744,0.034732566894556886,bearish,BALANCE,2.1271,True,1.0,tp,0.705389845627538,tp
2025-06-21 20:00:00+00:00,bearish,2.0929,2.1071,68.87185954020646,0.014199999999999768,0.037981320286409805,bearish,BALANCE,2.0618,True,1.0,tp,0.37386799334305293,tp
2025-06-22 12:00:00+00:00,bearish,2.0284,2.0554,139.65758030310937,0.027000000000000135,0.044872872987821465,bearish,IMBALANCE,1.9333,True,-1.0,sl,-1.0,sl
2025-06-22 16:00:00+00:00,bearish,1.9825,2.0125,152.81173594132156,0.03000000000000025,0.04560338206011993,bearish,IMBALANCE,1.9632,True,-1.0,both_sl_first,-1.0,both_sl_first
2025-06-28 04:00:00+00:00,bullish,2.1539,2.1744,93.62440628425165,0.02049999999999974,0.041417220303167517,bullish,BALANCE,2.1896,True,1.0,tp,0.4949632025023187,tp
2025-06-30 20:00:00+00:00,bullish,2.1992,2.2335,153.41264871634317,0.0343,0.040616609480226905,bullish,BALANCE,2.2358,True,-1.0,sl,-1.0,sl
2025-07-02 20:00:00+00:00,bullish,2.2148,2.229,63.59727696166344,0.014200000000000212,0.04048499331588212,bullish,BALANCE,2.2328,True,1.0,tp,0.35074724822616143,tp
2025-07-09 12:00:00+00:00,bullish,2.3368,2.3508,58.7963546260123,0.01399999999999979,0.03604652825458903,bullish,IMBALANCE,2.3811,True,1.0,tp,0.3883869176282574,tp
2025-07-10 20:00:00+00:00,bullish,2.459,2.4907,124.49436437183302,0.03169999999999984,0.0422307468786127,bullish,IMBALANCE,2.5463,True,1.0,tp,0.7506379200708369,tp
2025-07-11 12:00:00+00:00,bullish,2.5974,2.6246,97.93684513736405,0.027200000000000113,0.06949152857143007,bullish,IMBALANCE,2.7773,True,1.0,tp,-1.0,both_sl_first
2025-07-11 16:00:00+00:00,bullish,2.6613,2.702,142.3923311059012,0.040699999999999736,0.07572784795918507,bullish,IMBALANCE,2.8583,True,-1.0,sl,-1.0,sl
2025-07-14 04:00:00+00:00,bullish,2.8645,2.874,32.12063835542354,0.009500000000000064,0.08914969472444491,bullish,IMBALANCE,2.9576,True,-1.0,sl,0.1065623391012594,tp
2025-07-16 20:00:00+00:00,bullish,3.0082,3.0235,50.33225870122991,0.01529999999999987,0.08478379637997523,bullish,IMBALANCE,3.0398,True,-1.0,both_sl_first,0.18045901048627186,tp
2025-07-17 08:00:00+00:00,bullish,3.0815,3.1413,183.18272323479883,0.059800000000000075,0.09559048857390871,bullish,IMBALANCE,3.2645,True,1.0,tp,0.6255852532207115,tp
2025-07-17 20:00:00+00:00,bullish,3.2777,3.2864,24.971297359357497,0.008700000000000152,0.11447434526125268,bullish,IMBALANCE,3.484,True,0.0,time,0.07599956112563952,tp
2025-07-18 00:00:00+00:00,bullish,3.4045,3.4646,166.54658316244476,0.06009999999999982,0.12058332059973464,bullish,IMBALANCE,3.6086,True,-1.0,sl,-1.0,sl
2025-07-21 08:00:00+00:00,bullish,3.4908,3.5314,114.83199456952136,0.04059999999999997,0.09531371320521068,bullish,BALANCE,3.5356,True,1.0,tp,0.4259617911704686,tp
2025-07-28 16:00:00+00:00,bearish,3.1841,3.2227,122.18669874331356,0.03860000000000019,0.07542043753404523,bearish,BALANCE,3.1591,True,1.0,tp,0.5117976143081364,tp
2025-08-02 16:00:00+00:00,bearish,2.8644,2.9286,231.06824071408016,0.06420000000000003,0.08431991545614244,bearish,IMBALANCE,2.7784,True,-1.0,sl,-1.0,sl
2025-08-05 16:00:00+00:00,bearish,2.9911,2.9977,22.40554027905137,0.006600000000000161,0.07250598174043,bearish,BALANCE,2.9457,True,-1.0,sl,0.09102697241764195,tp
2025-08-08 00:00:00+00:00,bullish,3.1008,3.2696,500.1481481481483,0.16880000000000006,0.08008028231582658,bullish,BALANCE,3.375,True,0.0,time,-1.0,sl
2025-08-11 04:00:00+00:00,bullish,3.2068,3.2323,78.60181246532296,0.025500000000000078,0.06967853800607245,bullish,BALANCE,3.2442,True,-1.0,both_sl_first,0.36596634673617623,tp
2025-08-12 20:00:00+00:00,bullish,3.2179,3.2566,118.47543242002128,0.03869999999999996,0.06889112382735676,bullish,BALANCE,3.2665,True,-1.0,sl,0.5617559686932007,tp
2025-08-15 16:00:00+00:00,bearish,3.0932,3.0953,6.854233305045991,0.0020999999999999908,0.07659686603788998,bearish,BALANCE,3.0638,True,-1.0,sl,0.027416265294211692,tp
2025-08-18 04:00:00+00:00,bearish,3.0036,3.0832,268.7101238902208,0.07960000000000012,0.05664245693632973,bearish,BALANCE,2.9623,True,-1.0,sl,-1.0,sl
2025-08-19 04:00:00+00:00,bearish,3.0267,3.0504,78.93947973220475,0.023699999999999832,0.060203314881871764,bearish,BALANCE,3.0023,True,1.0,tp,0.3936660306247743,tp
2025-08-19 16:00:00+00:00,bearish,2.934,2.989,191.27108328986162,0.054999999999999716,0.06228763950272316,bearish,IMBALANCE,2.8755,True,-1.0,sl,0.8830002298866234,tp
2025-08-25 08:00:00+00:00,bearish,2.9564,2.972,53.02875790332468,0.015600000000000058,0.0647888297632186,bearish,BALANCE,2.9418,True,-1.0,sl,0.24078224683194316,tp
2025-08-25 20:00:00+00:00,bearish,2.8925,2.926,117.26817656736824,0.033500000000000085,0.06631977368432626,bearish,BALANCE,2.8567,True,-1.0,sl,-1.0,sl
2025-08-29 08:00:00+00:00,bearish,2.8854,2.9357,174.95043650655631,0.05030000000000001,0.05384120024779582,bearish,BALANCE,2.8751,True,1.0,tp,0.9342288018933812,tp
2025-09-08 16:00:00+00:00,bullish,2.9539,2.9605,22.161781001310104,0.006600000000000161,0.039525847740964785,bullish,BALANCE,2.9781,True,-1.0,sl,-1.0,sl
2025-09-09 08:00:00+00:00,bullish,2.9776,2.9984,69.2525387048456,0.020800000000000374,0.04212401440362593,bullish,BALANCE,3.0035,True,-1.0,sl,-1.0,both_sl_first
2025-09-12 20:00:00+00:00,bullish,3.0642,3.081,54.11325130451564,0.016799999999999926,0.045238615788415384,bullish,IMBALANCE,3.1046,True,1.0,tp,0.37136414780184507,tp
2025-09-18 00:00:00+00:00,bullish,3.0675,3.07,8.053345359662233,0.0024999999999999467,0.046678410847668717,bullish,BALANCE,3.1043,True,-1.0,sl,-1.0,sl
2025-09-22 04:00:00+00:00,bearish,2.9054,2.9627,204.3072095842533,0.057299999999999685,0.05191138324605175,bearish,BALANCE,2.8046,True,-1.0,sl,-1.0,sl
2025-09-22 08:00:00+00:00,bearish,2.8226,2.8752,186.8694045758135,0.05259999999999998,0.05065342729990519,bearish,BALANCE,2.8148,True,-1.0,sl,-1.0,sl
2025-09-25 04:00:00+00:00,bearish,2.8771,2.9222,158.75250800802613,0.04510000000000014,0.05388254198762889,bearish,BALANCE,2.8409,True,1.0,tp,0.8370057969862472,tp
2025-09-25 20:00:00+00:00,bearish,2.7708,2.7843,49.23413566739631,0.013500000000000068,0.05789250785372418,bearish,BALANCE,2.742,True,1.0,tp,0.233190796192665,tp
2025-10-01 12:00:00+00:00,bullish,2.8563,2.9262,237.73084379145007,0.06990000000000007,0.0468939346448539,bullish,BALANCE,2.9403,True,1.0,tp,1.4905978892447442,tp
2025-10-02 20:00:00+00:00,bullish,2.993,3.0248,104.69135802469152,0.03180000000000005,0.04987157340972558,bullish,BALANCE,3.0375,True,1.0,tp,0.6376377929515799,tp
2025-10-05 04:00:00+00:00,bullish,2.9719,3.0039,104.4625077530754,0.031999999999999584,0.047210888489356416,bullish,BALANCE,3.0633,True,-1.0,sl,-1.0,sl
2025-10-10 16:00:00+00:00,bearish,2.7632,2.7964,124.10287081339841,0.03320000000000034,0.05423955266409748,bearish,IMBALANCE,2.6752,True,1.0,tp,0.6120994434745076,tp
2025-10-10 20:00:00+00:00,bearish,2.6963,2.7111,62.53697287247591,0.014800000000000146,0.15872958461666192,bearish,BALANCE,2.3666,True,0.0,time,0.09324033724237812,tp
2025-10-11 00:00:00+00:00,bearish,2.4532,2.6297,736.8596835469474,0.17650000000000032,0.15865604285832893,bearish,BALANCE,2.3953,True,-1.0,sl,-1.0,sl
2025-10-11 20:00:00+00:00,bearish,2.4109,2.4138,12.181802906831669,0.0029000000000003467,0.13709342409598219,bearish,IMBALANCE,2.3806,True,1.0,tp,0.02115345808249705,tp
2025-10-14 08:00:00+00:00,bearish,2.4742,2.5475,299.11042193748347,0.0732999999999997,0.10002381096466227,bearish,BALANCE,2.4506,True,1.0,tp,0.7328255071774468,tp
2025-10-15 16:00:00+00:00,bearish,2.4483,2.4752,111.90149340654737,0.026899999999999924,0.08316893271105254,bearish,BALANCE,2.4039,True,1.0,tp,0.32343808106154903,tp
2025-10-17 08:00:00+00:00,bearish,2.2952,2.3186,102.56410256410295,0.023400000000000087,0.08496052636116234,bearish,IMBALANCE,2.2815,True,1.0,tp,0.2754220224640325,tp
2025-10-22 00:00:00+00:00,bearish,2.4335,2.4715,157.08321276507715,0.03799999999999981,0.05925569938841163,bearish,BALANCE,2.4191,True,1.0,tp,0.6412885240104247,tp
2025-11-02 16:00:00+00:00,bearish,2.5042,2.5084,16.885100908579165,0.0041999999999999815,0.043011246102286994,bearish,BALANCE,2.4874,True,-1.0,sl,-1.0,both_sl_first
2025-11-03 04:00:00+00:00,bearish,2.452,2.4832,129.3371471210053,0.031200000000000117,0.049146832247348594,bearish,BALANCE,2.4123,True,1.0,tp,0.634832370130696,tp
2025-11-04 08:00:00+00:00,bearish,2.2833,2.2981,64.92936737737871,0.014799999999999702,0.06282679516818739,bearish,IMBALANCE,2.2794,True,-1.0,both_sl_first,0.23556827879537778,tp
2025-11-04 20:00:00+00:00,bearish,2.2279,2.2412,60.347565679023965,0.01330000000000009,0.07641299890105965,bearish,IMBALANCE,2.2039,True,-1.0,both_sl_first,0.17405415559231072,tp
2025-11-06 16:00:00+00:00,bearish,2.2483,2.2869,174.64482852230654,0.03860000000000019,0.07097778347689886,bearish,BALANCE,2.2102,True,-1.0,sl,0.5438321416808298,tp
2025-11-10 12:00:00+00:00,bullish,2.4924,2.4968,17.397493179391716,0.0043999999999999595,0.06588706260703393,bullish,BALANCE,2.5291,True,1.0,tp,0.06678094038343478,tp
2025-11-13 00:00:00+00:00,bullish,2.373,2.3812,33.032549145987694,0.008199999999999985,0.06420049190287949,bullish,BALANCE,2.4824,True,-1.0,sl,0.1277248780648707,tp
2025-11-13 04:00:00+00:00,bullish,2.3933,2.45,228.04971242408476,0.056700000000000195,0.0645361710526738,bullish,BALANCE,2.4863,True,-1.0,sl,-1.0,sl
2025-11-17 16:00:00+00:00,bearish,2.2206,2.2577,174.5225326935727,0.03709999999999969,0.06402442813032559,bearish,BALANCE,2.1258,True,1.0,tp,-1.0,sl
2025-11-17 20:00:00+00:00,bearish,2.1719,2.1934,99.43575987420255,0.021500000000000075,0.06365125469244517,bearish,BALANCE,2.1622,True,1.0,tp,0.33777810200105884,tp
2025-11-20 20:00:00+00:00,bearish,2.0514,2.0817,151.58337085396965,0.030299999999999994,0.0611006782733145,bearish,IMBALANCE,1.9989,True,1.0,tp,0.49590284193675443,tp
2025-11-26 20:00:00+00:00,bullish,2.1793,2.2104,139.96399639963954,0.031099999999999905,0.05485686976695257,bullish,BALANCE,2.222,True,-1.0,sl,-1.0,sl
2025-12-04 20:00:00+00:00,bearish,2.1099,2.1133,16.229891641606137,0.0034000000000000696,0.04461857196974451,bearish,BALANCE,2.0949,True,1.0,tp,0.07620145266651666,tp
2025-12-11 04:00:00+00:00,bearish,2.018,2.0329,74.2919824491442,0.014900000000000357,0.04116135654281421,bearish,BALANCE,2.0056,True,1.0,tp,0.3619900132422035,tp
2025-12-15 16:00:00+00:00,bearish,1.9294,1.9826,280.8128793877008,0.053199999999999914,0.03456801271499764,bearish,IMBALANCE,1.8945,True,-1.0,sl,-1.0,sl
2025-12-17 20:00:00+00:00,bearish,1.8829,1.9026,105.83431825507711,0.01970000000000005,0.039078875742545024,bearish,IMBALANCE,1.8614,True,-1.0,sl,0.5041086680636695,tp
2025-12-18 20:00:00+00:00,bearish,1.8239,1.8709,260.14280179332445,0.04699999999999993,0.04420168465148423,bearish,IMBALANCE,1.8067,True,-1.0,sl,-1.0,sl
2025-12-22 20:00:00+00:00,bearish,1.908,1.9167,45.710082488310576,0.008700000000000152,0.03093534284007685,bearish,BALANCE,1.9033,True,1.0,tp,0.28123173048301403,tp
2025-12-26 16:00:00+00:00,bearish,1.8495,1.8618,66.67389418907186,0.012299999999999978,0.029634861347980046,bearish,BALANCE,1.8448,True,-1.0,sl,-1.0,sl
2025-12-29 12:00:00+00:00,bearish,1.8779,1.8906,68.12939219999011,0.012700000000000156,0.02404343957599306,bearish,BALANCE,1.8641,True,1.0,tp,0.5282106147857863,tp
2025-12-31 20:00:00+00:00,bearish,1.8471,1.852,26.614523925914543,0.0049000000000001265,0.022111903230668563,bearish,BALANCE,1.8411,True,-1.0,both_sl_first,0.22160010148760012,tp
2026-01-02 20:00:00+00:00,bullish,1.9246,1.9767,259.7078909326545,0.05209999999999981,0.029366980593313746,bullish,BALANCE,2.0061,True,1.0000000000000027,tp,1.7741013528596146,tp
2026-01-04 04:00:00+00:00,bullish,2.0178,2.0516,163.2061805890887,0.033800000000000274,0.030985323141789773,bullish,IMBALANCE,2.071,True,1.0,tp,1.0908390351564403,tp
2026-01-05 04:00:00+00:00,bullish,2.102,2.1083,29.535864978902822,0.006299999999999972,0.035017075303006615,bullish,IMBALANCE,2.133,True,1.0,tp,0.17991222697742015,tp
2026-01-05 16:00:00+00:00,bullish,2.1519,2.1634,50.50283255017473,0.011500000000000288,0.04201152129763319,bullish,IMBALANCE,2.2771,True,1.0,tp,0.27373443390749563,tp
2026-01-05 20:00:00+00:00,bullish,2.1687,2.2751,453.32538025648785,0.10640000000000027,0.04564641263351652,bullish,IMBALANCE,2.3471,True,-1.0,sl,-1.0,sl
2026-01-06 00:00:00+00:00,bullish,2.2814,2.3161,145.48656240828458,0.03469999999999995,0.049628811731122484,bullish,IMBALANCE,2.3851,True,-1.0,sl,-1.0,sl
2026-01-19 00:00:00+00:00,bearish,1.9904,2.0449,277.2549219107708,0.054500000000000215,0.03776506699428935,bearish,BALANCE,1.9657,True,1.0,tp,-1.0,sl
2026-01-25 20:00:00+00:00,bearish,1.8398,1.8829,234.9542084605316,0.043099999999999916,0.027647958380826346,bearish,IMBALANCE,1.8344,True,-1.0,sl,-1.0,sl
2026-01-29 04:00:00+00:00,bearish,1.8883,1.9062,94.9854072698318,0.017899999999999805,0.03017131060315187,bearish,BALANCE,1.8845,True,1.0,tp,0.5932788348322496,tp
2026-01-29 16:00:00+00:00,bearish,1.8415,1.8664,139.24616933229026,0.024900000000000144,0.03630636639764018,bearish,BALANCE,1.7882,True,1.0,tp,0.6858301303767645,tp
2026-01-30 04:00:00+00:00,bearish,1.7715,1.7845,73.95608146546763,0.0129999999999999,0.040939827615020206,bearish,IMBALANCE,1.7578,True,1.0,tp,0.3175391973372751,tp
2026-01-31 16:00:00+00:00,bearish,1.6488,1.679,190.933805399254,0.030200000000000005,0.05279648174224425,bearish,IMBALANCE,1.5817,True,-1.0,sl,-1.0,sl
2026-02-01 16:00:00+00:00,bearish,1.6261,1.6314,33.147789105008826,0.00529999999999986,0.05253849225792934,bearish,IMBALANCE,1.5989,True,1.0,tp,0.10087841832194884,tp
2026-02-04 16:00:00+00:00,bearish,1.5563,1.5781,140.30119706525963,0.02180000000000004,0.049162401414576964,bearish,IMBALANCE,1.5538,True,1.0,tp,0.44342829830798625,tp
2026-02-05 04:00:00+00:00,bearish,1.4582,1.4934,245.87873707739675,0.03520000000000012,0.05114394894600056,bearish,IMBALANCE,1.4316,True,1.0,tp,0.6882534635165812,tp
2026-02-05 12:00:00+00:00,bearish,1.3861,1.4171,239.2159888880308,0.030999999999999917,0.05936748659119436,bearish,IMBALANCE,1.2959,True,1.0,tp,0.5221713395661582,tp
2026-02-05 16:00:00+00:00,bearish,1.3126,1.3416,239.1358126494592,0.028999999999999915,0.06266980897753761,bearish,IMBALANCE,1.2127,True,-1.0,sl,0.4627427540172362,tp
2026-02-05 20:00:00+00:00,bearish,1.2643,1.2677,28.0158206987481,0.0034000000000000696,0.06728625119342778,bearish,IMBALANCE,1.2136,True,-1.0,both_sl_first,-1.0,both_sl_first
2026-02-07 08:00:00+00:00,bearish,1.4281,1.4322,29.464606539705304,0.0040999999999999925,0.07863444784869643,bearish,BALANCE,1.3915,True,-1.0,sl,0.05213999859055359,tp
2026-02-15 08:00:00+00:00,bullish,1.5432,1.5569,87.71368205390898,0.013700000000000045,0.044911302463186684,bullish,BALANCE,1.5619,True,-1.0,sl,-1.0,sl
2026-02-23 04:00:00+00:00,bearish,1.3774,1.3783,6.567904838357461,0.0009000000000001229,0.027569187504358068,bearish,BALANCE,1.3703,True,-1.0,both_sl_first,-1.0,both_sl_first
2026-02-27 12:00:00+00:00,bearish,1.3846,1.4032,137.17825798362674,0.01859999999999995,0.033398504732899265,bearish,BALANCE,1.3559,True,1.0,tp,0.5569111596088302,tp
2026-02-28 08:00:00+00:00,bearish,1.3059,1.3517,354.4342980962687,0.04579999999999984,0.03340961637597501,bearish,BALANCE,1.2922,True,-1.0,sl,-1.0,sl
