exit_ts,symbol,pnl_r,reason,pnl_usd,equity
2024-07-14 12:00:00+00:00,DOGEUSDT,2.967874528301887,BE,741.97,10741.97
2024-07-15 04:00:00+00:00,DOGEUSDT,-1.0204621301775147,SL,-274.04,10467.92
2024-07-18 08:00:00+00:00,DOGEUSDT,0.986693165467626,BE,258.22,10726.14
2024-07-28 00:00:00+00:00,DOGEUSDT,2.9848226765799257,BE,800.39,11526.53
2024-08-01 12:00:00+00:00,DOGEUSDT,-1.015691304347826,SL,-292.68,11233.85
2024-08-01 20:00:00+00:00,DOGEUSDT,-1.044553846153846,SL,-293.36,10940.49
2024-08-02 12:00:00+00:00,DOGEUSDT,-1.008187323943662,SL,-275.75,10664.74
2024-08-03 00:00:00+00:00,DOGEUSDT,-1.011025974025974,SL,-269.56,10395.18
2024-08-03 16:00:00+00:00,DOGEUSDT,-1.0072956896551724,SL,-261.78,10133.4
2024-08-23 20:00:00+00:00,DOGEUSDT,-1.011133445945946,SL,-256.16,9877.25
2024-08-28 08:00:00+00:00,DOGEUSDT,0.9886824427480916,BE,244.14,10121.38
2024-09-02 04:00:00+00:00,DOGEUSDT,0.9762449999999998,BE,247.02,10368.41
2024-09-07 00:00:00+00:00,DOGEUSDT,2.945514,BE,763.51,11131.91
2024-09-10 00:00:00+00:00,DOGEUSDT,2.970633962264151,BE,826.72,11958.63
2024-09-13 16:00:00+00:00,DOGEUSDT,-1.0140461883408072,SL,-303.17,11655.47
2024-09-20 00:00:00+00:00,DOGEUSDT,2.9763223880597014,BE,867.26,12522.73
2024-09-20 12:00:00+00:00,DOGEUSDT,2.9623694117647053,BE,927.42,13450.15
2024-09-21 20:00:00+00:00,DOGEUSDT,-1.074488636363637,SL,-361.3,13088.85
2024-09-25 08:00:00+00:00,DOGEUSDT,2.946512903225806,BE,964.16,14053.02
2024-09-26 12:00:00+00:00,DOGEUSDT,-1.0216745222929935,SL,-358.94,13694.07
2024-10-14 20:00:00+00:00,DOGEUSDT,-1.031819266055046,SL,-353.25,13340.83
2024-10-16 04:00:00+00:00,DOGEUSDT,-1.0414600000000005,SL,-347.35,12993.48
2024-10-22 00:00:00+00:00,DOGEUSDT,0.9930985576923077,BE,322.6,13316.08
2024-11-05 12:00:00+00:00,DOGEUSDT,-1.0294192982456143,SL,-342.7,12973.38
2024-11-06 08:00:00+00:00,DOGEUSDT,2.992598716452742,BE,970.6,13943.98
2024-11-20 00:00:00+00:00,DOGEUSDT,2.992135811247576,BE,1043.06,14987.04
2024-11-23 04:00:00+00:00,DOGEUSDT,-1.0153155747836835,SL,-380.41,14606.63
2024-11-24 08:00:00+00:00,DOGEUSDT,0.9960626001780943,BE,363.73,14970.35
2024-12-09 00:00:00+00:00,DOGEUSDT,0.9929737160120846,BE,371.63,15341.98
2024-12-19 04:00:00+00:00,DOGEUSDT,0.9886799789251844,BE,379.21,15721.19
2024-12-19 20:00:00+00:00,DOGEUSDT,-1.0090254063301967,SL,-396.58,15324.61
2025-01-02 16:00:00+00:00,DOGEUSDT,2.96281847826087,BE,1135.1,16459.72
2025-01-03 16:00:00+00:00,DOGEUSDT,-1.1175089887640446,SL,-459.85,15999.87
2025-01-06 08:00:00+00:00,XRPUSDT,2.9761963815789474,BE,1190.47,17190.34
2025-01-06 20:00:00+00:00,XRPUSDT,2.951913157894737,BE,1268.61,18458.95
2025-01-08 08:00:00+00:00,SOLUSDT,-1.029793,SL,-475.22,17983.72
2025-01-08 16:00:00+00:00,LINKUSDT,-1.02974019138756,SL,-462.96,17520.76
2025-01-09 00:00:00+00:00,SOLUSDT,0.9901934343434343,BE,433.72,17954.48
2025-01-09 12:00:00+00:00,BTCUSDT,-1.041319955654102,SL,-467.41,17487.08
2025-01-10 00:00:00+00:00,BTCUSDT,7.752181115107907,TP,3389.07,20876.15
2025-01-10 00:00:00+00:00,DOGEUSDT,7.922140163934426,TP,4134.59,25010.74
2025-01-10 00:00:00+00:00,LINKUSDT,5.9514575,BE,3721.26,28732.0
2025-01-10 00:00:00+00:00,SOLUSDT,-1.0688259259259256,SL,-767.74,27964.27
2025-01-12 00:00:00+00:00,XRPUSDT,-1.2616413793103536,SL,-882.02,27082.24
2025-01-12 20:00:00+00:00,XRPUSDT,0.9877991935483871,BE,668.8,27751.04
2025-01-13 12:00:00+00:00,LINKUSDT,-1.0573030000000012,SL,-733.53,27017.51
2025-01-13 16:00:00+00:00,BTCUSDT,6.460550847457374,TP,4363.7,31381.21
2025-01-13 16:00:00+00:00,SOLUSDT,-1.2504714285714191,SL,-981.03,30400.18
2025-01-14 20:00:00+00:00,XRPUSDT,-1.031439024390244,SL,-783.9,29616.28
2025-01-15 08:00:00+00:00,DOGEUSDT,7.888871428571426,TP,5840.98,35457.25
2025-01-15 20:00:00+00:00,BTCUSDT,-1.0369513133325032,SL,-919.19,34538.07
2025-01-15 20:00:00+00:00,DOGEUSDT,-1.0157631728045327,SL,-877.06,33661.0
2025-01-15 20:00:00+00:00,LINKUSDT,-1.0431860000000004,SL,-877.87,32783.14
2025-01-16 00:00:00+00:00,SOLUSDT,-1.123569387755107,SL,-920.85,31862.28
2025-01-16 16:00:00+00:00,LINKUSDT,-1.269567999999977,SL,-1011.28,30851.0
2025-01-17 08:00:00+00:00,DOGEUSDT,-1.023986929460581,SL,-789.78,30061.22
2025-01-19 08:00:00+00:00,DOGEUSDT,0.996504081632653,BE,748.9,30810.13
2025-01-19 08:00:00+00:00,XRPUSDT,0.9934744855967078,BE,765.23,31575.35
2025-01-19 20:00:00+00:00,LINKUSDT,-1.0143553672316383,SL,-800.72,30774.64
2025-01-20 12:00:00+00:00,BTCUSDT,0.9886028498511271,BE,760.6,31535.24
2025-01-20 12:00:00+00:00,LINKUSDT,-1.0202353846153847,SL,-804.33,30730.9
2025-01-20 12:00:00+00:00,SOLUSDT,0.9951880514705882,BE,764.58,31495.48
2025-01-20 20:00:00+00:00,LINKUSDT,0.9928956043956044,BE,781.79,32277.27
2025-01-22 00:00:00+00:00,LINKUSDT,-1.0173667391304348,SL,-820.95,31456.33
2025-01-27 12:00:00+00:00,XRPUSDT,0.9948497555012225,BE,782.36,32238.68
2025-02-03 00:00:00+00:00,LINKUSDT,-1.0089878787878788,SL,-813.21,31425.47
2025-02-07 00:00:00+00:00,DOGEUSDT,7.943309302325581,TP,6240.56,37666.03
2025-02-14 08:00:00+00:00,XRPUSDT,-1.0700675675675655,SL,-1007.63,36658.4
2025-02-14 16:00:00+00:00,XRPUSDT,-1.0140562607204116,SL,-929.34,35729.06
2025-02-15 00:00:00+00:00,DOGEUSDT,0.9920716746411483,BE,886.14,36615.2
2025-02-17 12:00:00+00:00,SOLUSDT,-1.0725,SL,-981.75,35633.46
2025-02-17 20:00:00+00:00,SOLUSDT,-1.0478539823008852,SL,-933.47,34699.99
2025-02-19 00:00:00+00:00,BTCUSDT,2.9618975695382117,BE,2569.45,37269.43
2025-02-21 00:00:00+00:00,BTCUSDT,2.7319621253406137,BE,2545.47,39814.9
2025-02-21 16:00:00+00:00,BTCUSDT,7.904074245864419,TP,7867.5,47682.4
2025-02-24 16:00:00+00:00,SOLUSDT,-1.012246923076923,SL,-1206.66,46475.74
2025-02-24 20:00:00+00:00,LINKUSDT,-1.028607647058824,SL,-1195.13,45280.61
2025-02-25 00:00:00+00:00,XRPUSDT,-1.0318716814159297,SL,-1168.09,44112.51
2025-02-25 04:00:00+00:00,BTCUSDT,-1.1279923076923077,SL,-1243.96,42868.55
2025-02-26 12:00:00+00:00,LINKUSDT,0.9941855513307984,BE,1065.48,43934.03
2025-02-27 00:00:00+00:00,XRPUSDT,2.9776914675767916,BE,3270.55,47204.58
2025-02-28 08:00:00+00:00,DOGEUSDT,-1.0693548780487816,SL,-1261.96,45942.62
2025-02-28 08:00:00+00:00,LINKUSDT,-1.0717620689655174,SL,-1230.99,44711.63
2025-02-28 08:00:00+00:00,SOLUSDT,7.9340051724137926,TP,8868.56,53580.19
2025-02-28 08:00:00+00:00,XRPUSDT,-1.1781999999999964,SL,-1578.2,52001.99
2025-03-02 20:00:00+00:00,XRPUSDT,-1.0071550964187328,SL,-1309.35,50692.63
2025-03-03 00:00:00+00:00,BTCUSDT,0.9813537970474797,BE,1243.69,51936.32
2025-03-03 00:00:00+00:00,DOGEUSDT,-1.0183482849604222,SL,-1322.23,50614.09
2025-03-03 00:00:00+00:00,LINKUSDT,-1.0124617647058822,SL,-1281.12,49332.97
2025-03-03 00:00:00+00:00,SOLUSDT,0.99351608040201,BE,1225.33,50558.29
2025-03-06 08:00:00+00:00,LINKUSDT,-1.0426818181818187,SL,-1317.91,49240.39
2025-03-06 16:00:00+00:00,LINKUSDT,5.970367796610169,BE,7349.58,56589.97
2025-03-09 20:00:00+00:00,DOGEUSDT,-1.0412232558139531,SL,-1473.07,55116.9
2025-03-10 04:00:00+00:00,BTCUSDT,2.9680348474844847,BE,4089.72,59206.62
2025-03-10 20:00:00+00:00,DOGEUSDT,-1.0155701863354036,SL,-1503.21,57703.41
2025-03-10 20:00:00+00:00,SOLUSDT,-1.0212563953488372,SL,-1473.25,56230.16
2025-03-11 00:00:00+00:00,BTCUSDT,-1.014589336697022,SL,-1426.26,54803.9
2025-03-11 00:00:00+00:00,LINKUSDT,-1.0096535175879398,SL,-1383.32,53420.57
2025-03-11 00:00:00+00:00,XRPUSDT,-1.0074096428571429,SL,-1345.41,52075.16
2025-03-15 08:00:00+00:00,XRPUSDT,5.872442105263159,BE,7645.21,59720.37
2025-03-15 16:00:00+00:00,XRPUSDT,0.9856585798816568,BE,1471.6,61191.97
2025-03-19 20:00:00+00:00,XRPUSDT,2.9778606936416185,BE,4555.53,65747.5
2025-03-20 04:00:00+00:00,BTCUSDT,5.855477580466147,BE,9624.58,75372.07
2025-03-20 04:00:00+00:00,LINKUSDT,7.804178260869563,TP,14705.43,90077.5
2025-03-24 04:00:00+00:00,BTCUSDT,-1.3864255988024625,SL,-3122.14,86955.36
2025-03-24 08:00:00+00:00,SOLUSDT,-1.1255545454545515,SL,-2446.82,84508.53
2025-03-24 12:00:00+00:00,LINKUSDT,-1.0336223880597017,SL,-2183.75,82324.79
2025-03-24 16:00:00+00:00,DOGEUSDT,-1.2412545454545476,SL,-2554.65,79770.14
2025-03-25 12:00:00+00:00,LINKUSDT,-1.0828818181818187,SL,-2159.54,77610.59
2025-03-25 12:00:00+00:00,SOLUSDT,-1.0099571428571428,SL,-1959.58,75651.01
2025-03-25 20:00:00+00:00,BTCUSDT,-1.0234929782082323,SL,-1935.71,73715.3
2025-03-26 12:00:00+00:00,BTCUSDT,5.932794279176202,BE,10933.44,84648.75
2025-03-26 12:00:00+00:00,SOLUSDT,2.97538125,BE,6296.56,90945.3
2025-03-27 08:00:00+00:00,LINKUSDT,2.9699656050955414,BE,6752.61,97697.91
2025-03-28 12:00:00+00:00,XRPUSDT,-1.1513636363636226,SL,-2812.15,94885.77
2025-03-29 16:00:00+00:00,BTCUSDT,-1.08447973296816,SL,-2572.54,92313.23
2025-03-29 16:00:00+00:00,SOLUSDT,-1.0379484848484846,SL,-2395.41,89917.82
2025-03-30 00:00:00+00:00,LINKUSDT,0.9804163461538462,BE,2203.92,92121.74
2025-03-30 04:00:00+00:00,SOLUSDT,0.9810421319796954,BE,2259.38,94381.12
2025-03-31 04:00:00+00:00,DOGEUSDT,-1.0235556603773586,SL,-2415.11,91966.01
2025-03-31 04:00:00+00:00,LINKUSDT,-1.017799557522124,SL,-2340.07,89625.94
2025-03-31 08:00:00+00:00,BTCUSDT,2.9093194362017822,BE,6518.76,96144.7
2025-03-31 08:00:00+00:00,XRPUSDT,-1.2012516129032047,SL,-2887.35,93257.35
2025-04-02 20:00:00+00:00,BTCUSDT,-1.0449660328435608,SL,-2436.27,90821.08
2025-04-03 20:00:00+00:00,SOLUSDT,2.9821734375,BE,6771.11,97592.19
2025-04-07 00:00:00+00:00,DOGEUSDT,-1.0238296875,SL,-2497.94,95094.24
2025-04-07 00:00:00+00:00,LINKUSDT,-1.024795,SL,-2436.3,92657.94
2025-04-07 00:00:00+00:00,SOLUSDT,-1.0178005494505495,SL,-2357.68,90300.26
2025-04-07 04:00:00+00:00,BTCUSDT,-1.0183856070674693,SL,-2299.01,88001.25
2025-04-07 04:00:00+00:00,XRPUSDT,-1.009764745762712,SL,-2221.51,85779.73
2025-04-09 08:00:00+00:00,BTCUSDT,5.951209427828348,BE,12762.33,98542.06
2025-04-09 08:00:00+00:00,LINKUSDT,2.98692,BE,7358.43,105900.49
2025-04-12 20:00:00+00:00,SOLUSDT,-1.0305671875,SL,-2728.44,103172.05
2025-04-12 20:00:00+00:00,XRPUSDT,0.9810683284457478,BE,2530.47,105702.52
2025-04-13 04:00:00+00:00,BTCUSDT,2.96043421011914,BE,7823.13,113525.66
2025-04-13 16:00:00+00:00,XRPUSDT,2.9859268656716416,BE,8474.48,122000.14
2025-04-14 12:00:00+00:00,SOLUSDT,0.9910839729119639,BE,3022.81,125022.95
2025-04-19 08:00:00+00:00,SOLUSDT,-1.096774418604656,SL,-3428.05,121594.9
2025-04-20 20:00:00+00:00,LINKUSDT,-1.0385382352941175,SL,-3157.02,118437.88
2025-04-21 08:00:00+00:00,BTCUSDT,-1.0574472319859407,SL,-3131.05,115306.83
2025-04-21 12:00:00+00:00,SOLUSDT,0.9894477272727273,BE,2852.25,118159.09
2025-04-22 16:00:00+00:00,DOGEUSDT,-1.0565655172413786,SL,-3121.07,115038.02
2025-04-22 16:00:00+00:00,LINKUSDT,-1.053048684210526,SL,-3028.52,112009.5
2025-04-24 20:00:00+00:00,DOGEUSDT,-1.0227744680851065,SL,-2864.01,109145.49
2025-04-26 08:00:00+00:00,SOLUSDT,0.9923852348993288,BE,2707.86,111853.35
2025-04-27 04:00:00+00:00,DOGEUSDT,0.9948537158984008,BE,2781.94,114635.29
2025-04-28 00:00:00+00:00,XRPUSDT,1.1498000000144568,TP,3295.19,117930.48
2025-04-28 08:00:00+00:00,XRPUSDT,-1.0187135359116024,SL,-3003.43,114927.05
2025-04-28 12:00:00+00:00,BTCUSDT,-1.2439216494845482,SL,-3574.01,111353.04
2025-04-29 04:00:00+00:00,BTCUSDT,2.9532786159396527,BE,8221.41,119574.45
2025-04-29 20:00:00+00:00,XRPUSDT,0.989893832599119,BE,2959.15,122533.61
2025-05-01 16:00:00+00:00,BTCUSDT,-1.130022542831378,SL,-3461.64,119071.96
2025-05-02 16:00:00+00:00,BTCUSDT,-1.0752335231685213,SL,-3200.75,115871.21
2025-05-06 16:00:00+00:00,LINKUSDT,5.936757142857143,BE,17197.48,133068.69
2025-05-08 08:00:00+00:00,BTCUSDT,-1.2917507360157183,SL,-4297.29,128771.4
2025-05-08 12:00:00+00:00,LINKUSDT,-1.0917374999999998,SL,-3514.61,125256.78
2025-05-12 04:00:00+00:00,SOLUSDT,-1.0102960238568588,SL,-3163.66,122093.12
2025-05-12 12:00:00+00:00,XRPUSDT,-1.01675625,SL,-3103.47,118989.65
2025-05-13 04:00:00+00:00,SOLUSDT,0.9928333333333333,BE,2953.42,121943.07
2025-05-13 16:00:00+00:00,XRPUSDT,-1.0223570588235293,SL,-3116.73,118826.34
2025-05-14 00:00:00+00:00,BTCUSDT,5.846340293398533,BE,17367.48,136193.82
2025-05-14 00:00:00+00:00,DOGEUSDT,-1.017226201923077,SL,-3463.5,132730.32
2025-05-14 00:00:00+00:00,LINKUSDT,2.9726238341968916,BE,9863.93,142594.25
2025-05-14 00:00:00+00:00,SOLUSDT,-1.0232353191489358,SL,-3647.69,138946.57
2025-05-18 20:00:00+00:00,BTCUSDT,-1.1747391496410766,SL,-4080.65,134865.92
2025-05-18 20:00:00+00:00,DOGEUSDT,7.920270786516854,TP,26704.36,161570.28
2025-05-19 04:00:00+00:00,BTCUSDT,7.856400134952769,TP,31734.02,193304.3
2025-05-21 00:00:00+00:00,BTCUSDT,2.8856318959372738,BE,13945.13,207249.43
2025-05-21 20:00:00+00:00,BTCUSDT,-1.066236278881233,SL,-5524.42,201725.01
2025-05-22 08:00:00+00:00,DOGEUSDT,-1.0288167330677294,SL,-5188.45,196536.56
2025-05-22 12:00:00+00:00,SOLUSDT,-1.1846137931034533,SL,-5820.5,190716.06
2025-05-22 20:00:00+00:00,LINKUSDT,2.944006666666669,BE,14036.73,204752.79
2025-05-23 04:00:00+00:00,DOGEUSDT,-1.2945759999999997,SL,-6626.7,198126.09
2025-05-23 04:00:00+00:00,SOLUSDT,-1.0445314049586785,SL,-5173.72,192952.37
2025-05-23 08:00:00+00:00,LINKUSDT,7.83948125,TP,37816.16,230768.53
2025-05-29 00:00:00+00:00,XRPUSDT,7.60715882352942,TP,43887.32,274655.85
2025-05-30 16:00:00+00:00,DOGEUSDT,-1.0146198090692125,SL,-6966.78,267689.07
2025-05-30 20:00:00+00:00,LINKUSDT,-1.0418705882352939,SL,-6972.43,260716.63
2025-05-30 20:00:00+00:00,SOLUSDT,-1.0374744186046514,SL,-6762.17,253954.46
2025-05-31 04:00:00+00:00,XRPUSDT,-1.0593972222222214,SL,-6725.97,247228.5
2025-06-01 08:00:00+00:00,SOLUSDT,-1.0223024038461541,SL,-6318.56,240909.94
2025-06-02 08:00:00+00:00,DOGEUSDT,0.980979,BE,5908.19,246818.13
2025-06-06 00:00:00+00:00,BTCUSDT,-1.0819353887399463,SL,-6676.03,240142.1
2025-06-06 00:00:00+00:00,DOGEUSDT,-1.0119361556064073,SL,-6075.21,234066.89
2025-06-06 00:00:00+00:00,LINKUSDT,-1.0341043103448277,SL,-6051.24,228015.65
2025-06-06 00:00:00+00:00,SOLUSDT,-1.021176811594203,SL,-5821.11,222194.54
2025-06-08 20:00:00+00:00,XRPUSDT,-1.041900613496933,SL,-5787.62,216406.92
2025-06-09 16:00:00+00:00,BTCUSDT,-1.4822737313432834,SL,-8019.36,208387.57
2025-06-10 00:00:00+00:00,XRPUSDT,-1.0374135869565222,SL,-5404.6,202982.96
2025-06-10 04:00:00+00:00,SOLUSDT,5.920775409836064,BE,30045.41,233028.38
2025-06-10 08:00:00+00:00,LINKUSDT,-1.028557236842105,SL,-5992.08,227036.3
2025-06-11 00:00:00+00:00,SOLUSDT,-1.0254191709844558,SL,-5820.18,221216.12
2025-06-11 12:00:00+00:00,DOGEUSDT,0.9859125290023202,BE,5452.49,226668.61
2025-06-11 20:00:00+00:00,XRPUSDT,5.94551484375,BE,33691.54,260360.15
2025-06-13 08:00:00+00:00,XRPUSDT,0.9851475524475525,BE,6412.33,266772.48
2025-06-17 00:00:00+00:00,BTCUSDT,7.8868024322446155,TP,52599.55,319372.03
2025-06-21 20:00:00+00:00,DOGEUSDT,-1.0400324999999997,SL,-8303.93,311068.09
2025-06-22 00:00:00+00:00,LINKUSDT,-1.3047249999999884,SL,-10146.46,300921.64
2025-06-22 12:00:00+00:00,SOLUSDT,-1.0083530864197532,SL,-7585.88,293335.75
2025-06-22 12:00:00+00:00,XRPUSDT,-1.0083004032258065,SL,-7394.26,285941.49
2025-06-22 20:00:00+00:00,BTCUSDT,-1.4722119426751372,SL,-10524.16,275417.33
2025-06-24 20:00:00+00:00,LINKUSDT,0.9569451612903226,BE,6588.98,282006.31
2025-06-25 00:00:00+00:00,XRPUSDT,7.825826315789475,TP,55173.31,337179.62
2025-06-25 12:00:00+00:00,BTCUSDT,-1.1571497050147537,SL,-9754.18,327425.44
2025-06-27 08:00:00+00:00,BTCUSDT,2.9406693114874813,BE,24071.25,351496.69
2025-06-29 00:00:00+00:00,SOLUSDT,0.9780650485436894,BE,8594.67,360091.35
2025-06-29 16:00:00+00:00,BTCUSDT,5.219274358973667,TP,46985.39,407076.74
2025-06-30 04:00:00+00:00,BTCUSDT,-1.1717385835095164,SL,-11924.69,395152.05
2025-06-30 04:00:00+00:00,DOGEUSDT,7.91804677419355,TP,78220.81,473372.86
2025-06-30 04:00:00+00:00,LINKUSDT,2.975532142857143,BE,35213.4,508586.27
2025-06-30 20:00:00+00:00,SOLUSDT,2.9787753363228697,BE,37874.11,546460.37
2025-07-01 00:00:00+00:00,XRPUSDT,7.908448684210527,TP,108041.35,654501.72
2025-07-02 20:00:00+00:00,BTCUSDT,-1.5508212837836752,SL,-25375.38,629126.34
2025-07-03 00:00:00+00:00,DOGEUSDT,2.970364161849711,BE,46718.36,675844.7
2025-07-03 00:00:00+00:00,LINKUSDT,7.782610526315791,TP,131495.9,807340.6
2025-07-03 12:00:00+00:00,BTCUSDT,-1.071943951701427,SL,-21635.6,785705.0
2025-07-03 12:00:00+00:00,DOGEUSDT,-1.0737112676056322,SL,-21090.51,764614.49
2025-07-03 12:00:00+00:00,LINKUSDT,-1.138770000000003,SL,-21768.0,742846.49
2025-07-03 12:00:00+00:00,SOLUSDT,7.870391666666661,TP,146162.32,889008.81
2025-07-03 16:00:00+00:00,XRPUSDT,2.9558538461538464,BE,65694.5,954703.32
2025-07-04 00:00:00+00:00,BTCUSDT,0.9555212915428261,BE,22805.98,977509.3
2025-07-07 04:00:00+00:00,DOGEUSDT,-1.0155313253012048,SL,-24817.28,952692.02
2025-07-07 20:00:00+00:00,XRPUSDT,5.9405567796610175,BE,141488.03,1094180.04
2025-07-09 00:00:00+00:00,LINKUSDT,-1.1669199999999975,SL,-31920.51,1062259.53
2025-07-09 00:00:00+00:00,XRPUSDT,7.367136363636422,TP,195645.27,1257904.8
2025-07-09 12:00:00+00:00,LINKUSDT,2.936668656716418,BE,92351.24,1350256.04
2025-07-09 12:00:00+00:00,XRPUSDT,-1.1165399999999956,SL,-37690.37,1312565.67
2025-07-10 00:00:00+00:00,BTCUSDT,2.8946049056603775,BE,94983.98,1407549.64
2025-07-10 00:00:00+00:00,DOGEUSDT,-1.0680346153846152,SL,-37582.79,1369966.85
2025-07-10 00:00:00+00:00,SOLUSDT,-1.0827526315789442,SL,-37083.38,1332883.47
2025-07-13 08:00:00+00:00,LINKUSDT,-1.0267017647058823,SL,-34211.85,1298671.62
2025-07-14 00:00:00+00:00,DOGEUSDT,-1.0080803547066848,SL,-32729.13,1265942.49
2025-07-14 08:00:00+00:00,DOGEUSDT,-1.0286682242990655,SL,-32555.87,1233386.62
2025-07-14 08:00:00+00:00,SOLUSDT,0.9582325000000006,BE,29546.78,1262933.4
2025-07-16 04:00:00+00:00,LINKUSDT,-1.0536833333333333,SL,-33268.3,1229665.1
2025-07-16 04:00:00+00:00,XRPUSDT,0.9671876404494382,BE,29732.92,1259398.02
2025-07-16 12:00:00+00:00,LINKUSDT,-1.061955696202534,SL,-33435.62,1225962.4
2025-07-16 16:00:00+00:00,SOLUSDT,-1.0543489130434773,SL,-32314.8,1193647.6
2025-07-17 00:00:00+00:00,DOGEUSDT,-1.0309995049504952,SL,-30766.25,1162881.34
2025-07-17 12:00:00+00:00,SOLUSDT,-1.0259686567164181,SL,-29827.0,1133054.35
2025-07-18 08:00:00+00:00,BTCUSDT,2.95117931501286,BE,83596.16,1216650.51
2025-07-22 16:00:00+00:00,XRPUSDT,-1.0188560714285715,SL,-30989.79,1185660.72
2025-07-22 20:00:00+00:00,LINKUSDT,0.9910701538461538,BE,29376.82,1215037.54
2025-07-23 04:00:00+00:00,DOGEUSDT,7.630345454545451,TP,231778.9,1446816.45
2025-07-23 04:00:00+00:00,XRPUSDT,2.9637418367346937,BE,107199.76,1554016.21
2025-08-01 12:00:00+00:00,DOGEUSDT,-1.0229617100371748,SL,-39742.48,1514273.73
2025-08-01 12:00:00+00:00,SOLUSDT,-1.0243057416267942,SL,-38776.98,1475496.75
2025-08-02 00:00:00+00:00,BTCUSDT,-1.3245799426934188,SL,-48860.34,1426636.41
2025-08-02 04:00:00+00:00,DOGEUSDT,-1.010497386759582,SL,-36040.31,1390596.11
2025-08-02 16:00:00+00:00,BTCUSDT,-1.031810348685437,SL,-35870.79,1354725.32
2025-08-02 20:00:00+00:00,XRPUSDT,-1.1035000000000001,SL,-37373.48,1317351.83
2025-08-07 20:00:00+00:00,LINKUSDT,-1.0210614173228347,SL,-33627.43,1283724.41
2025-08-08 00:00:00+00:00,BTCUSDT,-1.4419353826850851,SL,-46276.19,1237448.22
2025-08-08 04:00:00+00:00,DOGEUSDT,-1.0865597402597411,SL,-33614.04,1203834.18
2025-08-08 04:00:00+00:00,XRPUSDT,-1.06592251655629,SL,-32079.85,1171754.33
2025-08-08 12:00:00+00:00,SOLUSDT,-1.07275616438356,SL,-31425.17,1140329.16
2025-08-09 00:00:00+00:00,SOLUSDT,2.9553975000000006,BE,84253.15,1224582.31
2025-08-09 00:00:00+00:00,XRPUSDT,2.977245681818182,BE,91147.06,1315729.37
2025-08-09 12:00:00+00:00,SOLUSDT,-1.0347192307692308,SL,-34035.26,1281694.11
2025-08-10 08:00:00+00:00,BTCUSDT,6.2228,TP,199393.15,1481087.26
2025-08-10 08:00:00+00:00,SOLUSDT,5.946660576923077,BE,220188.08,1701275.34
2025-08-10 16:00:00+00:00,BTCUSDT,-1.0802731734901596,SL,-45946.05,1655329.29
2025-08-11 08:00:00+00:00,DOGEUSDT,0.9917678738317757,BE,41042.56,1696371.85
2025-08-11 08:00:00+00:00,SOLUSDT,7.913239062499998,TP,335594.9,2031966.75
2025-08-12 20:00:00+00:00,LINKUSDT,7.919976666666667,TP,402328.23,2434294.98
2025-08-13 00:00:00+00:00,SOLUSDT,-1.1191375000000026,SL,-68107.77,2366187.21
2025-08-13 12:00:00+00:00,DOGEUSDT,-1.6677454545454609,SL,-98654.95,2267532.26
2025-08-13 16:00:00+00:00,BTCUSDT,-1.2102413953488371,SL,-68606.54,2198925.73
2025-08-14 00:00:00+00:00,DOGEUSDT,-1.0108690936106983,SL,-55570.65,2143355.08
2025-08-17 12:00:00+00:00,LINKUSDT,-1.0271858208955227,SL,-55040.6,2088314.48
2025-08-18 20:00:00+00:00,LINKUSDT,-1.0090463733650417,SL,-52680.15,2035634.33
2025-08-20 00:00:00+00:00,BTCUSDT,-1.0932475536008788,SL,-55636.31,1979998.02
2025-08-20 00:00:00+00:00,XRPUSDT,-1.1627528301886767,SL,-57556.21,1922441.81
2025-08-20 20:00:00+00:00,LINKUSDT,-1.0150533849129595,SL,-48784.53,1873657.28
2025-08-22 00:00:00+00:00,BTCUSDT,5.838860919540232,BE,273500.61,2147157.89
2025-08-23 00:00:00+00:00,DOGEUSDT,-1.0688615384615376,SL,-57375.36,2089782.53
2025-08-23 00:00:00+00:00,LINKUSDT,2.988168069666183,BE,156115.54,2245898.07
2025-08-23 00:00:00+00:00,SOLUSDT,-1.0775207792207782,SL,-60500.05,2185398.02
2025-08-26 12:00:00+00:00,BTCUSDT,0.9739627548601235,BE,53212.41,2238610.43
2025-08-27 20:00:00+00:00,SOLUSDT,5.923679268292682,BE,331520.25,2570130.68
2025-08-28 12:00:00+00:00,SOLUSDT,-1.193663636363629,SL,-76696.79,2493433.89
2025-08-29 04:00:00+00:00,SOLUSDT,-1.0250155642023346,SL,-63895.21,2429538.68
2025-09-01 08:00:00+00:00,XRPUSDT,5.948932919254659,BE,361329.07,2790867.74
2025-09-03 20:00:00+00:00,BTCUSDT,2.8885743377483446,BE,201540.72,2992408.47
2025-09-05 12:00:00+00:00,BTCUSDT,-1.6912244897959183,SL,-126520.86,2865887.61
2025-09-07 20:00:00+00:00,DOGEUSDT,-1.045014093959731,SL,-74872.32,2791015.28
2025-09-08 04:00:00+00:00,DOGEUSDT,-1.1345117647058869,SL,-79160.99,2711854.29
2025-09-08 16:00:00+00:00,SOLUSDT,-1.0411961538461538,SL,-70589.31,2641264.98
2025-09-08 16:00:00+00:00,XRPUSDT,-1.0465873015873017,SL,-69107.86,2572157.12
2025-09-10 04:00:00+00:00,SOLUSDT,-1.0275987288135595,SL,-66078.63,2506078.49
2025-09-10 20:00:00+00:00,BTCUSDT,0.9298389025893945,BE,58256.23,2564334.72
2025-09-10 20:00:00+00:00,XRPUSDT,2.958882191780822,BE,189689.11,2754023.83
2025-09-12 00:00:00+00:00,XRPUSDT,-1.0880980582524273,SL,-74916.2,2679107.63
2025-09-12 04:00:00+00:00,LINKUSDT,-1.2157529411764774,SL,-81428.32,2597679.31
2025-09-12 20:00:00+00:00,LINKUSDT,-1.0210352435530086,SL,-66308.05,2531371.25
2025-09-13 00:00:00+00:00,XRPUSDT,-1.2259878048780368,SL,-77585.76,2453785.5
2025-09-14 04:00:00+00:00,LINKUSDT,0.9902062992125984,BE,60743.85,2514529.34
2025-09-15 08:00:00+00:00,DOGEUSDT,2.9880825531914894,BE,187840.53,2702369.87
2025-09-17 00:00:00+00:00,BTCUSDT,-1.4804818930041534,SL,-100020.24,2602349.63
2025-09-17 12:00:00+00:00,BTCUSDT,7.759176490747078,TP,504802.25,3107151.88
2025-09-18 04:00:00+00:00,SOLUSDT,-1.040564640883978,SL,-80829.81,3026322.07
2025-09-18 08:00:00+00:00,BTCUSDT,2.8946222653915097,BE,219001.48,3245323.56
2025-09-18 16:00:00+00:00,XRPUSDT,6.95473333333296,TP,564259.0,3809582.55
2025-09-18 20:00:00+00:00,DOGEUSDT,7.930131707317074,TP,755262.29,4564844.84
2025-09-22 08:00:00+00:00,DOGEUSDT,-1.0214344827586206,SL,-116567.25,4448277.59
2025-09-22 08:00:00+00:00,XRPUSDT,-1.0318956043956045,SL,-114753.95,4333523.64
2025-09-22 12:00:00+00:00,BTCUSDT,0.9657603268040191,BE,104628.63,4438152.27
2025-09-23 00:00:00+00:00,SOLUSDT,-1.0069827911857292,SL,-111728.57,4326423.69
2025-09-24 00:00:00+00:00,BTCUSDT,5.741838781804158,BE,621040.68,4947464.38
2025-09-24 00:00:00+00:00,DOGEUSDT,-1.0107780597014926,SL,-125019.71,4822444.67
2025-09-24 04:00:00+00:00,LINKUSDT,-1.16545384615384,SL,-140508.42,4681936.25
2025-09-24 08:00:00+00:00,BTCUSDT,5.852002032699958,BE,684967.51,5366903.76
2025-09-24 12:00:00+00:00,XRPUSDT,0.9947760909649662,BE,133471.69,5500375.45
2025-09-25 12:00:00+00:00,DOGEUSDT,-1.0454188311688315,SL,-143754.9,5356620.55
2025-09-25 12:00:00+00:00,LINKUSDT,-1.089807142857147,SL,-145942.08,5210678.47
2025-09-26 00:00:00+00:00,BTCUSDT,0.9560608922829579,BE,124543.15,5335221.61
2025-09-27 20:00:00+00:00,BTCUSDT,0.9182291375872377,BE,122473.9,5457695.51
2025-09-29 20:00:00+00:00,BTCUSDT,-1.0782697247706423,SL,-147121.7,5310573.82
2025-10-01 00:00:00+00:00,BTCUSDT,2.8434836604290217,BE,377513.25,5688087.06
2025-10-01 20:00:00+00:00,DOGEUSDT,-1.080828571428572,SL,-153696.18,5534390.89
2025-10-01 20:00:00+00:00,LINKUSDT,-1.0763363636363628,SL,-148921.65,5385469.23
2025-10-01 20:00:00+00:00,SOLUSDT,-1.1610707317073183,SL,-156322.77,5229146.47
2025-10-03 00:00:00+00:00,LINKUSDT,2.965453266331658,BE,387669.74,5616816.2
2025-10-05 08:00:00+00:00,DOGEUSDT,-1.0600488372093018,SL,-148852.49,5467963.71
2025-10-05 08:00:00+00:00,SOLUSDT,-1.0494549999999998,SL,-143459.55,5324504.17
2025-10-06 20:00:00+00:00,DOGEUSDT,-1.0540810810810797,SL,-140311.48,5184192.69
2025-10-06 20:00:00+00:00,SOLUSDT,2.9339579439252335,BE,380255.08,5564447.77
2025-10-07 00:00:00+00:00,LINKUSDT,-1.0764184782608677,SL,-149741.86,5414705.91
2025-10-11 00:00:00+00:00,SOLUSDT,-1.030469306930693,SL,-139492.21,5275213.71
2025-10-17 12:00:00+00:00,XRPUSDT,7.906741666666668,TP,1042743.8,6317957.51
2025-10-25 08:00:00+00:00,XRPUSDT,-1.036623076923077,SL,-163733.51,6154223.99
2025-10-26 20:00:00+00:00,SOLUSDT,-1.1459170731707227,SL,-176305.76,5977918.24
2025-10-28 12:00:00+00:00,SOLUSDT,5.936134736842105,BE,887143.2,6865061.44
2025-10-29 16:00:00+00:00,XRPUSDT,7.92841081081081,TP,1360725.68,8225787.12
2025-10-31 00:00:00+00:00,SOLUSDT,7.872199999999996,TP,1618876.03,9844663.16
2025-10-31 00:00:00+00:00,XRPUSDT,7.907109090909088,TP,1946070.64,11790733.79
2025-11-03 16:00:00+00:00,SOLUSDT,-1.0250285714285714,SL,-302145.98,11488587.82
2025-11-03 20:00:00+00:00,XRPUSDT,-1.0188675675675676,SL,-292633.74,11195954.08
2025-11-04 12:00:00+00:00,XRPUSDT,5.942497435897435,BE,1663298.21,12859252.29
2025-11-04 16:00:00+00:00,BTCUSDT,-1.0030195561905613,SL,-322452.04,12536800.25
2025-11-06 20:00:00+00:00,SOLUSDT,-1.0899019230769214,SL,-341597.07,12195203.18
2025-11-07 00:00:00+00:00,BTCUSDT,0.9722999817767654,BE,296434.9,12491638.08
2025-11-07 16:00:00+00:00,BTCUSDT,5.951371511627907,BE,1858559.48,14350197.56
2025-11-07 16:00:00+00:00,SOLUSDT,5.97903,BE,2145006.54,16495204.1
2025-11-10 08:00:00+00:00,XRPUSDT,-1.0458459627329186,SL,-431286.07,16063918.03
2025-11-14 00:00:00+00:00,SOLUSDT,5.9405624999999995,BE,2385717.73,18449635.76
2025-11-14 12:00:00+00:00,BTCUSDT,-1.0231373868149325,SL,-471912.8,17977722.96
2025-11-15 00:00:00+00:00,BTCUSDT,0.9767890577016324,BE,439011.08,18416734.03
2025-11-15 04:00:00+00:00,SOLUSDT,2.986860567823344,BE,1375205.42,19791939.45
2025-11-17 00:00:00+00:00,BTCUSDT,5.911074266792811,BE,2924790.6,22716730.05
2025-11-18 00:00:00+00:00,BTCUSDT,-1.2594043396226415,SL,-715238.71,22001491.34
2025-11-18 00:00:00+00:00,SOLUSDT,-1.1388357142857137,SL,-626402.1,21375089.24
2025-11-19 20:00:00+00:00,BTCUSDT,-1.3413962025316455,SL,-716811.59,20658277.65
2025-11-20 00:00:00+00:00,XRPUSDT,7.9185599999999985,TP,4089595.28,24747872.92
2025-11-21 00:00:00+00:00,BTCUSDT,-1.0320354719764016,SL,-638517.07,24109355.86
2025-11-21 00:00:00+00:00,XRPUSDT,-1.0185722222222224,SL,-613928.0,23495427.85
2025-11-21 16:00:00+00:00,SOLUSDT,2.9884248447204924,BE,1755358.01,25250785.86
2025-11-22 16:00:00+00:00,XRPUSDT,2.974898253275109,BE,1877962.97,27128748.83
2025-11-23 04:00:00+00:00,BTCUSDT,0.9933601992658626,BE,673715.48,27802464.31
2025-11-25 00:00:00+00:00,XRPUSDT,-1.1861499999999976,SL,-824447.33,26978016.99
2025-11-27 00:00:00+00:00,SOLUSDT,2.94242,BE,1984516.42,28962533.41
2025-12-01 08:00:00+00:00,SOLUSDT,2.913484090909058,BE,2109547.01,31072080.41
2025-12-01 20:00:00+00:00,XRPUSDT,2.97491875,BE,2310922.87,33383003.28
2025-12-03 12:00:00+00:00,SOLUSDT,2.9821970711297072,BE,2488867.37,35871870.64
2025-12-04 04:00:00+00:00,SOLUSDT,2.9694464788732393,BE,2662990.0,38534860.64
2025-12-10 00:00:00+00:00,SOLUSDT,2.9848851063829787,BE,2875553.29,41410413.93
2025-12-15 20:00:00+00:00,XRPUSDT,-1.0450937500000004,SL,-1081944.12,40328469.81
2025-12-18 04:00:00+00:00,XRPUSDT,-1.031238547486034,SL,-1039706.82,39288763.0
2025-12-19 00:00:00+00:00,XRPUSDT,-1.0833169230769237,SL,-1064054.55,38224708.45
2025-12-29 08:00:00+00:00,SOLUSDT,2.9770482142857144,BE,2844920.0,41069628.45
2026-01-02 20:00:00+00:00,XRPUSDT,-1.0833782608695637,SL,-1112348.57,39957279.89
2026-01-03 20:00:00+00:00,SOLUSDT,-1.014789433962264,SL,-1013705.64,38943574.25
2026-01-07 04:00:00+00:00,SOLUSDT,0.982443153526971,BE,956496.2,39900070.45
2026-01-12 08:00:00+00:00,SOLUSDT,2.977619371727749,BE,2970180.57,42870251.02
2026-01-14 08:00:00+00:00,XRPUSDT,7.926422471910113,TP,8495193.03,51365444.04
2026-01-14 20:00:00+00:00,SOLUSDT,-1.081677777777779,SL,-1389021.48,49976422.56
2026-01-19 16:00:00+00:00,XRPUSDT,0.9952860911270965,BE,1243520.96,51219943.51
2026-01-20 08:00:00+00:00,SOLUSDT,-1.0099640198511166,SL,-1293257.5,49926686.01
2026-01-26 00:00:00+00:00,SOLUSDT,5.959355172413793,BE,7438271.36,57364957.38
2026-01-26 00:00:00+00:00,XRPUSDT,7.927319999999998,TP,11368759.35,68733716.72
2026-01-29 20:00:00+00:00,XRPUSDT,-1.0348387096774192,SL,-1778207.77,66955508.95
2026-01-30 00:00:00+00:00,SOLUSDT,-1.022471337579618,SL,-1711502.22,65244006.73
2026-01-30 08:00:00+00:00,XRPUSDT,0.9876412735849056,BE,1610941.85,66854948.58
2026-01-31 20:00:00+00:00,SOLUSDT,-1.0757534883720943,SL,-1797986.1,65056962.48
2026-02-01 20:00:00+00:00,XRPUSDT,-1.0062862770012706,SL,-1636648.21,63420314.26
2026-02-03 20:00:00+00:00,SOLUSDT,-1.0138540540540542,SL,-1607473.57,61812840.7
2026-02-04 00:00:00+00:00,BTCUSDT,0.9887922532049683,BE,1528001.45,63340842.15
2026-02-04 04:00:00+00:00,XRPUSDT,0.9908774566473989,BE,1569075.31,64909917.46
2026-02-05 04:00:00+00:00,XRPUSDT,-1.0256118644067795,SL,-1664309.54,63245607.92
2026-02-05 20:00:00+00:00,LINKUSDT,-1.0005686999451453,SL,-1582039.39,61663568.53
2026-02-06 00:00:00+00:00,DOGEUSDT,-1.0005302095726183,SL,-1542406.58,60121161.95
2026-02-11 20:00:00+00:00,DOGEUSDT,2.9763823008849557,BE,4473589.06,64594751.01
2026-02-11 20:00:00+00:00,SOLUSDT,0.9790368421052632,BE,1581016.03,66175767.04
2026-02-13 00:00:00+00:00,SOLUSDT,2.965267164179104,BE,4905720.73,71081487.76
2026-02-14 16:00:00+00:00,DOGEUSDT,-1.0887117647058842,SL,-1934681.3,69146806.47
2026-02-15 00:00:00+00:00,LINKUSDT,7.862554999999997,TP,13591764.22,82738570.69
2026-02-15 00:00:00+00:00,XRPUSDT,-1.179627999999988,SL,-2440018.37,80298552.32
2026-02-15 12:00:00+00:00,LINKUSDT,7.93269756097561,TP,15924603.25,96223155.58
2026-02-15 12:00:00+00:00,SOLUSDT,7.902842857142852,TP,19010911.94,115234067.52
2026-02-23 08:00:00+00:00,BTCUSDT,2.9705606683804624,BE,8557744.72,123791812.23
2026-02-23 08:00:00+00:00,DOGEUSDT,2.979397777777778,BE,9220626.26,133012438.49
2026-02-23 08:00:00+00:00,LINKUSDT,2.970539285714286,BE,9877966.85,142890405.34
2026-02-23 08:00:00+00:00,SOLUSDT,5.944585714285714,BE,21235606.56,164126011.9
2026-02-23 08:00:00+00:00,XRPUSDT,5.964416814159292,BE,24472898.63,188598910.52
2026-02-24 08:00:00+00:00,BTCUSDT,-1.071534696174044,SL,-5052256.91,183546653.62
2026-02-24 12:00:00+00:00,DOGEUSDT,-1.0441241935483874,SL,-4791137.54,178755516.08
2026-02-24 12:00:00+00:00,SOLUSDT,-1.0198724137931034,SL,-4557695.49,174197820.58
2026-02-25 20:00:00+00:00,DOGEUSDT,-1.0267236842105263,SL,-4471325.7,169726494.88
2026-02-25 20:00:00+00:00,LINKUSDT,-1.052522641509433,SL,-4466024.47,165260470.41
2026-02-25 20:00:00+00:00,SOLUSDT,-1.0505411764705876,SL,-4340323.23,160920147.19
2026-02-26 00:00:00+00:00,BTCUSDT,2.960650902870177,BE,11910709.48,172830856.66
2026-02-26 00:00:00+00:00,XRPUSDT,5.95602,BE,25734600.97,198565457.64
2026-02-27 08:00:00+00:00,LINKUSDT,2.9786488372093025,BE,14786419.24,213351876.87
2026-02-27 08:00:00+00:00,SOLUSDT,5.959583076923077,BE,31787205.87,245139082.74
