symbol,entry_ts,exit_ts,side,entry_price,stop_init,risk_price,pnl_r,reason,hold_5m_bars,hold_hours
LINKUSDT,2022-01-06 20:00:00+00:00,2022-01-07 00:25:00+00:00,SHORT,25.756,25.961,0.2049999999999983,5.462308292682927,BE,6,0.5
LINKUSDT,2022-01-07 20:00:00+00:00,2022-01-08 04:50:00+00:00,SHORT,26.551,27.328,0.777000000000001,-1.0102513513513514,SL,59,4.916666666666666
LINKUSDT,2022-01-09 20:00:00+00:00,2022-01-10 12:25:00+00:00,SHORT,27.862,28.691,0.8290000000000006,1.3899172496984336,BE,150,12.5
LINKUSDT,2022-01-18 16:00:00+00:00,2022-01-18 20:15:00+00:00,LONG,22.489,22.337,0.15200000000000102,-1.044386184210526,SL,4,0.3333333333333333
LINKUSDT,2022-01-19 04:00:00+00:00,2022-01-19 08:00:00+00:00,LONG,22.339,22.041,0.29799999999999827,-1.0224889261744967,SL,1,0.08333333333333333
LINKUSDT,2022-01-19 16:00:00+00:00,2022-01-20 21:50:00+00:00,LONG,21.946,21.204,0.7420000000000009,-1.0088730458221025,SL,311,25.916666666666664
LINKUSDT,2022-01-21 00:00:00+00:00,2022-01-21 04:00:00+00:00,LONG,20.164,20.031,0.13300000000000267,-1.0454827067669163,SL,1,0.08333333333333333
LINKUSDT,2022-01-24 04:00:00+00:00,2022-01-24 08:45:00+00:00,LONG,16.017,15.146,0.8709999999999987,-1.0055167623421355,SL,10,0.8333333333333333
LINKUSDT,2022-01-30 12:00:00+00:00,2022-01-30 18:10:00+00:00,SHORT,17.67,17.8,0.129999999999999,1.3592230769230764,BE,27,2.25
LINKUSDT,2022-02-05 04:00:00+00:00,2022-02-05 08:00:00+00:00,SHORT,17.92,17.921,0.0009999999999976694,-6.376000000012529,SL,1,0.08333333333333333
LINKUSDT,2022-02-06 04:00:00+00:00,2022-02-06 16:20:00+00:00,SHORT,17.942,18.254,0.31200000000000117,1.3827480769230769,BE,101,8.416666666666666
LINKUSDT,2022-02-07 04:00:00+00:00,2022-02-07 08:00:00+00:00,SHORT,18.469,18.546,0.07699999999999818,-1.0719571428571446,SL,1,0.08333333333333333
LINKUSDT,2022-02-12 08:00:00+00:00,2022-02-12 15:15:00+00:00,LONG,15.894,15.583,0.31099999999999994,-1.0153318327974277,SL,40,3.333333333333333
LINKUSDT,2022-02-14 04:00:00+00:00,2022-02-14 08:30:00+00:00,LONG,15.346,15.201,0.14499999999999957,1.3682496551724137,BE,7,0.5833333333333333
LINKUSDT,2022-02-22 00:00:00+00:00,2022-02-22 04:00:00+00:00,LONG,13.492,13.356,0.136000000000001,-1.029761764705882,SL,1,0.08333333333333333
LINKUSDT,2022-02-24 04:00:00+00:00,2022-02-24 08:00:00+00:00,LONG,12.274,12.147,0.1269999999999989,-1.028993700787402,SL,1,0.08333333333333333
LINKUSDT,2022-03-02 04:00:00+00:00,2022-03-02 08:15:00+00:00,SHORT,15.522,15.726,0.20400000000000063,1.377173529411763,BE,4,0.3333333333333333
LINKUSDT,2022-03-02 12:00:00+00:00,2022-03-02 16:05:00+00:00,SHORT,15.676,15.799,0.12299999999999933,1.3617658536585304,BE,2,0.16666666666666666
LINKUSDT,2022-03-07 04:00:00+00:00,2022-03-07 08:05:00+00:00,LONG,12.823,12.757,0.06600000000000072,1.3417136363636424,BE,2,0.16666666666666666
LINKUSDT,2022-03-16 16:00:00+00:00,2022-03-16 20:00:00+00:00,SHORT,14.139,14.26,0.12100000000000044,-1.0350553719008264,SL,1,0.08333333333333333
LINKUSDT,2022-03-18 12:00:00+00:00,2022-03-18 16:00:00+00:00,SHORT,14.664,14.699,0.03500000000000014,-1.1256914285714281,SL,1,0.08333333333333333
LINKUSDT,2022-03-22 04:00:00+00:00,2022-03-22 08:05:00+00:00,SHORT,15.532,15.592,0.0600000000000005,1.3223400000000125,BE,2,0.16666666666666666
LINKUSDT,2022-03-23 16:00:00+00:00,2022-03-23 23:20:00+00:00,SHORT,15.797,15.887,0.08999999999999986,1.3473433333333293,BE,41,3.4166666666666665
LINKUSDT,2022-03-24 08:00:00+00:00,2022-03-24 12:00:00+00:00,SHORT,15.912,15.999,0.08699999999999974,-1.0548689655172416,SL,1,0.08333333333333333
LINKUSDT,2022-03-25 12:00:00+00:00,2022-03-25 16:00:00+00:00,SHORT,16.353,16.396,0.04299999999999926,7.8859093023255795,TP,1,0.08333333333333333
LINKUSDT,2022-03-28 00:00:00+00:00,2022-03-28 04:30:00+00:00,SHORT,16.854,16.9,0.045999999999999375,1.2900826086956505,BE,7,0.5833333333333333
LINKUSDT,2022-03-29 04:00:00+00:00,2022-03-29 12:10:00+00:00,SHORT,16.873,17.365,0.49199999999999733,-1.0102884146341464,SL,51,4.25
LINKUSDT,2022-03-30 04:00:00+00:00,2022-03-30 13:40:00+00:00,SHORT,17.35,17.527,0.1769999999999996,1.370593220338975,BE,69,5.75
LINKUSDT,2022-04-03 08:00:00+00:00,2022-04-03 16:10:00+00:00,SHORT,17.814,17.974,0.16000000000000014,-1.03340125,SL,51,4.25
LINKUSDT,2022-04-06 16:00:00+00:00,2022-04-06 22:30:00+00:00,LONG,15.731,15.494,0.2370000000000001,-1.0199126582278482,SL,31,2.583333333333333
LINKUSDT,2022-04-11 12:00:00+00:00,2022-04-11 16:00:00+00:00,LONG,14.177,14.108,0.06899999999999906,-1.0616391304347834,SL,1,0.08333333333333333
LINKUSDT,2022-04-12 16:00:00+00:00,2022-04-12 20:00:00+00:00,LONG,14.017,13.684,0.3330000000000002,-1.012627927927928,SL,1,0.08333333333333333
LINKUSDT,2022-04-14 16:00:00+00:00,2022-04-14 20:05:00+00:00,LONG,13.501,13.47,0.030999999999998806,1.2693451612903175,BE,2,0.16666666666666666
LINKUSDT,2022-04-25 08:00:00+00:00,2022-04-25 12:10:00+00:00,LONG,12.58,12.527,0.053000000000000824,5.42879245283019,BE,3,0.25
LINKUSDT,2022-04-27 00:00:00+00:00,2022-04-27 08:05:00+00:00,LONG,12.359,12.127,0.23199999999999932,1.3840185344827616,BE,50,4.166666666666666
LINKUSDT,2022-04-30 20:00:00+00:00,2022-05-01 00:00:00+00:00,LONG,11.677,11.498,0.17900000000000027,-1.0195703910614524,SL,1,0.08333333333333333
LINKUSDT,2022-05-01 20:00:00+00:00,2022-05-02 09:45:00+00:00,LONG,10.973,10.883,0.09000000000000163,1.3634233333333419,BE,118,9.833333333333332
LINKUSDT,2022-05-02 12:00:00+00:00,2022-05-02 16:00:00+00:00,LONG,10.9,10.87,0.030000000000001137,7.8910000000000045,TP,1,0.08333333333333333
LINKUSDT,2022-05-08 04:00:00+00:00,2022-05-08 10:55:00+00:00,LONG,10.037,9.866,0.17100000000000115,1.3823912280701756,BE,36,3.0
LINKUSDT,2022-05-09 04:00:00+00:00,2022-05-09 08:00:00+00:00,LONG,9.797,9.662,0.1349999999999998,-1.0217711111111112,SL,1,0.08333333333333333
LINKUSDT,2022-05-10 20:00:00+00:00,2022-05-11 06:45:00+00:00,LONG,8.697,8.261,0.43599999999999994,-1.0059841743119267,SL,82,6.833333333333333
LINKUSDT,2022-05-14 16:00:00+00:00,2022-05-14 20:00:00+00:00,LONG,6.666,6.624,0.0420000000000007,7.9523857142857155,TP,1,0.08333333333333333
LINKUSDT,2022-05-30 08:00:00+00:00,2022-05-30 12:15:00+00:00,SHORT,7.26,7.288,0.02800000000000047,1.3222142857142998,BE,4,0.3333333333333333
LINKUSDT,2022-05-31 00:00:00+00:00,2022-05-31 04:00:00+00:00,SHORT,7.452,7.516,0.06400000000000006,-1.03493125,SL,1,0.08333333333333333
LINKUSDT,2022-06-01 00:00:00+00:00,2022-06-01 14:20:00+00:00,SHORT,7.588,7.728,0.13999999999999968,1.3837400000000013,BE,125,10.416666666666666
LINKUSDT,2022-06-05 16:00:00+00:00,2022-06-05 20:00:00+00:00,SHORT,7.56,7.569,0.009000000000000341,-1.2519999999999905,SL,1,0.08333333333333333
LINKUSDT,2022-06-07 20:00:00+00:00,2022-06-08 00:00:00+00:00,SHORT,8.4,8.509,0.10899999999999999,-1.0231192660550459,SL,1,0.08333333333333333
LINKUSDT,2022-06-12 04:00:00+00:00,2022-06-12 08:30:00+00:00,LONG,6.606,6.464,0.14199999999999946,1.3860436619718322,BE,7,0.5833333333333333
LINKUSDT,2022-06-13 00:00:00+00:00,2022-06-13 04:00:00+00:00,LONG,6.261,6.25,0.01100000000000012,-1.1707545454545436,SL,1,0.08333333333333333
LINKUSDT,2022-07-07 20:00:00+00:00,2022-07-08 00:10:00+00:00,SHORT,6.731,6.75,0.019000000000000128,5.393721052631579,BE,3,0.25
LINKUSDT,2022-07-08 04:00:00+00:00,2022-07-08 15:10:00+00:00,SHORT,6.716,6.838,0.12199999999999989,1.3834852459016393,BE,87,7.25
LINKUSDT,2022-07-17 00:00:00+00:00,2022-07-17 04:20:00+00:00,SHORT,6.593,6.614,0.020999999999999908,1.3058142857142852,BE,5,0.41666666666666663
LINKUSDT,2022-07-17 08:00:00+00:00,2022-07-17 13:05:00+00:00,SHORT,6.596,6.711,0.11500000000000021,1.3827930434782623,BE,14,1.1666666666666665
LINKUSDT,2022-07-18 08:00:00+00:00,2022-07-18 12:00:00+00:00,SHORT,6.779,6.812,0.03300000000000036,-1.061627272727272,SL,1,0.08333333333333333
LINKUSDT,2022-07-19 00:00:00+00:00,2022-07-19 05:15:00+00:00,SHORT,7.034,7.146,0.1120000000000001,1.3811589285714319,BE,16,1.3333333333333333
LINKUSDT,2022-07-19 16:00:00+00:00,2022-07-19 20:00:00+00:00,SHORT,7.15,7.23,0.08000000000000007,-1.0268125,SL,1,0.08333333333333333
LINKUSDT,2022-07-26 16:00:00+00:00,2022-07-26 20:00:00+00:00,LONG,6.147,6.129,0.018000000000000682,-1.1024499999999962,SL,1,0.08333333333333333
LINKUSDT,2022-07-28 20:00:00+00:00,2022-07-29 00:00:00+00:00,SHORT,7.133,7.224,0.09100000000000019,-1.0235153846153846,SL,1,0.08333333333333333
LINKUSDT,2022-07-31 12:00:00+00:00,2022-08-02 02:05:00+00:00,SHORT,7.813,8.087,0.274,1.3914456204379575,BE,410,34.166666666666664
LINKUSDT,2022-08-07 20:00:00+00:00,2022-08-08 00:00:00+00:00,SHORT,8.221,8.226,0.005000000000000782,-1.493259999999923,SL,1,0.08333333333333333
LINKUSDT,2022-08-10 16:00:00+00:00,2022-08-10 21:30:00+00:00,SHORT,9.208,9.282,0.07399999999999984,1.362670270270275,BE,19,1.5833333333333333
LINKUSDT,2022-08-11 20:00:00+00:00,2022-08-12 00:05:00+00:00,SHORT,9.115,9.219,0.1039999999999992,1.373706730769224,BE,2,0.16666666666666666
LINKUSDT,2022-08-14 08:00:00+00:00,2022-08-14 12:00:00+00:00,SHORT,9.344,9.357,0.0129999999999999,7.784369230769229,TP,1,0.08333333333333333
LINKUSDT,2022-08-19 00:00:00+00:00,2022-08-19 04:00:00+00:00,LONG,7.643,7.596,0.04699999999999971,-1.048785106382979,SL,1,0.08333333333333333
LINKUSDT,2022-08-22 08:00:00+00:00,2022-08-22 12:05:00+00:00,LONG,6.761,6.747,0.014000000000000234,5.355121428571399,BE,2,0.16666666666666666
LINKUSDT,2022-08-22 20:00:00+00:00,2022-08-23 00:40:00+00:00,LONG,6.836,6.67,0.16600000000000037,1.387645783132528,BE,9,0.75
LINKUSDT,2022-08-27 00:00:00+00:00,2022-08-28 22:05:00+00:00,LONG,6.497,6.393,0.10400000000000009,-1.0187413461538462,SL,506,42.166666666666664
LINKUSDT,2022-08-29 00:00:00+00:00,2022-08-29 05:40:00+00:00,LONG,6.25,6.218,0.03200000000000003,1.341406250000011,BE,21,1.75
LINKUSDT,2022-09-02 16:00:00+00:00,2022-09-02 20:00:00+00:00,SHORT,7.18,7.211,0.031000000000000583,7.930516129032259,TP,1,0.08333333333333333
LINKUSDT,2022-09-04 16:00:00+00:00,2022-09-04 21:50:00+00:00,SHORT,7.188,7.232,0.04400000000000048,1.3509909090909016,BE,23,1.9166666666666665
LINKUSDT,2022-09-05 08:00:00+00:00,2022-09-05 12:10:00+00:00,SHORT,7.219,7.285,0.06599999999999984,1.3671863636363608,BE,3,0.25
LINKUSDT,2022-09-05 16:00:00+00:00,2022-09-05 23:40:00+00:00,SHORT,7.282,7.393,0.11099999999999977,-1.019681081081081,SL,45,3.75
LINKUSDT,2022-09-06 00:00:00+00:00,2022-09-06 04:20:00+00:00,SHORT,7.372,7.43,0.05799999999999983,1.3618689655172442,BE,5,0.41666666666666663
LINKUSDT,2022-09-08 16:00:00+00:00,2022-09-08 20:00:00+00:00,SHORT,7.357,7.441,0.08399999999999963,-1.026275,SL,1,0.08333333333333333
LINKUSDT,2022-09-10 12:00:00+00:00,2022-09-10 16:25:00+00:00,SHORT,7.77,7.833,0.06300000000000061,-1.0369999999999997,SL,6,0.5
LINKUSDT,2022-09-24 20:00:00+00:00,2022-09-25 00:05:00+00:00,SHORT,7.788,7.87,0.08199999999999985,1.3715073170731706,BE,2,0.16666666666666666
LINKUSDT,2022-09-25 08:00:00+00:00,2022-09-25 12:35:00+00:00,SHORT,8.017,8.068,0.051000000000000156,1.3528411764705954,BE,8,0.6666666666666666
LINKUSDT,2022-09-27 04:00:00+00:00,2022-09-27 08:00:00+00:00,SHORT,8.191,8.25,0.058999999999999275,-1.0416491525423734,SL,1,0.08333333333333333
LINKUSDT,2022-10-06 04:00:00+00:00,2022-10-06 11:20:00+00:00,SHORT,7.903,7.938,0.03500000000000014,1.3322600000000053,BE,41,3.4166666666666665
LINKUSDT,2022-10-13 04:00:00+00:00,2022-10-13 08:00:00+00:00,LONG,6.965,6.88,0.08499999999999996,-1.0245823529411764,SL,1,0.08333333333333333
LINKUSDT,2022-10-21 04:00:00+00:00,2022-10-21 08:30:00+00:00,LONG,6.645,6.536,0.10899999999999999,-1.018288990825688,SL,7,0.5833333333333333
LINKUSDT,2022-10-26 16:00:00+00:00,2022-10-27 05:45:00+00:00,SHORT,7.21,7.291,0.0810000000000004,-1.0267037037037037,SL,118,9.833333333333332
LINKUSDT,2022-10-29 20:00:00+00:00,2022-10-30 00:00:00+00:00,SHORT,7.54,7.593,0.052999999999999936,-1.042679245283019,SL,1,0.08333333333333333
LINKUSDT,2022-11-04 04:00:00+00:00,2022-11-04 08:35:00+00:00,SHORT,8.222,8.274,0.0519999999999996,-1.0474346153846157,SL,8,0.6666666666666666
LINKUSDT,2022-11-07 20:00:00+00:00,2022-11-08 00:00:00+00:00,SHORT,8.933,8.963,0.02999999999999936,-1.089330000000002,SL,1,0.08333333333333333
LINKUSDT,2022-11-09 16:00:00+00:00,2022-11-09 20:40:00+00:00,LONG,6.445,6.319,0.12600000000000033,-1.0153452380952381,SL,9,0.75
LINKUSDT,2022-11-14 04:00:00+00:00,2022-11-15 08:00:00+00:00,LONG,5.821,5.712,0.10899999999999999,5.483978899082569,BE,289,24.083333333333332
LINKUSDT,2022-11-23 20:00:00+00:00,2022-11-24 00:05:00+00:00,SHORT,6.747,6.793,0.04600000000000026,1.3559978260869492,BE,2,0.16666666666666666
LINKUSDT,2022-11-24 16:00:00+00:00,2022-11-24 20:30:00+00:00,SHORT,6.861,6.9,0.03900000000000059,1.3472230769230733,BE,7,0.5833333333333333
LINKUSDT,2022-11-25 20:00:00+00:00,2022-11-26 01:20:00+00:00,SHORT,6.9,6.994,0.09399999999999942,-1.0220212765957448,SL,17,1.4166666666666665
LINKUSDT,2022-11-26 04:00:00+00:00,2022-11-26 14:15:00+00:00,SHORT,6.867,6.996,0.12900000000000045,-1.0159697674418604,SL,76,6.333333333333333
LINKUSDT,2022-11-29 00:00:00+00:00,2022-11-29 04:00:00+00:00,SHORT,7.19,7.347,0.15700000000000003,-1.0137388535031846,SL,1,0.08333333333333333
LINKUSDT,2022-12-02 20:00:00+00:00,2022-12-03 02:45:00+00:00,SHORT,7.587,7.685,0.09799999999999986,1.3767744897959202,BE,34,2.833333333333333
LINKUSDT,2022-12-07 08:00:00+00:00,2022-12-07 22:50:00+00:00,LONG,6.799,6.73,0.06899999999999995,1.3704391304347774,BE,131,10.916666666666666
LINKUSDT,2022-12-12 04:00:00+00:00,2022-12-13 13:25:00+00:00,LONG,6.564,6.433,0.13100000000000023,1.3849679389313005,BE,354,29.5
LINKUSDT,2022-12-16 12:00:00+00:00,2022-12-16 16:05:00+00:00,LONG,6.248,6.133,0.11500000000000021,-1.0162991304347826,SL,2,0.16666666666666666
LINKUSDT,2022-12-19 00:00:00+00:00,2022-12-19 04:00:00+00:00,LONG,5.948,5.91,0.038000000000000256,-1.0469578947368419,SL,1,0.08333333333333333
LINKUSDT,2022-12-19 20:00:00+00:00,2022-12-20 00:00:00+00:00,LONG,5.871,5.834,0.03700000000000081,-1.0476027027027017,SL,1,0.08333333333333333
LINKUSDT,2022-12-28 08:00:00+00:00,2022-12-28 21:25:00+00:00,LONG,5.76,5.671,0.08899999999999952,-1.0194157303370788,SL,114,9.5
LINKUSDT,2023-01-09 00:00:00+00:00,2023-01-09 04:00:00+00:00,SHORT,5.962,5.981,0.019000000000000128,-1.0941368421052626,SL,1,0.08333333333333333
LINKUSDT,2023-01-11 08:00:00+00:00,2023-01-12 00:00:00+00:00,SHORT,6.136,6.304,0.16800000000000015,-1.0109571428571429,SL,145,12.083333333333332
LINKUSDT,2023-01-12 20:00:00+00:00,2023-01-13 00:20:00+00:00,SHORT,6.365,6.411,0.045999999999999375,-1.041510869565218,SL,5,0.41666666666666663
LINKUSDT,2023-01-16 04:00:00+00:00,2023-01-16 08:10:00+00:00,SHORT,6.775,6.937,0.16199999999999992,1.3874537037037036,BE,3,0.25
LINKUSDT,2023-01-18 04:00:00+00:00,2023-01-18 13:45:00+00:00,SHORT,6.926,7.0,0.07399999999999984,1.3719216216216263,BE,70,5.833333333333333
LINKUSDT,2023-01-21 00:00:00+00:00,2023-01-21 04:00:00+00:00,SHORT,6.947,6.978,0.030999999999999694,-1.067229032258065,SL,1,0.08333333333333333
LINKUSDT,2023-01-21 20:00:00+00:00,2023-01-22 00:05:00+00:00,SHORT,7.02,7.122,0.10200000000000031,1.3793529411764691,BE,2,0.16666666666666666
LINKUSDT,2023-01-22 16:00:00+00:00,2023-01-25 06:35:00+00:00,SHORT,7.044,7.247,0.2030000000000003,1.3895901477832502,BE,704,58.666666666666664
LINKUSDT,2023-01-27 08:00:00+00:00,2023-01-27 13:10:00+00:00,SHORT,7.276,7.321,0.04499999999999993,1.3514933333333294,BE,15,1.25
LINKUSDT,2023-01-27 20:00:00+00:00,2023-01-28 00:35:00+00:00,SHORT,7.409,7.46,0.051000000000000156,-1.0435823529411763,SL,8,0.6666666666666666
LINKUSDT,2023-01-29 12:00:00+00:00,2023-01-29 16:15:00+00:00,SHORT,7.392,7.438,0.045999999999999375,1.3517913043478254,BE,4,0.3333333333333333
LINKUSDT,2023-01-29 20:00:00+00:00,2023-01-30 01:25:00+00:00,SHORT,7.453,7.538,0.08499999999999996,1.373695294117645,BE,18,1.5
LINKUSDT,2023-02-09 12:00:00+00:00,2023-02-09 21:35:00+00:00,SHORT,7.535,7.823,0.28800000000000026,1.3921510416666654,BE,68,5.666666666666666
LINKUSDT,2023-03-03 04:00:00+00:00,2023-03-08 15:00:00+00:00,LONG,6.809,6.595,0.2140000000000004,-1.0095453271028036,SL,1525,127.08333333333333
LINKUSDT,2023-03-09 20:00:00+00:00,2023-03-10 00:00:00+00:00,LONG,6.295,6.255,0.040000000000000036,-1.0472124999999999,SL,1,0.08333333333333333
LINKUSDT,2023-03-14 16:00:00+00:00,2023-03-14 21:10:00+00:00,SHORT,7.146,7.202,0.05600000000000005,5.461717857142865,BE,15,1.25
LINKUSDT,2023-03-17 12:00:00+00:00,2023-03-17 16:00:00+00:00,SHORT,7.125,7.129,0.0039999999999995595,7.465624999999942,TP,1,0.08333333333333333
LINKUSDT,2023-03-17 20:00:00+00:00,2023-03-18 00:00:00+00:00,SHORT,7.076,7.203,0.12700000000000067,-1.0167149606299213,SL,1,0.08333333333333333
LINKUSDT,2023-03-20 16:00:00+00:00,2023-03-21 08:30:00+00:00,SHORT,7.344,7.428,0.08399999999999963,5.473771428571428,BE,151,12.583333333333332
LINKUSDT,2023-03-22 04:00:00+00:00,2023-03-22 08:05:00+00:00,SHORT,7.457,7.5,0.04300000000000015,-1.0520255813953487,SL,2,0.16666666666666666
LINKUSDT,2023-03-31 08:00:00+00:00,2023-03-31 12:05:00+00:00,SHORT,7.508,7.528,0.019999999999999574,1.2873800000000064,BE,2,0.16666666666666666
LINKUSDT,2023-03-31 16:00:00+00:00,2023-04-01 16:55:00+00:00,SHORT,7.579,7.674,0.09500000000000064,1.3760663157894737,BE,252,21.0
LINKUSDT,2023-04-11 08:00:00+00:00,2023-04-11 12:10:00+00:00,SHORT,7.417,7.429,0.012000000000000455,1.2145750000000217,BE,3,0.25
LINKUSDT,2023-04-14 04:00:00+00:00,2023-04-14 08:00:00+00:00,SHORT,7.709,7.767,0.05800000000000072,-1.039874137931034,SL,1,0.08333333333333333
LINKUSDT,2023-04-14 20:00:00+00:00,2023-04-15 14:40:00+00:00,SHORT,7.759,7.907,0.1479999999999997,-1.0157277027027027,SL,177,14.75
LINKUSDT,2023-04-17 16:00:00+00:00,2023-04-18 06:30:00+00:00,SHORT,8.06,8.307,0.2469999999999999,-1.0097894736842106,SL,127,10.583333333333332
LINKUSDT,2023-04-18 08:00:00+00:00,2023-04-18 12:00:00+00:00,SHORT,8.434,8.465,0.031000000000000583,-1.081619354838708,SL,1,0.08333333333333333
LINKUSDT,2023-04-21 20:00:00+00:00,2023-04-22 00:10:00+00:00,LONG,7.069,7.021,0.04800000000000004,1.3558187499999925,BE,3,0.25
LINKUSDT,2023-04-23 16:00:00+00:00,2023-04-23 23:55:00+00:00,LONG,6.985,6.916,0.06899999999999995,1.3696304347826034,BE,48,4.0
LINKUSDT,2023-05-05 20:00:00+00:00,2023-05-06 00:20:00+00:00,SHORT,7.248,7.258,0.009999999999999787,1.1825599999999596,BE,5,0.41666666666666663
LINKUSDT,2023-05-08 08:00:00+00:00,2023-05-08 17:55:00+00:00,LONG,6.626,6.524,0.10200000000000031,-1.0194882352941177,SL,72,6.0
LINKUSDT,2023-05-08 20:00:00+00:00,2023-05-10 17:15:00+00:00,LONG,6.533,6.35,0.18300000000000072,-1.0107098360655737,SL,496,41.33333333333333
LINKUSDT,2023-05-11 16:00:00+00:00,2023-05-12 02:55:00+00:00,LONG,6.369,6.25,0.11899999999999977,-1.0160563025210085,SL,84,7.0
LINKUSDT,2023-05-24 16:00:00+00:00,2023-05-25 01:25:00+00:00,LONG,6.266,6.189,0.07699999999999996,-1.024412987012987,SL,66,5.5
LINKUSDT,2023-05-28 04:00:00+00:00,2023-05-28 22:00:00+00:00,SHORT,6.522,6.597,0.07500000000000018,-1.026088,SL,169,14.083333333333332
LINKUSDT,2023-05-30 00:00:00+00:00,2023-05-30 06:00:00+00:00,SHORT,6.637,6.678,0.04100000000000037,1.3514365853658499,BE,25,2.083333333333333
LINKUSDT,2023-06-05 16:00:00+00:00,2023-06-05 20:00:00+00:00,LONG,6.082,6.051,0.030999999999999694,-1.0588580645161296,SL,1,0.08333333333333333
LINKUSDT,2023-06-07 16:00:00+00:00,2023-06-07 20:00:00+00:00,LONG,5.982,5.936,0.04600000000000026,-1.0390130434782607,SL,1,0.08333333333333333
LINKUSDT,2023-06-10 04:00:00+00:00,2023-06-10 08:00:00+00:00,LONG,5.771,5.746,0.024999999999999467,-1.0692520000000014,SL,1,0.08333333333333333
LINKUSDT,2023-06-21 16:00:00+00:00,2023-06-21 20:00:00+00:00,SHORT,5.435,5.471,0.036000000000000476,-1.045291666666666,SL,1,0.08333333333333333
LINKUSDT,2023-06-22 20:00:00+00:00,2023-06-23 06:10:00+00:00,SHORT,5.628,5.782,0.15399999999999991,-1.0109636363636363,SL,75,6.25
LINKUSDT,2023-06-27 04:00:00+00:00,2023-06-27 15:45:00+00:00,SHORT,6.186,6.261,0.07500000000000018,1.3752560000000025,BE,94,7.833333333333333
LINKUSDT,2023-07-01 20:00:00+00:00,2023-07-02 00:00:00+00:00,SHORT,6.421,6.465,0.043999999999999595,-1.0437795454545458,SL,1,0.08333333333333333
LINKUSDT,2023-07-02 12:00:00+00:00,2023-07-02 16:15:00+00:00,SHORT,6.483,6.525,0.0420000000000007,1.3536928571428495,BE,4,0.3333333333333333
LINKUSDT,2023-07-03 00:00:00+00:00,2023-07-03 04:00:00+00:00,SHORT,6.539,6.56,0.020999999999999908,-1.0934142857142861,SL,1,0.08333333333333333
LINKUSDT,2023-07-13 12:00:00+00:00,2023-07-13 16:00:00+00:00,SHORT,6.45,6.474,0.02400000000000002,-1.080625,SL,1,0.08333333333333333
LINKUSDT,2023-07-15 00:00:00+00:00,2023-07-16 19:45:00+00:00,SHORT,6.954,7.18,0.22599999999999998,1.3907690265486718,BE,478,39.83333333333333
LINKUSDT,2023-07-18 00:00:00+00:00,2023-07-18 04:25:00+00:00,SHORT,7.185,7.265,0.08000000000000007,1.3730562499999999,BE,6,0.5
LINKUSDT,2023-07-20 08:00:00+00:00,2023-07-20 12:00:00+00:00,SHORT,7.428,7.448,0.020000000000000462,-1.1114199999999974,SL,1,0.08333333333333333
LINKUSDT,2023-07-23 08:00:00+00:00,2023-07-23 17:20:00+00:00,SHORT,8.0,8.069,0.06900000000000084,-1.0347826086956518,SL,65,5.416666666666666
LINKUSDT,2023-07-27 04:00:00+00:00,2023-07-27 08:05:00+00:00,SHORT,7.981,8.02,0.0389999999999997,1.3386076923076964,BE,2,0.16666666666666666
LINKUSDT,2023-07-27 12:00:00+00:00,2023-07-27 16:30:00+00:00,SHORT,8.032,8.058,0.0259999999999998,1.3073230769230695,BE,7,0.5833333333333333
LINKUSDT,2023-08-04 00:00:00+00:00,2023-08-04 09:05:00+00:00,LONG,7.122,7.058,0.06400000000000006,-1.033384375,SL,62,5.166666666666666
LINKUSDT,2023-08-04 20:00:00+00:00,2023-08-05 00:30:00+00:00,LONG,7.092,7.054,0.03799999999999937,1.344010526315798,BE,7,0.5833333333333333
LINKUSDT,2023-08-09 12:00:00+00:00,2023-08-09 16:00:00+00:00,SHORT,7.639,7.679,0.040000000000000036,-1.0572925,SL,1,0.08333333333333333
LINKUSDT,2023-08-10 12:00:00+00:00,2023-08-11 19:50:00+00:00,SHORT,7.618,7.753,0.1349999999999998,1.3830711111111136,BE,335,27.916666666666664
LINKUSDT,2023-08-15 20:00:00+00:00,2023-08-16 20:25:00+00:00,LONG,7.033,6.737,0.29600000000000026,-1.0071280405405405,SL,246,20.5
LINKUSDT,2023-08-22 04:00:00+00:00,2023-08-22 17:35:00+00:00,LONG,6.139,6.0,0.13900000000000023,-1.0132496402877698,SL,116,9.666666666666666
LINKUSDT,2023-08-22 20:00:00+00:00,2023-08-23 00:10:00+00:00,LONG,6.016,5.956,0.05999999999999961,1.369920000000003,BE,3,0.25
LINKUSDT,2023-08-25 16:00:00+00:00,2023-08-25 23:45:00+00:00,LONG,5.951,5.907,0.043999999999999595,1.3594249999999994,BE,46,3.833333333333333
LINKUSDT,2023-09-06 04:00:00+00:00,2023-09-06 17:10:00+00:00,SHORT,6.203,6.273,0.0699999999999994,1.3734157142857115,BE,111,9.25
LINKUSDT,2023-09-06 20:00:00+00:00,2023-09-07 02:25:00+00:00,SHORT,6.246,6.368,0.12199999999999989,-1.0153590163934427,SL,30,2.5
LINKUSDT,2023-09-07 20:00:00+00:00,2023-09-08 00:40:00+00:00,SHORT,6.321,6.385,0.06400000000000006,-1.0296296875,SL,9,0.75
LINKUSDT,2023-09-11 12:00:00+00:00,2023-09-11 19:20:00+00:00,LONG,5.882,5.758,0.12399999999999967,-1.0142306451612904,SL,41,3.4166666666666665
LINKUSDT,2023-09-16 00:00:00+00:00,2023-09-16 04:05:00+00:00,SHORT,6.361,6.373,0.012000000000000455,5.3409750000000065,BE,2,0.16666666666666666
LINKUSDT,2023-09-18 04:00:00+00:00,2023-09-18 08:00:00+00:00,SHORT,6.62,6.623,0.0030000000000001137,7.338000000000025,TP,1,0.08333333333333333
LINKUSDT,2023-09-22 20:00:00+00:00,2023-09-23 00:00:00+00:00,SHORT,6.873,6.97,0.09699999999999953,-1.021256701030928,SL,1,0.08333333333333333
LINKUSDT,2023-09-23 20:00:00+00:00,2023-09-24 00:00:00+00:00,SHORT,7.177,7.229,0.05200000000000049,-1.0414057692307688,SL,1,0.08333333333333333
LINKUSDT,2023-09-25 04:00:00+00:00,2023-09-25 08:00:00+00:00,SHORT,7.159,7.268,0.10899999999999999,-1.0197036697247706,SL,1,0.08333333333333333
LINKUSDT,2023-10-16 08:00:00+00:00,2023-10-16 13:25:00+00:00,SHORT,7.558,7.645,0.08699999999999974,-1.0260620689655173,SL,18,1.5
LINKUSDT,2023-10-20 12:00:00+00:00,2023-10-21 06:30:00+00:00,SHORT,7.606,7.71,0.10400000000000009,-1.0219403846153845,SL,175,14.583333333333332
LINKUSDT,2023-10-21 08:00:00+00:00,2023-10-21 12:00:00+00:00,SHORT,7.835,7.845,0.009999999999999787,-1.235050000000005,SL,1,0.08333333333333333
LINKUSDT,2023-10-27 00:00:00+00:00,2023-10-27 04:05:00+00:00,SHORT,10.93,11.342,0.4120000000000008,-1.0079587378640777,SL,2,0.16666666666666666
LINKUSDT,2023-10-27 20:00:00+00:00,2023-10-28 03:40:00+00:00,SHORT,11.111,11.449,0.3379999999999992,-1.0098618343195267,SL,45,3.75
LINKUSDT,2023-10-30 12:00:00+00:00,2023-10-30 18:00:00+00:00,SHORT,11.388,11.518,0.13000000000000078,1.3737199999999947,BE,25,2.083333333333333
LINKUSDT,2023-10-31 04:00:00+00:00,2023-11-01 10:30:00+00:00,SHORT,11.485,11.877,0.39200000000000124,1.3912104591836734,BE,319,26.583333333333332
LINKUSDT,2023-11-05 04:00:00+00:00,2023-11-05 09:00:00+00:00,SHORT,12.411,12.45,0.0389999999999997,5.404530769230791,BE,13,1.0833333333333333
LINKUSDT,2023-11-06 00:00:00+00:00,2023-11-06 04:40:00+00:00,SHORT,12.236,12.343,0.10699999999999932,-1.034306542056075,SL,9,0.75
LINKUSDT,2023-11-20 08:00:00+00:00,2023-11-20 12:05:00+00:00,SHORT,15.214,15.3,0.0860000000000003,1.3469279069767404,BE,2,0.16666666666666666
LINKUSDT,2023-11-26 08:00:00+00:00,2023-11-26 12:00:00+00:00,SHORT,15.106,15.187,0.08099999999999952,-1.0559481481481485,SL,1,0.08333333333333333
LINKUSDT,2023-12-02 04:00:00+00:00,2023-12-02 08:00:00+00:00,SHORT,15.342,15.462,0.11999999999999922,-1.0383550000000001,SL,1,0.08333333333333333
LINKUSDT,2023-12-04 04:00:00+00:00,2023-12-04 08:20:00+00:00,SHORT,15.916,16.161,0.245000000000001,-1.0194889795918367,SL,5,0.41666666666666663
LINKUSDT,2023-12-08 12:00:00+00:00,2023-12-08 16:00:00+00:00,SHORT,16.456,16.539,0.08300000000000196,-1.0594795180722878,SL,1,0.08333333333333333
LINKUSDT,2023-12-22 00:00:00+00:00,2023-12-22 04:10:00+00:00,SHORT,15.319,15.328,0.008999999999998565,0.8893666666665064,BE,3,0.25
LINKUSDT,2023-12-22 16:00:00+00:00,2023-12-23 02:00:00+00:00,SHORT,15.491,15.751,0.2599999999999998,1.3821257692307665,BE,73,6.083333333333333
LINKUSDT,2023-12-23 16:00:00+00:00,2023-12-23 20:30:00+00:00,SHORT,15.835,15.885,0.049999999999998934,5.404990000000016,BE,7,0.5833333333333333
LINKUSDT,2023-12-24 16:00:00+00:00,2023-12-24 20:10:00+00:00,SHORT,15.805,15.944,0.13900000000000112,-1.0341115107913665,SL,3,0.25
LINKUSDT,2023-12-27 20:00:00+00:00,2023-12-28 00:00:00+00:00,SHORT,16.33,16.708,0.3780000000000001,-1.0129603174603174,SL,1,0.08333333333333333
LINKUSDT,2024-01-03 20:00:00+00:00,2024-02-01 17:40:00+00:00,LONG,14.045,12.066,1.9789999999999992,1.3978708943911071,BE,8277,689.75
LINKUSDT,2024-04-16 04:00:00+00:00,2024-04-16 09:45:00+00:00,LONG,13.343,13.217,0.12599999999999945,1.3682309523809522,BE,22,1.8333333333333333
LINKUSDT,2024-04-16 16:00:00+00:00,2024-04-16 20:00:00+00:00,LONG,12.927,12.887,0.03999999999999915,7.903047499999998,TP,1,0.08333333333333333
LINKUSDT,2024-04-22 04:00:00+00:00,2024-04-22 12:20:00+00:00,SHORT,15.824,15.911,0.08699999999999974,5.44543448275862,BE,53,4.416666666666666
LINKUSDT,2024-04-23 00:00:00+00:00,2024-04-23 18:50:00+00:00,SHORT,15.434,15.632,0.1980000000000004,1.3766151515151515,BE,179,14.916666666666666
LINKUSDT,2024-04-30 12:00:00+00:00,2024-04-30 16:00:00+00:00,LONG,13.19,13.163,0.026999999999999247,-1.1465555555555595,SL,1,0.08333333333333333
LINKUSDT,2024-05-04 20:00:00+00:00,2024-05-05 00:40:00+00:00,SHORT,14.377,14.476,0.0990000000000002,1.3564333333333334,BE,9,0.75
LINKUSDT,2024-05-05 16:00:00+00:00,2024-05-05 20:10:00+00:00,SHORT,14.505,14.53,0.02499999999999858,5.32593999999999,BE,3,0.25
LINKUSDT,2024-05-06 08:00:00+00:00,2024-05-06 12:00:00+00:00,SHORT,14.734,14.744,0.009999999999999787,-1.4420200000000094,SL,1,0.08333333333333333
LINKUSDT,2024-05-15 00:00:00+00:00,2024-05-15 04:00:00+00:00,LONG,12.975,12.92,0.054999999999999716,-1.0707727272727277,SL,1,0.08333333333333333
LINKUSDT,2024-05-16 20:00:00+00:00,2024-05-17 00:00:00+00:00,SHORT,14.985,15.09,0.10500000000000043,-1.0428142857142855,SL,1,0.08333333333333333
LINKUSDT,2024-05-22 04:00:00+00:00,2024-05-22 12:05:00+00:00,SHORT,16.89,17.112,0.22199999999999775,1.3771756756756754,BE,50,4.166666666666666
LINKUSDT,2024-05-24 04:00:00+00:00,2024-05-24 08:00:00+00:00,SHORT,17.498,17.575,0.07699999999999818,7.931825974025973,TP,1,0.08333333333333333
LINKUSDT,2024-05-24 12:00:00+00:00,2024-05-24 17:50:00+00:00,SHORT,17.572,17.753,0.18100000000000094,1.370875138121555,BE,23,1.9166666666666665
LINKUSDT,2024-05-26 04:00:00+00:00,2024-05-26 14:45:00+00:00,SHORT,17.768,17.853,0.08500000000000085,5.437289411764707,BE,82,6.833333333333333
LINKUSDT,2024-05-27 16:00:00+00:00,2024-05-27 20:00:00+00:00,SHORT,18.033,18.055,0.021999999999998465,-1.2459045454545625,SL,1,0.08333333333333333
LINKUSDT,2024-05-28 12:00:00+00:00,2024-05-29 12:20:00+00:00,SHORT,18.241,18.884,0.6430000000000007,-1.0085105754276826,SL,245,20.416666666666664
LINKUSDT,2024-05-30 04:00:00+00:00,2024-05-31 02:15:00+00:00,SHORT,18.736,19.241,0.504999999999999,1.3888697029702943,BE,220,18.333333333333332
LINKUSDT,2024-06-07 20:00:00+00:00,2024-06-11 15:05:00+00:00,LONG,16.287,15.198,1.0889999999999986,-1.004486776859504,SL,1046,87.16666666666666
LINKUSDT,2024-06-12 12:00:00+00:00,2024-06-12 18:00:00+00:00,LONG,15.196,14.723,0.472999999999999,1.3903619450317124,BE,25,2.083333333333333
LINKUSDT,2024-06-18 04:00:00+00:00,2024-06-24 09:30:00+00:00,LONG,13.727,12.875,0.8520000000000003,-1.0048334507042254,SL,1747,145.58333333333331
LINKUSDT,2024-07-02 12:00:00+00:00,2024-07-02 17:55:00+00:00,SHORT,14.634,14.75,0.11599999999999966,1.362153448275865,BE,24,2.0
LINKUSDT,2024-07-04 08:00:00+00:00,2024-07-04 12:20:00+00:00,LONG,13.145,12.95,0.19500000000000028,-1.020223076923077,SL,5,0.41666666666666663
LINKUSDT,2024-07-15 00:00:00+00:00,2024-07-15 04:00:00+00:00,SHORT,13.441,13.518,0.07699999999999996,-1.0523675324675326,SL,1,0.08333333333333333
LINKUSDT,2024-07-21 16:00:00+00:00,2024-07-21 20:25:00+00:00,SHORT,14.441,14.712,0.270999999999999,-1.0159863468634687,SL,6,0.5
LINKUSDT,2024-07-25 04:00:00+00:00,2024-07-25 12:40:00+00:00,LONG,12.962,12.82,0.14199999999999946,-1.0273845070422536,SL,57,4.75
LINKUSDT,2024-08-01 16:00:00+00:00,2024-08-01 20:00:00+00:00,LONG,12.505,12.492,0.0129999999999999,-1.2885769230769253,SL,1,0.08333333333333333
LINKUSDT,2024-08-02 16:00:00+00:00,2024-08-02 21:30:00+00:00,LONG,12.092,11.786,0.30600000000000094,-1.0118549019607843,SL,19,1.5833333333333333
LINKUSDT,2024-08-03 16:00:00+00:00,2024-08-03 20:00:00+00:00,LONG,11.807,11.598,0.20899999999999963,-1.0169478468899522,SL,1,0.08333333333333333
LINKUSDT,2024-08-04 08:00:00+00:00,2024-08-04 14:25:00+00:00,LONG,11.572,11.335,0.23699999999999832,-1.0146481012658228,SL,30,2.5
LINKUSDT,2024-08-21 20:00:00+00:00,2024-08-22 00:00:00+00:00,SHORT,11.116,11.137,0.021000000000000796,-1.158799999999994,SL,1,0.08333333333333333
LINKUSDT,2024-09-02 00:00:00+00:00,2024-09-02 08:40:00+00:00,LONG,10.358,10.222,0.136000000000001,1.3771514705882406,BE,57,4.75
LINKUSDT,2024-09-06 16:00:00+00:00,2024-09-06 20:00:00+00:00,LONG,9.682,9.578,0.10400000000000098,-1.0279288461538458,SL,1,0.08333333333333333
LINKUSDT,2024-09-13 12:00:00+00:00,2024-09-13 16:00:00+00:00,SHORT,10.927,11.006,0.07900000000000063,-1.0414949367088604,SL,1,0.08333333333333333
LINKUSDT,2024-09-19 12:00:00+00:00,2024-09-19 16:05:00+00:00,SHORT,11.258,11.27,0.012000000000000455,1.1185499999999515,BE,2,0.16666666666666666
LINKUSDT,2024-09-20 04:00:00+00:00,2024-09-20 08:00:00+00:00,SHORT,11.424,11.428,0.004000000000001336,-1.8567999999997138,SL,1,0.08333333333333333
LINKUSDT,2024-09-22 00:00:00+00:00,2024-09-22 04:45:00+00:00,SHORT,11.485,11.541,0.05600000000000094,1.338473214285728,BE,10,0.8333333333333333
LINKUSDT,2024-09-24 20:00:00+00:00,2024-09-25 00:00:00+00:00,SHORT,11.846,11.866,0.019999999999999574,-1.1776900000000037,SL,1,0.08333333333333333
LINKUSDT,2024-10-01 20:00:00+00:00,2024-10-02 13:30:00+00:00,LONG,11.047,10.833,0.2140000000000004,-1.0154864485981308,SL,163,13.583333333333332
LINKUSDT,2024-10-15 04:00:00+00:00,2024-10-15 08:00:00+00:00,SHORT,11.462,11.534,0.07200000000000095,-1.0477583333333327,SL,1,0.08333333333333333
LINKUSDT,2024-10-20 16:00:00+00:00,2024-10-20 20:05:00+00:00,SHORT,11.889,11.925,0.036000000000001364,1.300924999999994,BE,2,0.16666666666666666
LINKUSDT,2024-10-22 08:00:00+00:00,2024-10-22 12:00:00+00:00,SHORT,12.11,12.2,0.08999999999999986,-1.0403666666666667,SL,1,0.08333333333333333
LINKUSDT,2024-10-30 04:00:00+00:00,2024-10-30 08:05:00+00:00,SHORT,11.999,12.019,0.019999999999999574,1.2200149999999605,BE,2,0.16666666666666666
LINKUSDT,2024-11-03 16:00:00+00:00,2024-11-04 09:35:00+00:00,LONG,10.697,10.523,0.1739999999999995,-1.018443103448276,SL,164,13.666666666666666
LINKUSDT,2024-11-06 04:00:00+00:00,2024-11-06 08:00:00+00:00,SHORT,11.692,11.772,0.08000000000000007,-1.043845,SL,1,0.08333333333333333
LINKUSDT,2024-11-23 00:00:00+00:00,2024-11-23 04:00:00+00:00,SHORT,16.582,16.61,0.027999999999998693,-1.177664285714294,SL,1,0.08333333333333333
LINKUSDT,2024-11-25 00:00:00+00:00,2024-11-25 04:10:00+00:00,SHORT,17.922,18.114,0.19200000000000017,-1.028003125,SL,3,0.25
LINKUSDT,2024-11-28 00:00:00+00:00,2024-11-28 04:20:00+00:00,SHORT,18.671,19.013,0.3420000000000023,1.3836219298245613,BE,5,0.41666666666666663
LINKUSDT,2024-12-02 08:00:00+00:00,2024-12-02 12:30:00+00:00,SHORT,19.81,20.053,0.2430000000000021,-1.0244567901234565,SL,7,0.5833333333333333
LINKUSDT,2024-12-06 20:00:00+00:00,2024-12-07 00:00:00+00:00,SHORT,24.924,25.111,0.18700000000000117,-1.0399850267379676,SL,1,0.08333333333333333
LINKUSDT,2024-12-08 12:00:00+00:00,2024-12-08 21:55:00+00:00,SHORT,26.65,26.92,0.2700000000000031,1.3703888888888867,BE,72,6.0
LINKUSDT,2024-12-12 04:00:00+00:00,2024-12-12 08:00:00+00:00,SHORT,27.027,27.143,0.11599999999999966,-1.0698974137931037,SL,1,0.08333333333333333
LINKUSDT,2024-12-13 00:00:00+00:00,2024-12-13 04:00:00+00:00,SHORT,29.13,29.372,0.24200000000000088,-1.0361115702479338,SL,1,0.08333333333333333
LINKUSDT,2024-12-14 00:00:00+00:00,2024-12-14 04:00:00+00:00,SHORT,28.983,29.109,0.12600000000000122,-1.0690071428571422,SL,1,0.08333333333333333
LINKUSDT,2024-12-16 16:00:00+00:00,2024-12-16 20:05:00+00:00,SHORT,30.287,30.845,0.5579999999999998,1.383716666666664,BE,2,0.16666666666666666
LINKUSDT,2024-12-19 20:00:00+00:00,2024-12-20 00:05:00+00:00,LONG,22.303,21.905,0.3979999999999997,1.383188693467333,BE,2,0.16666666666666666
LINKUSDT,2025-01-03 16:00:00+00:00,2025-01-03 20:00:00+00:00,SHORT,23.454,23.482,0.027999999999998693,-1.251292857142869,SL,1,0.08333333333333333
LINKUSDT,2025-01-04 20:00:00+00:00,2025-01-05 08:20:00+00:00,SHORT,23.626,23.927,0.3009999999999984,1.3764524916943544,BE,101,8.416666666666666
LINKUSDT,2025-01-06 04:00:00+00:00,2025-01-06 08:00:00+00:00,SHORT,24.055,24.073,0.018000000000000682,7.599083333333349,TP,1,0.08333333333333333
LINKUSDT,2025-01-06 16:00:00+00:00,2025-01-06 20:50:00+00:00,SHORT,24.375,24.466,0.09100000000000108,5.4196428571428585,BE,11,0.9166666666666666
LINKUSDT,2025-01-08 16:00:00+00:00,2025-01-08 20:00:00+00:00,LONG,20.662,20.47,0.19200000000000017,-1.032284375,SL,1,0.08333333333333333
LINKUSDT,2025-01-09 20:00:00+00:00,2025-01-10 05:45:00+00:00,LONG,19.417,19.297,0.120000000000001,5.451457499999985,BE,70,5.833333333333333
LINKUSDT,2025-01-13 08:00:00+00:00,2025-01-13 12:00:00+00:00,LONG,19.101,19.001,0.09999999999999787,-1.0573030000000012,SL,1,0.08333333333333333
LINKUSDT,2025-01-15 16:00:00+00:00,2025-01-15 20:15:00+00:00,SHORT,21.593,21.743,0.14999999999999858,-1.0431860000000004,SL,4,0.3333333333333333
LINKUSDT,2025-01-16 12:00:00+00:00,2025-01-16 16:00:00+00:00,SHORT,22.464,22.489,0.02500000000000213,-1.269567999999977,SL,1,0.08333333333333333
LINKUSDT,2025-01-19 16:00:00+00:00,2025-01-19 20:00:00+00:00,SHORT,25.409,25.94,0.5310000000000024,-1.0143553672316383,SL,1,0.08333333333333333
LINKUSDT,2025-01-20 08:00:00+00:00,2025-01-20 13:05:00+00:00,SHORT,26.306,26.696,0.39000000000000057,1.3797646153846117,BE,14,1.1666666666666665
LINKUSDT,2025-01-20 16:00:00+00:00,2025-01-21 01:40:00+00:00,SHORT,25.86,26.952,1.0920000000000023,1.392895604395605,BE,69,5.75
LINKUSDT,2025-01-21 20:00:00+00:00,2025-01-22 00:00:00+00:00,SHORT,26.629,27.089,0.4599999999999973,-1.0173667391304348,SL,1,0.08333333333333333
LINKUSDT,2025-02-02 20:00:00+00:00,2025-02-03 00:05:00+00:00,LONG,20.762,20.069,0.6930000000000014,-1.0089878787878788,SL,2,0.16666666666666666
LINKUSDT,2025-02-24 16:00:00+00:00,2025-02-24 20:00:00+00:00,LONG,16.211,16.041,0.16999999999999815,-1.028607647058824,SL,1,0.08333333333333333
LINKUSDT,2025-02-26 08:00:00+00:00,2025-02-28 01:30:00+00:00,LONG,15.292,14.503,0.7889999999999997,-1.0058144486692016,SL,451,37.58333333333333
LINKUSDT,2025-02-28 04:00:00+00:00,2025-02-28 08:00:00+00:00,LONG,13.874,13.816,0.05799999999999983,-1.0717620689655174,SL,1,0.08333333333333333
LINKUSDT,2025-03-02 20:00:00+00:00,2025-03-03 00:00:00+00:00,SHORT,16.948,17.356,0.40800000000000125,-1.0124617647058822,SL,1,0.08333333333333333
LINKUSDT,2025-03-06 04:00:00+00:00,2025-03-06 08:15:00+00:00,SHORT,17.215,17.336,0.12099999999999866,1.357318181818193,BE,4,0.3333333333333333
LINKUSDT,2025-03-06 12:00:00+00:00,2025-03-06 16:05:00+00:00,SHORT,17.483,17.66,0.1769999999999996,1.3703677966101613,BE,2,0.16666666666666666
LINKUSDT,2025-03-10 20:00:00+00:00,2025-03-11 00:25:00+00:00,LONG,12.807,12.409,0.3979999999999997,-1.0096535175879398,SL,6,0.5
LINKUSDT,2025-03-20 00:00:00+00:00,2025-03-20 04:00:00+00:00,SHORT,15.013,15.036,0.022999999999999687,7.804178260869563,TP,1,0.08333333333333333
LINKUSDT,2025-03-24 08:00:00+00:00,2025-03-24 12:00:00+00:00,SHORT,15.018,15.152,0.13399999999999856,-1.0336223880597017,SL,1,0.08333333333333333
LINKUSDT,2025-03-25 08:00:00+00:00,2025-03-25 12:00:00+00:00,SHORT,15.195,15.25,0.054999999999999716,-1.0828818181818187,SL,1,0.08333333333333333
LINKUSDT,2025-03-27 04:00:00+00:00,2025-03-27 12:00:00+00:00,SHORT,15.718,15.875,0.15700000000000003,1.3699656050955369,BE,49,4.083333333333333
LINKUSDT,2025-03-29 20:00:00+00:00,2025-03-30 16:55:00+00:00,LONG,13.578,13.37,0.20800000000000018,-1.0195836538461538,SL,204,17.0
LINKUSDT,2025-03-31 00:00:00+00:00,2025-03-31 07:15:00+00:00,LONG,13.409,13.183,0.22600000000000087,-1.017799557522124,SL,40,3.333333333333333
LINKUSDT,2025-04-06 20:00:00+00:00,2025-04-07 00:00:00+00:00,LONG,11.571,11.431,0.14000000000000057,-1.024795,SL,1,0.08333333333333333
LINKUSDT,2025-04-09 04:00:00+00:00,2025-04-09 18:10:00+00:00,LONG,10.682,10.437,0.245000000000001,7.9869200000000005,TP,123,10.25
LINKUSDT,2025-04-20 16:00:00+00:00,2025-04-20 20:00:00+00:00,SHORT,13.103,13.205,0.10200000000000031,-1.0385382352941175,SL,1,0.08333333333333333
LINKUSDT,2025-04-22 12:00:00+00:00,2025-04-22 16:00:00+00:00,SHORT,13.439,13.515,0.07600000000000051,-1.053048684210526,SL,1,0.08333333333333333
LINKUSDT,2025-05-06 12:00:00+00:00,2025-05-06 16:05:00+00:00,LONG,13.281,13.218,0.06300000000000061,1.3367571428571379,BE,2,0.16666666666666666
LINKUSDT,2025-05-08 08:00:00+00:00,2025-05-08 12:00:00+00:00,SHORT,14.678,14.726,0.04800000000000004,-1.0917374999999998,SL,1,0.08333333333333333
LINKUSDT,2025-05-13 20:00:00+00:00,2025-05-14 00:30:00+00:00,SHORT,17.612,17.805,0.1930000000000014,1.372623834196895,BE,7,0.5833333333333333
LINKUSDT,2025-05-22 16:00:00+00:00,2025-05-22 20:05:00+00:00,SHORT,16.798,16.888,0.09000000000000341,1.3440066666666688,BE,2,0.16666666666666666
LINKUSDT,2025-05-23 04:00:00+00:00,2025-05-23 08:00:00+00:00,SHORT,17.122,17.154,0.03200000000000003,7.83948125,TP,1,0.08333333333333333
LINKUSDT,2025-05-30 16:00:00+00:00,2025-05-30 20:35:00+00:00,LONG,14.236,14.134,0.10200000000000031,-1.0418705882352939,SL,8,0.6666666666666666
LINKUSDT,2025-06-05 20:00:00+00:00,2025-06-06 00:00:00+00:00,LONG,13.187,13.071,0.11599999999999966,-1.0341043103448277,SL,1,0.08333333333333333
LINKUSDT,2025-06-10 04:00:00+00:00,2025-06-10 11:15:00+00:00,SHORT,14.469,14.621,0.15200000000000102,-1.028557236842105,SL,40,3.333333333333333
LINKUSDT,2025-06-21 20:00:00+00:00,2025-06-22 00:00:00+00:00,LONG,12.189,12.177,0.012000000000000455,-1.3047249999999884,SL,1,0.08333333333333333
LINKUSDT,2025-06-24 16:00:00+00:00,2025-06-25 00:50:00+00:00,SHORT,13.347,13.44,0.09299999999999997,-1.0430548387096774,SL,59,4.916666666666666
LINKUSDT,2025-06-30 00:00:00+00:00,2025-06-30 19:20:00+00:00,SHORT,13.702,13.87,0.16799999999999926,1.3755321428571428,BE,185,15.416666666666666
LINKUSDT,2025-07-02 20:00:00+00:00,2025-07-03 00:00:00+00:00,SHORT,13.768,13.787,0.019000000000000128,7.782610526315791,TP,1,0.08333333333333333
LINKUSDT,2025-07-03 08:00:00+00:00,2025-07-03 12:05:00+00:00,SHORT,13.877,13.907,0.02999999999999936,1.2612300000000207,BE,2,0.16666666666666666
LINKUSDT,2025-07-08 20:00:00+00:00,2025-07-09 00:00:00+00:00,SHORT,13.91,13.935,0.025000000000000355,-1.1669199999999975,SL,1,0.08333333333333333
LINKUSDT,2025-07-09 08:00:00+00:00,2025-07-09 12:05:00+00:00,SHORT,14.144,14.211,0.06700000000000017,1.3366686567164128,BE,2,0.16666666666666666
LINKUSDT,2025-07-13 04:00:00+00:00,2025-07-13 08:00:00+00:00,SHORT,15.131,15.301,0.16999999999999993,-1.0267017647058823,SL,1,0.08333333333333333
LINKUSDT,2025-07-16 00:00:00+00:00,2025-07-16 05:00:00+00:00,SHORT,16.105,16.195,0.08999999999999986,1.3463166666666626,BE,13,1.0833333333333333
LINKUSDT,2025-07-16 08:00:00+00:00,2025-07-16 12:00:00+00:00,SHORT,16.315,16.394,0.07899999999999707,-1.061955696202534,SL,1,0.08333333333333333
LINKUSDT,2025-07-22 16:00:00+00:00,2025-07-23 15:55:00+00:00,SHORT,19.348,19.998,0.6500000000000021,1.391070153846155,BE,240,20.0
LINKUSDT,2025-08-07 16:00:00+00:00,2025-08-07 20:00:00+00:00,SHORT,17.832,18.086,0.2539999999999978,-1.0210614173228347,SL,1,0.08333333333333333
LINKUSDT,2025-08-12 16:00:00+00:00,2025-08-12 20:00:00+00:00,SHORT,24.007,24.097,0.08999999999999986,7.919976666666667,TP,1,0.08333333333333333
LINKUSDT,2025-08-17 08:00:00+00:00,2025-08-17 12:00:00+00:00,SHORT,24.286,24.554,0.26799999999999713,-1.0271858208955227,SL,1,0.08333333333333333
LINKUSDT,2025-08-18 16:00:00+00:00,2025-08-18 22:20:00+00:00,SHORT,25.36,26.201,0.8410000000000011,-1.0090463733650417,SL,29,2.4166666666666665
LINKUSDT,2025-08-20 16:00:00+00:00,2025-08-20 21:05:00+00:00,SHORT,25.942,26.459,0.5169999999999995,-1.0150533849129595,SL,14,1.1666666666666665
LINKUSDT,2025-08-22 20:00:00+00:00,2025-08-23 05:35:00+00:00,SHORT,27.174,27.863,0.6890000000000001,1.388168069666184,BE,68,5.666666666666666
LINKUSDT,2025-09-12 00:00:00+00:00,2025-09-12 04:00:00+00:00,SHORT,24.452,24.486,0.03399999999999892,-1.2157529411764774,SL,1,0.08333333333333333
LINKUSDT,2025-09-12 16:00:00+00:00,2025-09-12 20:00:00+00:00,SHORT,24.471,24.82,0.3490000000000002,-1.0210352435530086,SL,1,0.08333333333333333
LINKUSDT,2025-09-14 00:00:00+00:00,2025-09-15 21:55:00+00:00,SHORT,24.876,25.638,0.7620000000000005,1.3902062992125983,BE,504,42.0
LINKUSDT,2025-09-24 00:00:00+00:00,2025-09-24 04:00:00+00:00,LONG,21.509,21.47,0.03900000000000148,-1.16545384615384,SL,1,0.08333333333333333
LINKUSDT,2025-09-25 08:00:00+00:00,2025-09-25 12:00:00+00:00,LONG,20.955,20.885,0.06999999999999673,-1.089807142857147,SL,1,0.08333333333333333
LINKUSDT,2025-10-01 16:00:00+00:00,2025-10-01 20:00:00+00:00,SHORT,22.392,22.48,0.08800000000000097,-1.0763363636363628,SL,1,0.08333333333333333
LINKUSDT,2025-10-02 20:00:00+00:00,2025-10-03 00:15:00+00:00,SHORT,22.916,23.115,0.19899999999999807,1.3654532663316579,BE,4,0.3333333333333333
LINKUSDT,2025-10-06 20:00:00+00:00,2025-10-07 00:55:00+00:00,SHORT,23.435,23.527,0.0920000000000023,-1.0764184782608677,SL,12,1.0
LINKUSDT,2025-10-11 00:00:00+00:00,2026-02-05 20:15:00+00:00,LONG,17.279,8.164,9.115,-1.0005686999451453,SL,33892,2824.333333333333
LINKUSDT,2026-02-14 20:00:00+00:00,2026-02-15 00:50:00+00:00,SHORT,9.163,9.183,0.019999999999999574,5.362554999999997,BE,11,0.9166666666666666
LINKUSDT,2026-02-15 08:00:00+00:00,2026-02-15 12:50:00+00:00,SHORT,9.198,9.239,0.04100000000000037,7.93269756097561,TP,11,0.9166666666666666
LINKUSDT,2026-02-23 04:00:00+00:00,2026-02-23 09:10:00+00:00,LONG,8.249,8.165,0.0840000000000014,1.3705392857142777,BE,15,1.25
LINKUSDT,2026-02-25 16:00:00+00:00,2026-02-25 20:00:00+00:00,SHORT,9.279,9.332,0.053000000000000824,-1.052522641509433,SL,1,0.08333333333333333
LINKUSDT,2026-02-27 04:00:00+00:00,2026-02-27 10:15:00+00:00,SHORT,9.181,9.31,0.12900000000000134,1.3786488372093024,BE,28,2.333333333333333
