symbol,tp_r,mfe_r,lock_r,total_r,delta_vs_tp_only,win_pct,max_dd_r,avg_hold_h,n_trades
XRPUSDT,2.0,0.5,0.0,-3.3978,-10.0,29.27,15.6571,9.71,82
XRPUSDT,2.0,0.5,0.25,-0.8978,-7.5,50.0,13.9071,9.27,82
XRPUSDT,2.0,0.5,0.5,2.1022,-4.5,50.0,12.1571,9.17,82
XRPUSDT,2.0,0.5,1.0,11.6022,5.0,50.0,9.3402,9.07,82
XRPUSDT,2.0,1.0,0.0,-3.3978,-10.0,31.71,12.6571,16.54,82
XRPUSDT,2.0,1.0,0.25,-2.3978,-9.0,45.12,11.8402,16.24,82
XRPUSDT,2.0,1.0,0.5,-2.3978,-9.0,45.12,12.8402,16.0,82
XRPUSDT,2.0,1.0,1.0,4.6022,-2.0,45.12,11.3402,14.39,82
XRPUSDT,2.0,1.5,0.0,3.6022,-3.0,37.8,9.8451,17.66,82
XRPUSDT,2.0,1.5,0.25,4.3522,-2.25,41.46,9.8451,17.46,82
XRPUSDT,2.0,1.5,0.5,3.6022,-3.0,41.46,9.8451,17.41,82
XRPUSDT,2.0,1.5,1.0,4.6022,-2.0,41.46,9.8451,15.9,82
XRPUSDT,2.0,2.0,0.0,6.6022,0.0,40.24,9.8451,18.63,82
XRPUSDT,2.0,2.0,0.25,6.6022,0.0,40.24,9.8451,18.63,82
XRPUSDT,2.0,2.0,0.5,6.6022,0.0,40.24,9.8451,18.63,82
XRPUSDT,2.0,2.0,1.0,6.6022,0.0,40.24,9.8451,18.63,82
XRPUSDT,3.0,0.5,0.0,15.6022,-9.0,26.83,13.7052,10.54,82
XRPUSDT,3.0,0.5,0.25,17.6022,-7.0,50.0,11.6571,10.05,82
XRPUSDT,3.0,0.5,0.5,20.1022,-4.5,50.0,12.1571,9.17,82
XRPUSDT,3.0,0.5,1.0,30.6022,6.0,50.0,8.3402,9.07,82
XRPUSDT,3.0,1.0,0.0,14.6022,-10.0,28.05,11.7052,17.41,82
XRPUSDT,3.0,1.0,0.25,15.3522,-9.25,45.12,10.1571,17.07,82
XRPUSDT,3.0,1.0,0.5,14.1022,-10.5,45.12,13.6571,16.0,82
XRPUSDT,3.0,1.0,1.0,22.6022,-2.0,45.12,10.3402,14.39,82
XRPUSDT,3.0,1.5,0.0,20.6022,-4.0,31.71,9.1244,22.0,82
XRPUSDT,3.0,1.5,0.25,17.1022,-7.5,41.46,7.8264,21.41,82
XRPUSDT,3.0,1.5,0.5,17.1022,-7.5,41.46,9.0764,20.59,82
XRPUSDT,3.0,1.5,1.0,18.6022,-6.0,41.46,10.3402,15.95,82
XRPUSDT,3.0,2.0,0.0,25.6022,1.0,34.15,7.8025,22.98,82
XRPUSDT,3.0,2.0,0.25,21.3522,-3.25,40.24,6.8025,22.59,82
XRPUSDT,3.0,2.0,0.5,20.6022,-4.0,40.24,8.7643,21.85,82
XRPUSDT,3.0,2.0,1.0,20.6022,-4.0,40.24,10.3402,19.12,82
XRPUSDT,4.0,0.5,0.0,34.6022,-5.0,25.61,14.1737,12.68,82
XRPUSDT,4.0,0.5,0.25,35.8522,-3.75,50.0,11.8756,12.1,82
XRPUSDT,4.0,0.5,0.5,41.1022,1.5,50.0,9.6256,9.37,82
XRPUSDT,4.0,0.5,1.0,48.6022,9.0,50.0,6.3135,9.12,82
XRPUSDT,4.0,1.0,0.0,34.6022,-5.0,26.83,11.1737,20.2,82
XRPUSDT,4.0,1.0,0.25,34.6022,-5.0,45.12,9.8135,19.76,82
XRPUSDT,4.0,1.0,0.5,35.1022,-4.5,45.12,11.1256,16.2,82
XRPUSDT,4.0,1.0,1.0,40.6022,1.0,45.12,8.3135,14.44,82
XRPUSDT,4.0,1.5,0.0,39.6022,0.0,29.27,11.1737,25.51,82
XRPUSDT,4.0,1.5,0.25,34.6022,-5.0,41.46,9.8135,24.83,82
XRPUSDT,4.0,1.5,0.5,37.6022,-2.0,41.46,9.3135,22.05,82
XRPUSDT,4.0,1.5,1.0,37.6022,-2.0,41.46,8.3135,16.0,82
XRPUSDT,4.0,2.0,0.0,42.6022,3.0,30.49,11.1737,26.63,82
XRPUSDT,4.0,2.0,0.25,37.1022,-2.5,40.24,9.8135,26.15,82
XRPUSDT,4.0,2.0,0.5,39.6022,-0.0,40.24,9.3135,23.37,82
XRPUSDT,4.0,2.0,1.0,38.6022,-1.0,40.24,8.3135,19.17,82
XRPUSDT,5.0,0.5,0.0,51.6022,-3.0,24.39,12.1737,12.78,82
XRPUSDT,5.0,0.5,0.25,52.1022,-2.5,50.0,9.8756,12.2,82
XRPUSDT,5.0,0.5,0.5,57.6022,3.0,50.0,7.6256,9.46,82
XRPUSDT,5.0,0.5,1.0,64.6022,10.0,50.0,5.3311,9.22,82
XRPUSDT,5.0,1.0,0.0,47.6022,-7.0,24.39,13.1737,20.54,82
XRPUSDT,5.0,1.0,0.25,47.1022,-7.5,45.12,11.1256,20.1,82
XRPUSDT,5.0,1.0,0.5,51.6022,-3.0,45.12,9.1256,16.29,82
XRPUSDT,5.0,1.0,1.0,56.6022,2.0,45.12,7.3135,14.54,82
XRPUSDT,5.0,1.5,0.0,49.6022,-5.0,25.61,13.1737,26.88,82
XRPUSDT,5.0,1.5,0.25,43.3522,-11.25,41.46,11.1256,25.71,82
XRPUSDT,5.0,1.5,0.5,47.1022,-7.5,41.46,9.1256,22.73,82
XRPUSDT,5.0,1.5,1.0,50.6022,-4.0,41.46,7.3135,16.39,82
XRPUSDT,5.0,2.0,0.0,53.6022,-1.0,26.83,13.1737,28.0,82
XRPUSDT,5.0,2.0,0.25,46.8522,-7.75,40.24,11.1256,27.02,82
XRPUSDT,5.0,2.0,0.5,50.1022,-4.5,40.24,9.1256,24.05,82
XRPUSDT,5.0,2.0,1.0,52.6022,-2.0,40.24,7.3135,19.56,82
XRPUSDT,6.0,0.5,0.0,72.6022,-7.0,24.39,10.1737,13.07,82
XRPUSDT,6.0,0.5,0.25,72.1022,-7.5,50.0,7.8756,12.44,82
XRPUSDT,6.0,0.5,0.5,77.6022,-2.0,50.0,6.648,9.71,82
XRPUSDT,6.0,0.5,1.0,83.6022,4.0,50.0,5.3311,9.32,82
XRPUSDT,6.0,1.0,0.0,68.6022,-11.0,24.39,11.1737,20.83,82
XRPUSDT,6.0,1.0,0.25,67.1022,-12.5,45.12,9.1256,20.34,82
XRPUSDT,6.0,1.0,0.5,71.6022,-8.0,45.12,7.3135,16.54,82
XRPUSDT,6.0,1.0,1.0,75.6022,-4.0,45.12,6.3135,14.63,82
XRPUSDT,6.0,1.5,0.0,65.6022,-14.0,24.39,11.1737,27.8,82
XRPUSDT,6.0,1.5,0.25,63.3522,-16.25,41.46,9.1256,25.95,82
XRPUSDT,6.0,1.5,0.5,67.1022,-12.5,41.46,7.3135,22.98,82
XRPUSDT,6.0,1.5,1.0,69.6022,-10.0,41.46,6.3135,16.49,82
XRPUSDT,6.0,2.0,0.0,70.6022,-9.0,25.61,11.1737,28.93,82
XRPUSDT,6.0,2.0,0.25,67.8522,-11.75,40.24,9.1256,27.27,82
XRPUSDT,6.0,2.0,0.5,71.1022,-8.5,40.24,7.3135,24.29,82
XRPUSDT,6.0,2.0,1.0,72.6022,-7.0,40.24,6.3135,19.66,82
XRPUSDT,7.0,0.5,0.0,72.6022,-8.0,21.95,15.1737,14.15,82
XRPUSDT,7.0,0.5,0.25,71.8522,-8.75,51.22,12.6256,13.37,82
XRPUSDT,7.0,0.5,0.5,78.1022,-2.5,51.22,10.1256,10.39,82
XRPUSDT,7.0,0.5,1.0,90.6022,10.0,51.22,5.8575,9.41,82
XRPUSDT,7.0,1.0,0.0,68.6022,-12.0,21.95,16.1737,21.9,82
XRPUSDT,7.0,1.0,0.25,66.8522,-13.75,46.34,13.8756,21.27,82
XRPUSDT,7.0,1.0,0.5,72.1022,-8.5,46.34,11.6256,17.22,82
XRPUSDT,7.0,1.0,1.0,82.6022,2.0,46.34,7.8086,14.73,82
XRPUSDT,7.0,1.5,0.0,65.6022,-15.0,21.95,16.1737,28.88,82
XRPUSDT,7.0,1.5,0.25,63.1022,-17.5,42.68,13.8756,26.88,82
XRPUSDT,7.0,1.5,0.5,67.6022,-13.0,42.68,11.6256,23.66,82
XRPUSDT,7.0,1.5,1.0,76.6022,-4.0,42.68,7.8086,16.59,82
XRPUSDT,7.0,2.0,0.0,71.6022,-9.0,23.17,16.1737,30.05,82
XRPUSDT,7.0,2.0,0.25,68.6022,-12.0,41.46,13.8756,28.24,82
XRPUSDT,7.0,2.0,0.5,72.6022,-8.0,41.46,11.6256,25.02,82
XRPUSDT,7.0,2.0,1.0,74.6022,-6.0,41.46,7.8086,19.76,82
XRPUSDT,8.0,0.5,0.0,66.6022,-9.0,18.29,14.1737,14.88,82
XRPUSDT,8.0,0.5,0.25,65.6022,-10.0,51.22,11.6256,13.95,82
XRPUSDT,8.0,0.5,0.5,72.6022,-3.0,51.22,9.1256,10.98,82
XRPUSDT,8.0,0.5,1.0,86.6022,11.0,51.22,5.8575,9.9,82
XRPUSDT,8.0,1.0,0.0,62.6022,-13.0,18.29,15.1737,22.63,82
XRPUSDT,8.0,1.0,0.25,60.6022,-15.0,46.34,12.8756,21.85,82
XRPUSDT,8.0,1.0,0.5,66.6022,-9.0,46.34,10.6256,17.8,82
XRPUSDT,8.0,1.0,1.0,78.6022,3.0,46.34,6.8764,15.22,82
XRPUSDT,8.0,1.5,0.0,59.6022,-16.0,18.29,15.1737,29.61,82
XRPUSDT,8.0,1.5,0.25,56.8522,-18.75,42.68,12.8756,27.46,82
XRPUSDT,8.0,1.5,0.5,62.1022,-13.5,42.68,10.6256,24.24,82
XRPUSDT,8.0,1.5,1.0,72.6022,-3.0,42.68,6.8764,17.07,82
XRPUSDT,8.0,2.0,0.0,66.6022,-9.0,19.51,15.1737,30.93,82
XRPUSDT,8.0,2.0,0.25,63.3522,-12.25,41.46,12.8756,28.98,82
XRPUSDT,8.0,2.0,0.5,68.1022,-7.5,41.46,10.6256,25.76,82
XRPUSDT,8.0,2.0,1.0,70.6022,-5.0,41.46,6.8764,20.24,82
BTCUSDT,2.0,0.5,0.0,5.2891,-4.0,35.37,9.7487,17.61,82
BTCUSDT,2.0,0.5,0.25,3.5391,-5.75,52.44,12.847,15.85,82
BTCUSDT,2.0,0.5,0.5,7.7891,-1.5,52.44,12.097,15.66,82
BTCUSDT,2.0,0.5,1.0,16.2891,7.0,52.44,10.597,15.61,82
BTCUSDT,2.0,1.0,0.0,3.2891,-6.0,36.59,11.2837,18.88,82
BTCUSDT,2.0,1.0,0.25,3.7891,-5.5,47.56,11.3875,18.68,82
BTCUSDT,2.0,1.0,0.5,4.7891,-4.5,47.56,10.6375,17.61,82
BTCUSDT,2.0,1.0,1.0,9.2891,0.0,47.56,10.597,17.22,82
BTCUSDT,2.0,1.5,0.0,7.2891,-2.0,40.24,8.7006,19.41,82
BTCUSDT,2.0,1.5,0.25,8.2891,-1.0,45.12,8.1655,19.32,82
BTCUSDT,2.0,1.5,0.5,6.2891,-3.0,45.12,8.7006,19.17,82
BTCUSDT,2.0,1.5,1.0,7.2891,-2.0,45.12,9.1655,18.44,82
BTCUSDT,2.0,2.0,0.0,9.2891,0.0,42.68,8.7006,19.56,82
BTCUSDT,2.0,2.0,0.25,9.2891,0.0,42.68,8.7006,19.56,82
BTCUSDT,2.0,2.0,0.5,9.2891,0.0,42.68,8.7006,19.56,82
BTCUSDT,2.0,2.0,1.0,9.2891,0.0,42.68,8.7006,19.56,82
BTCUSDT,3.0,0.5,0.0,17.2891,-12.0,29.27,8.7659,19.12,82
BTCUSDT,3.0,0.5,0.25,19.5391,-9.75,53.66,7.689,16.44,82
BTCUSDT,3.0,0.5,0.5,22.2891,-7.0,53.66,6.939,16.15,82
BTCUSDT,3.0,0.5,1.0,27.2891,-2.0,53.66,9.1655,15.76,82
BTCUSDT,3.0,1.0,0.0,13.2891,-16.0,29.27,8.7659,20.68,82
BTCUSDT,3.0,1.0,0.25,17.2891,-12.0,48.78,7.689,20.15,82
BTCUSDT,3.0,1.0,0.5,18.7891,-10.5,48.78,6.939,18.1,82
BTCUSDT,3.0,1.0,1.0,19.2891,-10.0,48.78,9.1655,17.37,82
BTCUSDT,3.0,1.5,0.0,14.2891,-15.0,30.49,8.439,21.8,82
BTCUSDT,3.0,1.5,0.25,17.5391,-11.75,46.34,7.689,21.32,82
BTCUSDT,3.0,1.5,0.5,15.7891,-13.5,46.34,6.939,20.39,82
BTCUSDT,3.0,1.5,1.0,15.2891,-14.0,46.34,9.1655,18.59,82
BTCUSDT,3.0,2.0,0.0,15.2891,-14.0,31.71,8.439,22.0,82
BTCUSDT,3.0,2.0,0.25,17.7891,-11.5,43.9,7.689,21.61,82
BTCUSDT,3.0,2.0,0.5,15.2891,-14.0,43.9,6.939,21.37,82
BTCUSDT,3.0,2.0,1.0,15.2891,-14.0,43.9,7.1655,20.49,82
BTCUSDT,4.0,0.5,0.0,33.2891,-3.0,26.83,5.8847,20.83,82
BTCUSDT,4.0,0.5,0.25,38.7891,2.5,52.44,5.5951,16.63,82
BTCUSDT,4.0,0.5,0.5,40.7891,4.5,53.66,5.3451,16.34,82
BTCUSDT,4.0,0.5,1.0,43.2891,7.0,53.66,6.4219,15.95,82
BTCUSDT,4.0,1.0,0.0,29.2891,-7.0,26.83,5.8847,22.39,82
BTCUSDT,4.0,1.0,0.25,33.7891,-2.5,47.56,5.5951,21.02,82
BTCUSDT,4.0,1.0,0.5,34.7891,-1.5,48.78,5.3451,18.98,82
BTCUSDT,4.0,1.0,1.0,35.2891,-1.0,48.78,6.4219,17.56,82
BTCUSDT,4.0,1.5,0.0,27.2891,-9.0,26.83,5.8847,23.61,82
BTCUSDT,4.0,1.5,0.25,31.2891,-5.0,45.12,5.5951,22.29,82
BTCUSDT,4.0,1.5,0.5,31.7891,-4.5,46.34,5.3451,21.27,82
BTCUSDT,4.0,1.5,1.0,31.2891,-5.0,46.34,6.4219,18.78,82
BTCUSDT,4.0,2.0,0.0,29.2891,-7.0,28.05,5.8847,23.8,82
BTCUSDT,4.0,2.0,0.25,32.5391,-3.75,42.68,5.5951,22.59,82
BTCUSDT,4.0,2.0,0.5,32.2891,-4.0,43.9,5.3451,22.24,82
BTCUSDT,4.0,2.0,1.0,30.2891,-6.0,43.9,6.4219,21.27,82
BTCUSDT,5.0,0.5,0.0,40.2891,-11.0,23.17,5.8869,22.1,82
BTCUSDT,5.0,0.5,0.25,41.7891,-9.5,52.44,6.2011,17.85,82
BTCUSDT,5.0,0.5,0.5,39.2891,-12.0,53.66,5.3451,17.27,82
BTCUSDT,5.0,0.5,1.0,49.2891,-2.0,53.66,4.9525,16.1,82
BTCUSDT,5.0,1.0,0.0,36.2891,-15.0,23.17,6.8869,23.66,82
BTCUSDT,5.0,1.0,0.25,36.7891,-14.5,47.56,8.3268,22.24,82
BTCUSDT,5.0,1.0,0.5,33.2891,-18.0,48.78,6.708,19.9,82
BTCUSDT,5.0,1.0,1.0,41.2891,-10.0,48.78,4.9525,17.71,82
BTCUSDT,5.0,1.5,0.0,34.2891,-17.0,23.17,7.8869,24.88,82
BTCUSDT,5.0,1.5,0.25,34.2891,-17.0,45.12,10.8268,23.51,82
BTCUSDT,5.0,1.5,0.5,30.2891,-21.0,46.34,9.3268,22.2,82
BTCUSDT,5.0,1.5,1.0,37.2891,-14.0,46.34,6.3268,18.93,82
BTCUSDT,5.0,2.0,0.0,37.2891,-14.0,24.39,7.8869,25.07,82
BTCUSDT,5.0,2.0,0.25,36.5391,-14.75,42.68,11.2011,23.8,82
BTCUSDT,5.0,2.0,0.5,31.7891,-19.5,43.9,10.2011,23.17,82
BTCUSDT,5.0,2.0,1.0,37.2891,-14.0,43.9,8.2011,21.41,82
BTCUSDT,6.0,0.5,0.0,53.2891,-23.0,21.95,7.7915,23.51,82
BTCUSDT,6.0,0.5,0.25,54.0391,-22.25,52.44,7.0415,18.78,82
BTCUSDT,6.0,0.5,0.5,49.7891,-26.5,53.66,6.2915,17.9,82
BTCUSDT,6.0,0.5,1.0,64.2891,-12.0,53.66,4.8451,16.2,82
BTCUSDT,6.0,1.0,0.0,49.2891,-27.0,21.95,7.7915,25.07,82
BTCUSDT,6.0,1.0,0.25,49.0391,-27.25,47.56,8.3268,23.17,82
BTCUSDT,6.0,1.0,0.5,43.7891,-32.5,48.78,6.708,20.54,82
BTCUSDT,6.0,1.0,1.0,56.2891,-20.0,48.78,4.8451,17.8,82
BTCUSDT,6.0,1.5,0.0,47.2891,-29.0,21.95,7.8869,26.29,82
BTCUSDT,6.0,1.5,0.25,46.5391,-29.75,45.12,10.8268,24.44,82
BTCUSDT,6.0,1.5,0.5,40.7891,-35.5,46.34,9.3268,22.83,82
BTCUSDT,6.0,1.5,1.0,52.2891,-24.0,46.34,6.3268,19.02,82
BTCUSDT,6.0,2.0,0.0,51.2891,-25.0,23.17,7.8869,26.49,82
BTCUSDT,6.0,2.0,0.25,49.7891,-26.5,42.68,11.2011,24.73,82
BTCUSDT,6.0,2.0,0.5,43.2891,-33.0,43.9,10.2011,23.8,82
BTCUSDT,6.0,2.0,1.0,53.2891,-23.0,43.9,8.2011,21.51,82
BTCUSDT,7.0,0.5,0.0,57.2891,-20.0,19.51,9.493,24.34,82
BTCUSDT,7.0,0.5,0.25,57.5391,-19.75,51.22,7.743,19.51,82
BTCUSDT,7.0,0.5,0.5,51.7891,-25.5,53.66,6.2915,18.39,82
BTCUSDT,7.0,0.5,1.0,67.2891,-10.0,53.66,4.8451,16.59,82
BTCUSDT,7.0,1.0,0.0,53.2891,-24.0,19.51,10.493,25.9,82
BTCUSDT,7.0,1.0,0.25,52.5391,-24.75,46.34,8.993,23.9,82
BTCUSDT,7.0,1.0,0.5,45.7891,-31.5,48.78,7.493,21.02,82
BTCUSDT,7.0,1.0,1.0,59.2891,-18.0,48.78,4.9242,18.2,82
BTCUSDT,7.0,1.5,0.0,51.2891,-26.0,19.51,10.493,27.12,82
BTCUSDT,7.0,1.5,0.25,50.0391,-27.25,43.9,10.8268,25.17,82
BTCUSDT,7.0,1.5,0.5,42.7891,-34.5,46.34,9.3268,23.32,82
BTCUSDT,7.0,1.5,1.0,55.2891,-22.0,46.34,6.3268,19.41,82
BTCUSDT,7.0,2.0,0.0,56.2891,-21.0,20.73,10.493,27.32,82
BTCUSDT,7.0,2.0,0.25,54.2891,-23.0,41.46,11.2011,25.46,82
BTCUSDT,7.0,2.0,0.5,46.2891,-31.0,43.9,10.2011,24.29,82
BTCUSDT,7.0,2.0,1.0,57.2891,-20.0,43.9,8.2011,21.9,82
BTCUSDT,8.0,0.5,0.0,65.2891,-25.0,18.29,8.493,25.56,82
BTCUSDT,8.0,0.5,0.25,64.7891,-25.5,51.22,7.0415,20.68,82
BTCUSDT,8.0,0.5,0.5,57.2891,-33.0,53.66,6.2915,19.37,82
BTCUSDT,8.0,0.5,1.0,73.2891,-17.0,53.66,4.8451,17.56,82
BTCUSDT,8.0,1.0,0.0,61.2891,-29.0,18.29,9.493,27.12,82
BTCUSDT,8.0,1.0,0.25,59.7891,-30.5,46.34,8.3268,25.07,82
BTCUSDT,8.0,1.0,0.5,51.2891,-39.0,48.78,6.708,22.0,82
BTCUSDT,8.0,1.0,1.0,65.2891,-25.0,48.78,4.9242,19.17,82
BTCUSDT,8.0,1.5,0.0,59.2891,-31.0,18.29,9.493,28.34,82
BTCUSDT,8.0,1.5,0.25,57.2891,-33.0,43.9,10.8268,26.34,82
BTCUSDT,8.0,1.5,0.5,48.2891,-42.0,46.34,9.3268,24.29,82
BTCUSDT,8.0,1.5,1.0,61.2891,-29.0,46.34,6.3268,20.39,82
BTCUSDT,8.0,2.0,0.0,65.2891,-25.0,19.51,9.493,28.73,82
BTCUSDT,8.0,2.0,0.25,62.5391,-27.75,41.46,11.2011,26.83,82
BTCUSDT,8.0,2.0,0.5,52.7891,-37.5,43.9,10.2011,25.46,82
BTCUSDT,8.0,2.0,1.0,64.2891,-26.0,43.9,8.2011,23.07,82
SOLUSDT,2.0,0.5,0.0,-10.7388,-6.0,24.73,25.3097,9.85,93
SOLUSDT,2.0,0.5,0.25,-7.9888,-3.25,44.09,24.2999,9.2,93
SOLUSDT,2.0,0.5,0.5,-3.2388,1.5,44.09,21.2999,8.95,93
SOLUSDT,2.0,0.5,1.0,4.2612,9.0,44.09,15.2999,8.77,93
SOLUSDT,2.0,1.0,0.0,-11.7388,-7.0,25.81,26.3097,11.57,93
SOLUSDT,2.0,1.0,0.25,-11.7388,-7.0,40.86,27.8097,11.1,93
SOLUSDT,2.0,1.0,0.5,-7.7388,-3.0,40.86,25.3097,10.32,93
SOLUSDT,2.0,1.0,1.0,-1.7388,3.0,40.86,20.3097,10.15,93
SOLUSDT,2.0,1.5,0.0,-10.7388,-6.0,27.96,28.3097,12.99,93
SOLUSDT,2.0,1.5,0.25,-11.9888,-7.25,37.63,30.3097,12.6,93
SOLUSDT,2.0,1.5,0.5,-9.2388,-4.5,37.63,28.3097,12.17,93
SOLUSDT,2.0,1.5,1.0,-5.7388,-1.0,37.63,24.3097,11.78,93
SOLUSDT,2.0,2.0,0.0,-4.7388,0.0,33.33,25.3911,17.29,93
SOLUSDT,2.0,2.0,0.25,-4.7388,0.0,33.33,25.3911,17.29,93
SOLUSDT,2.0,2.0,0.5,-4.7388,0.0,33.33,25.3911,17.29,93
SOLUSDT,2.0,2.0,1.0,-4.7388,0.0,33.33,25.3911,17.29,93
SOLUSDT,3.0,0.5,0.0,-2.7388,-17.0,19.35,20.0673,10.24,93
SOLUSDT,3.0,0.5,0.25,0.2612,-14.0,44.09,17.0575,9.51,93
SOLUSDT,3.0,0.5,0.5,6.2612,-8.0,44.09,14.0575,9.25,93
SOLUSDT,3.0,0.5,1.0,16.2612,2.0,44.09,8.5455,8.77,93
SOLUSDT,3.0,1.0,0.0,-2.7388,-17.0,20.43,20.0673,12.0,93
SOLUSDT,3.0,1.0,0.25,-3.4888,-17.75,40.86,20.5673,11.4,93
SOLUSDT,3.0,1.0,0.5,1.7612,-12.5,40.86,18.0673,10.62,93
SOLUSDT,3.0,1.0,1.0,10.2612,-4.0,40.86,13.0673,10.15,93
SOLUSDT,3.0,1.5,0.0,-2.7388,-17.0,21.51,22.0673,13.55,93
SOLUSDT,3.0,1.5,0.25,-4.4888,-18.75,37.63,23.0673,13.03,93
SOLUSDT,3.0,1.5,0.5,-2.7388,-17.0,37.63,21.0673,12.52,93
SOLUSDT,3.0,1.5,1.0,4.2612,-10.0,37.63,17.0673,11.78,93
SOLUSDT,3.0,2.0,0.0,2.2612,-12.0,24.73,20.4048,19.78,93
SOLUSDT,3.0,2.0,0.25,1.5112,-12.75,33.33,19.9048,19.61,93
SOLUSDT,3.0,2.0,0.5,1.2612,-13.0,33.33,19.4048,19.48,93
SOLUSDT,3.0,2.0,1.0,2.2612,-12.0,33.33,21.1486,19.23,93
SOLUSDT,4.0,0.5,0.0,-0.7388,-28.0,15.05,19.3097,11.44,93
SOLUSDT,4.0,0.5,0.25,6.0112,-21.25,44.09,15.7999,9.72,93
SOLUSDT,4.0,0.5,0.5,12.7612,-14.5,44.09,12.9319,9.42,93
SOLUSDT,4.0,0.5,1.0,26.2612,-1.0,44.09,9.788,8.77,93
SOLUSDT,4.0,1.0,0.0,0.2612,-27.0,16.13,18.6472,13.2,93
SOLUSDT,4.0,1.0,0.25,2.2612,-25.0,40.86,19.3097,11.61,93
SOLUSDT,4.0,1.0,0.5,8.2612,-19.0,40.86,16.3097,10.8,93
SOLUSDT,4.0,1.0,1.0,20.2612,-7.0,40.86,10.3097,10.15,93
SOLUSDT,4.0,1.5,0.0,1.2612,-26.0,17.2,20.6472,14.75,93
SOLUSDT,4.0,1.5,0.25,2.2612,-25.0,37.63,21.8097,13.25,93
SOLUSDT,4.0,1.5,0.5,3.7612,-23.5,37.63,19.3097,12.69,93
SOLUSDT,4.0,1.5,1.0,14.2612,-13.0,37.63,14.3097,11.78,93
SOLUSDT,4.0,2.0,0.0,9.2612,-18.0,20.43,19.6472,21.38,93
SOLUSDT,4.0,2.0,0.25,12.2612,-15.0,33.33,18.6472,20.22,93
SOLUSDT,4.0,2.0,0.5,11.7612,-15.5,33.33,17.6472,20.04,93
SOLUSDT,4.0,2.0,1.0,12.2612,-15.0,33.33,18.6472,19.74,93
SOLUSDT,5.0,0.5,0.0,8.2612,-38.0,13.98,16.4417,11.53,93
SOLUSDT,5.0,0.5,0.25,10.5112,-35.75,44.09,14.1819,9.72,93
SOLUSDT,5.0,0.5,0.5,17.7612,-28.5,44.09,11.9319,9.42,93
SOLUSDT,5.0,0.5,1.0,32.2612,-14.0,44.09,9.788,8.77,93
SOLUSDT,5.0,1.0,0.0,10.2612,-36.0,15.05,15.4461,13.55,93
SOLUSDT,5.0,1.0,0.25,6.7612,-39.5,40.86,15.3587,11.61,93
SOLUSDT,5.0,1.0,0.5,13.2612,-33.0,40.86,12.9417,10.8,93
SOLUSDT,5.0,1.0,1.0,26.2612,-20.0,40.86,9.788,10.15,93
SOLUSDT,5.0,1.5,0.0,12.2612,-34.0,16.13,17.4461,15.27,93
SOLUSDT,5.0,1.5,0.25,7.7612,-38.5,37.63,17.8587,13.42,93
SOLUSDT,5.0,1.5,0.5,8.7612,-37.5,37.63,15.9417,12.69,93
SOLUSDT,5.0,1.5,1.0,20.2612,-26.0,37.63,12.4417,11.78,93
SOLUSDT,5.0,2.0,0.0,23.2612,-23.0,19.35,18.7791,22.37,93
SOLUSDT,5.0,2.0,0.25,21.7612,-24.5,33.33,18.0291,21.12,93
SOLUSDT,5.0,2.0,0.5,20.7612,-25.5,33.33,17.2791,20.77,93
SOLUSDT,5.0,2.0,1.0,20.2612,-26.0,33.33,16.4461,20.13,93
SOLUSDT,6.0,0.5,0.0,21.2612,-35.0,13.98,15.4417,12.09,93
SOLUSDT,6.0,0.5,0.25,22.5112,-33.75,44.09,13.1819,9.76,93
SOLUSDT,6.0,0.5,0.5,29.7612,-26.5,44.09,11.2791,9.46,93
SOLUSDT,6.0,0.5,1.0,39.2612,-17.0,44.09,9.788,8.77,93
SOLUSDT,6.0,1.0,0.0,24.2612,-32.0,15.05,14.7791,15.48,93
SOLUSDT,6.0,1.0,0.25,18.7612,-37.5,40.86,14.1917,11.66,93
SOLUSDT,6.0,1.0,0.5,25.2612,-31.0,40.86,11.9417,10.84,93
SOLUSDT,6.0,1.0,1.0,33.2612,-23.0,40.86,9.788,10.15,93
SOLUSDT,6.0,1.5,0.0,27.2612,-29.0,16.13,16.7791,17.2,93
SOLUSDT,6.0,1.5,0.25,20.7612,-35.5,37.63,16.6917,13.46,93
SOLUSDT,6.0,1.5,0.5,20.7612,-35.5,37.63,14.9417,12.73,93
SOLUSDT,6.0,1.5,1.0,27.2612,-29.0,37.63,11.7791,11.78,93
SOLUSDT,6.0,2.0,0.0,35.2612,-21.0,18.28,18.7791,30.54,93
SOLUSDT,6.0,2.0,0.25,33.0112,-23.25,33.33,18.0291,28.77,93
SOLUSDT,6.0,2.0,0.5,31.2612,-25.0,33.33,17.2791,28.43,93
SOLUSDT,6.0,2.0,1.0,29.2612,-27.0,33.33,15.7791,24.26,93
SOLUSDT,7.0,0.5,0.0,13.2612,-57.0,10.75,16.9418,12.3,93
SOLUSDT,7.0,0.5,0.25,14.2612,-56.0,44.09,14.8921,9.89,93
SOLUSDT,7.0,0.5,0.5,22.2612,-48.0,44.09,12.8921,9.59,93
SOLUSDT,7.0,0.5,1.0,32.2612,-38.0,44.09,9.788,8.82,93
SOLUSDT,7.0,1.0,0.0,17.2612,-53.0,11.83,18.4461,15.87,93
SOLUSDT,7.0,1.0,0.25,10.5112,-59.75,40.86,16.1087,11.78,93
SOLUSDT,7.0,1.0,0.5,17.7612,-52.5,40.86,13.9141,10.97,93
SOLUSDT,7.0,1.0,1.0,26.2612,-44.0,40.86,9.9141,10.19,93
SOLUSDT,7.0,1.5,0.0,21.2612,-49.0,12.9,20.4461,17.63,93
SOLUSDT,7.0,1.5,0.25,13.5112,-56.75,37.63,18.6087,13.63,93
SOLUSDT,7.0,1.5,0.5,13.2612,-57.0,37.63,16.9141,12.86,93
SOLUSDT,7.0,1.5,1.0,20.2612,-50.0,37.63,13.9141,11.83,93
SOLUSDT,7.0,2.0,0.0,24.2612,-46.0,13.98,23.4461,33.94,93
SOLUSDT,7.0,2.0,0.25,22.0112,-48.25,33.33,22.1961,32.09,93
SOLUSDT,7.0,2.0,0.5,20.2612,-50.0,33.33,20.9461,31.61,93
SOLUSDT,7.0,2.0,1.0,18.2612,-52.0,33.33,18.4461,27.14,93
SOLUSDT,8.0,0.5,0.0,7.2612,-66.0,8.6,20.7175,12.69,93
SOLUSDT,8.0,0.5,0.25,7.7612,-65.5,44.09,16.8972,10.11,93
SOLUSDT,8.0,0.5,0.5,16.2612,-57.0,44.09,13.1472,9.81,93
SOLUSDT,8.0,0.5,1.0,26.2612,-47.0,44.09,11.061,9.03,93
SOLUSDT,8.0,1.0,0.0,12.2612,-61.0,9.68,22.711,23.23,93
SOLUSDT,8.0,1.0,0.25,4.0112,-69.25,40.86,19.3972,12.0,93
SOLUSDT,8.0,1.0,0.5,11.7612,-61.5,40.86,16.1472,11.18,93
SOLUSDT,8.0,1.0,1.0,20.2612,-53.0,40.86,11.061,10.41,93
SOLUSDT,8.0,1.5,0.0,17.2612,-56.0,10.75,24.711,25.03,93
SOLUSDT,8.0,1.5,0.25,8.0112,-65.25,37.63,21.8972,13.89,93
SOLUSDT,8.0,1.5,0.5,7.2612,-66.0,37.63,19.1472,13.08,93
SOLUSDT,8.0,1.5,1.0,14.2612,-59.0,37.63,13.9141,12.04,93
SOLUSDT,8.0,2.0,0.0,21.2612,-52.0,11.83,27.711,41.81,93
SOLUSDT,8.0,2.0,0.25,18.5112,-54.75,33.33,25.6472,39.78,93
SOLUSDT,8.0,2.0,0.5,16.2612,-57.0,33.33,23.6472,39.27,93
SOLUSDT,8.0,2.0,1.0,13.2612,-60.0,33.33,19.6472,27.83,93
LINKUSDT,2.0,0.5,0.0,-9.0015,-2.0,27.27,16.6152,51.09,66
LINKUSDT,2.0,0.5,0.25,-7.2515,-0.25,37.88,14.8652,50.91,66
LINKUSDT,2.0,0.5,0.5,-8.5015,-1.5,37.88,16.1152,50.79,66
LINKUSDT,2.0,0.5,1.0,-4.0015,3.0,37.88,11.6152,50.79,66
LINKUSDT,2.0,1.0,0.0,-7.0015,0.0,30.3,14.6152,52.55,66
LINKUSDT,2.0,1.0,0.25,-6.2515,0.75,34.85,13.8652,52.55,66
LINKUSDT,2.0,1.0,0.5,-8.5015,-1.5,34.85,16.1152,52.36,66
LINKUSDT,2.0,1.0,1.0,-7.0015,0.0,34.85,14.6152,51.94,66
LINKUSDT,2.0,1.5,0.0,-8.0015,-1.0,30.3,15.6152,52.61,66
LINKUSDT,2.0,1.5,0.25,-7.5015,-0.5,33.33,15.1152,52.61,66
LINKUSDT,2.0,1.5,0.5,-10.0015,-3.0,33.33,17.6152,52.48,66
LINKUSDT,2.0,1.5,1.0,-8.0015,-1.0,33.33,15.6152,52.36,66
LINKUSDT,2.0,2.0,0.0,-7.0015,0.0,31.82,14.6152,52.79,66
LINKUSDT,2.0,2.0,0.25,-7.0015,0.0,31.82,14.6152,52.79,66
LINKUSDT,2.0,2.0,0.5,-7.0015,0.0,31.82,14.6152,52.79,66
LINKUSDT,2.0,2.0,1.0,-7.0015,0.0,31.82,14.6152,52.79,66
LINKUSDT,3.0,0.5,0.0,5.9985,-8.0,25.76,11.5994,51.94,66
LINKUSDT,3.0,0.5,0.25,7.9985,-6.0,37.88,11.0994,51.76,66
LINKUSDT,3.0,0.5,0.5,2.4985,-11.5,37.88,10.5994,50.79,66
LINKUSDT,3.0,0.5,1.0,7.9985,-6.0,37.88,9.5994,50.79,66
LINKUSDT,3.0,1.0,0.0,6.9985,-7.0,27.27,12.5994,54.97,66
LINKUSDT,3.0,1.0,0.25,8.2485,-5.75,34.85,12.3494,54.91,66
LINKUSDT,3.0,1.0,0.5,1.9985,-12.0,34.85,12.0994,53.82,66
LINKUSDT,3.0,1.0,1.0,3.9985,-10.0,34.85,11.5994,51.94,66
LINKUSDT,3.0,1.5,0.0,5.9985,-8.0,27.27,13.0433,55.03,66
LINKUSDT,3.0,1.5,0.25,6.9985,-7.0,33.33,12.5433,54.97,66
LINKUSDT,3.0,1.5,0.5,0.4985,-13.5,33.33,12.0994,53.94,66
LINKUSDT,3.0,1.5,1.0,1.9985,-12.0,33.33,11.5994,53.27,66
LINKUSDT,3.0,2.0,0.0,4.9985,-9.0,27.27,14.0433,55.21,66
LINKUSDT,3.0,2.0,0.25,5.7485,-8.25,31.82,13.7933,55.15,66
LINKUSDT,3.0,2.0,0.5,3.9985,-10.0,31.82,13.5994,54.97,66
LINKUSDT,3.0,2.0,1.0,1.9985,-12.0,31.82,13.5994,54.24,66
LINKUSDT,4.0,0.5,0.0,10.9985,-9.0,21.21,11.5994,52.91,66
LINKUSDT,4.0,0.5,0.25,9.9985,-10.0,37.88,11.0994,52.42,66
LINKUSDT,4.0,0.5,0.5,2.4985,-17.5,37.88,10.8742,51.21,66
LINKUSDT,4.0,0.5,1.0,9.9985,-10.0,37.88,9.5994,51.09,66
LINKUSDT,4.0,1.0,0.0,8.9985,-11.0,21.21,12.5994,57.33,66
LINKUSDT,4.0,1.0,0.25,7.4985,-12.5,34.85,12.3494,56.91,66
LINKUSDT,4.0,1.0,0.5,-0.5015,-20.5,34.85,12.0994,55.33,66
LINKUSDT,4.0,1.0,1.0,5.9985,-14.0,34.85,11.5994,52.24,66
LINKUSDT,4.0,1.5,0.0,7.9985,-12.0,21.21,12.5994,57.39,66
LINKUSDT,4.0,1.5,0.25,6.2485,-13.75,33.33,12.3494,56.97,66
LINKUSDT,4.0,1.5,0.5,-2.0015,-22.0,33.33,12.6152,55.45,66
LINKUSDT,4.0,1.5,1.0,3.9985,-16.0,33.33,11.5994,53.58,66
LINKUSDT,4.0,2.0,0.0,6.9985,-13.0,21.21,13.5994,57.58,66
LINKUSDT,4.0,2.0,0.25,4.9985,-15.0,31.82,13.5994,57.15,66
LINKUSDT,4.0,2.0,0.5,3.4985,-16.5,31.82,13.5994,56.67,66
LINKUSDT,4.0,2.0,1.0,1.9985,-18.0,31.82,13.5994,54.67,66
LINKUSDT,5.0,0.5,0.0,19.9985,-18.0,19.7,11.5994,53.45,66
LINKUSDT,5.0,0.5,0.25,18.2485,-19.75,37.88,11.0994,52.91,66
LINKUSDT,5.0,0.5,0.5,12.4985,-25.5,37.88,10.5994,51.21,66
LINKUSDT,5.0,0.5,1.0,19.9985,-18.0,37.88,9.5994,51.09,66
LINKUSDT,5.0,1.0,0.0,17.9985,-20.0,19.7,12.5994,57.88,66
LINKUSDT,5.0,1.0,0.25,15.7485,-22.25,34.85,12.3494,57.39,66
LINKUSDT,5.0,1.0,0.5,9.4985,-28.5,34.85,12.0994,55.33,66
LINKUSDT,5.0,1.0,1.0,15.9985,-22.0,34.85,11.5994,52.24,66
LINKUSDT,5.0,1.5,0.0,16.9985,-21.0,19.7,12.5994,57.94,66
LINKUSDT,5.0,1.5,0.25,14.4985,-23.5,33.33,12.3494,57.45,66
LINKUSDT,5.0,1.5,0.5,7.9985,-30.0,33.33,12.0994,55.45,66
LINKUSDT,5.0,1.5,1.0,13.9985,-24.0,33.33,11.5994,53.58,66
LINKUSDT,5.0,2.0,0.0,15.9985,-22.0,19.7,13.5994,58.12,66
LINKUSDT,5.0,2.0,0.25,13.2485,-24.75,31.82,13.5994,57.64,66
LINKUSDT,5.0,2.0,0.5,10.9985,-27.0,31.82,13.5994,56.85,66
LINKUSDT,5.0,2.0,1.0,11.9985,-26.0,31.82,13.5994,54.67,66
LINKUSDT,6.0,0.5,0.0,26.9985,-22.0,18.18,11.5994,54.18,66
LINKUSDT,6.0,0.5,0.25,30.2485,-18.75,37.88,11.0994,53.27,66
LINKUSDT,6.0,0.5,0.5,22.4985,-26.5,37.88,10.5994,51.39,66
LINKUSDT,6.0,0.5,1.0,24.9985,-24.0,37.88,9.6387,51.15,66
LINKUSDT,6.0,1.0,0.0,24.9985,-24.0,18.18,12.5994,58.61,66
LINKUSDT,6.0,1.0,0.25,27.7485,-21.25,34.85,12.3494,57.76,66
LINKUSDT,6.0,1.0,0.5,19.4985,-29.5,34.85,12.0994,55.52,66
LINKUSDT,6.0,1.0,1.0,20.9985,-28.0,34.85,11.6387,52.3,66
LINKUSDT,6.0,1.5,0.0,23.9985,-25.0,18.18,12.5994,58.67,66
LINKUSDT,6.0,1.5,0.25,26.4985,-22.5,33.33,12.3494,57.82,66
LINKUSDT,6.0,1.5,0.5,17.9985,-31.0,33.33,12.0994,55.64,66
LINKUSDT,6.0,1.5,1.0,18.9985,-30.0,33.33,11.6387,53.64,66
LINKUSDT,6.0,2.0,0.0,22.9985,-26.0,18.18,13.5994,58.85,66
LINKUSDT,6.0,2.0,0.25,25.2485,-23.75,31.82,13.5994,58.0,66
LINKUSDT,6.0,2.0,0.5,21.9985,-27.0,31.82,13.5994,57.21,66
LINKUSDT,6.0,2.0,1.0,16.9985,-32.0,31.82,13.6387,54.73,66
LINKUSDT,7.0,0.5,0.0,38.9985,-19.0,18.18,11.5994,56.67,66
LINKUSDT,7.0,0.5,0.25,42.2485,-15.75,37.88,11.0994,55.76,66
LINKUSDT,7.0,0.5,0.5,25.9985,-32.0,37.88,10.5994,51.39,66
LINKUSDT,7.0,0.5,1.0,27.9985,-30.0,37.88,9.6387,51.15,66
LINKUSDT,7.0,1.0,0.0,36.9985,-21.0,18.18,12.5994,61.09,66
LINKUSDT,7.0,1.0,0.25,39.7485,-18.25,34.85,12.3494,60.24,66
LINKUSDT,7.0,1.0,0.5,22.9985,-35.0,34.85,12.0994,55.52,66
LINKUSDT,7.0,1.0,1.0,23.9985,-34.0,34.85,11.6387,52.3,66
LINKUSDT,7.0,1.5,0.0,35.9985,-22.0,18.18,12.5994,61.15,66
LINKUSDT,7.0,1.5,0.25,38.4985,-19.5,33.33,12.3494,60.3,66
LINKUSDT,7.0,1.5,0.5,21.4985,-36.5,33.33,12.0994,55.64,66
LINKUSDT,7.0,1.5,1.0,21.9985,-36.0,33.33,11.6387,53.64,66
LINKUSDT,7.0,2.0,0.0,34.9985,-23.0,18.18,13.5994,61.33,66
LINKUSDT,7.0,2.0,0.25,37.2485,-20.75,31.82,13.5994,60.48,66
LINKUSDT,7.0,2.0,0.5,26.4985,-31.5,31.82,13.5994,59.64,66
LINKUSDT,7.0,2.0,1.0,19.9985,-38.0,31.82,13.6387,54.73,66
LINKUSDT,8.0,0.5,0.0,50.9985,-6.0214,18.18,11.5994,64.18,66
LINKUSDT,8.0,0.5,0.25,54.2485,-2.7714,37.88,11.0994,63.27,66
LINKUSDT,8.0,0.5,0.5,34.9985,-22.0214,37.88,10.5994,51.39,66
LINKUSDT,8.0,0.5,1.0,35.9985,-21.0214,37.88,9.6387,51.15,66
LINKUSDT,8.0,1.0,0.0,48.9985,-8.0214,18.18,12.5994,68.61,66
LINKUSDT,8.0,1.0,0.25,51.7485,-5.2714,34.85,12.3494,67.76,66
LINKUSDT,8.0,1.0,0.5,31.9985,-25.0214,34.85,12.0994,55.52,66
LINKUSDT,8.0,1.0,1.0,31.9985,-25.0214,34.85,11.6387,52.3,66
LINKUSDT,8.0,1.5,0.0,47.9985,-9.0214,18.18,12.5994,68.67,66
LINKUSDT,8.0,1.5,0.25,50.4985,-6.5214,33.33,12.3494,67.82,66
LINKUSDT,8.0,1.5,0.5,30.4985,-26.5214,33.33,12.0994,55.64,66
LINKUSDT,8.0,1.5,1.0,29.9985,-27.0214,33.33,11.6387,53.64,66
LINKUSDT,8.0,2.0,0.0,46.9985,-10.0214,18.18,13.5994,68.85,66
LINKUSDT,8.0,2.0,0.25,49.2485,-7.7714,31.82,13.5994,68.0,66
LINKUSDT,8.0,2.0,0.5,36.4985,-20.5214,31.82,13.5994,67.03,66
LINKUSDT,8.0,2.0,1.0,27.9985,-29.0214,31.82,13.6387,54.73,66
DOGEUSDT,2.0,0.5,0.0,-22.6547,-6.0,18.97,27.262,58.83,58
DOGEUSDT,2.0,0.5,0.25,-21.1547,-4.5,29.31,26.1541,57.93,58
DOGEUSDT,2.0,0.5,0.5,-19.6547,-3.0,29.31,25.1541,57.93,58
DOGEUSDT,2.0,0.5,1.0,-16.6547,0.0,29.31,23.1541,57.93,58
DOGEUSDT,2.0,1.0,0.0,-20.6547,-4.0,20.69,27.1541,62.41,58
DOGEUSDT,2.0,1.0,0.25,-19.4047,-2.75,29.31,26.1541,61.17,58
DOGEUSDT,2.0,1.0,0.5,-18.1547,-1.5,29.31,25.1541,61.03,58
DOGEUSDT,2.0,1.0,1.0,-16.6547,0.0,29.31,23.1541,60.21,58
DOGEUSDT,2.0,1.5,0.0,-18.6547,-2.0,22.41,25.1541,65.24,58
DOGEUSDT,2.0,1.5,0.25,-17.6547,-1.0,29.31,24.4041,64.62,58
DOGEUSDT,2.0,1.5,0.5,-16.6547,-0.0,29.31,23.6541,64.55,58
DOGEUSDT,2.0,1.5,1.0,-15.6547,1.0,29.31,22.1541,63.52,58
DOGEUSDT,2.0,2.0,0.0,-16.6547,0.0,25.86,25.1541,68.14,58
DOGEUSDT,2.0,2.0,0.25,-16.6547,0.0,25.86,25.1541,68.14,58
DOGEUSDT,2.0,2.0,0.5,-16.6547,0.0,25.86,25.1541,68.14,58
DOGEUSDT,2.0,2.0,1.0,-16.6547,0.0,25.86,25.1541,68.14,58
DOGEUSDT,3.0,0.5,0.0,-14.6547,-9.0,17.24,24.162,59.03,58
DOGEUSDT,3.0,0.5,0.25,-12.9047,-7.25,29.31,22.9041,58.14,58
DOGEUSDT,3.0,0.5,0.5,-11.1547,-5.5,29.31,21.6541,58.14,58
DOGEUSDT,3.0,0.5,1.0,-7.6547,-2.0,29.31,19.1541,58.07,58
DOGEUSDT,3.0,1.0,0.0,-11.6547,-6.0,18.97,24.1541,62.97,58
DOGEUSDT,3.0,1.0,0.25,-10.1547,-4.5,29.31,22.9041,61.72,58
DOGEUSDT,3.0,1.0,0.5,-8.6547,-3.0,29.31,21.6541,61.59,58
DOGEUSDT,3.0,1.0,1.0,-7.6547,-2.0,29.31,19.1541,60.34,58
DOGEUSDT,3.0,1.5,0.0,-11.6547,-6.0,18.97,24.1541,65.79,58
DOGEUSDT,3.0,1.5,0.25,-10.1547,-4.5,29.31,22.9041,65.17,58
DOGEUSDT,3.0,1.5,0.5,-8.6547,-3.0,29.31,21.6541,65.1,58
DOGEUSDT,3.0,1.5,1.0,-7.6547,-2.0,29.31,19.1541,63.66,58
DOGEUSDT,3.0,2.0,0.0,-7.6547,-2.0,22.41,23.1541,71.31,58
DOGEUSDT,3.0,2.0,0.25,-7.1547,-1.5,25.86,22.6541,71.31,58
DOGEUSDT,3.0,2.0,0.5,-6.6547,-1.0,25.86,22.1541,71.31,58
DOGEUSDT,3.0,2.0,1.0,-5.6547,-0.0,25.86,21.1541,71.24,58
DOGEUSDT,4.0,0.5,0.0,-12.6547,-6.0,13.79,23.162,60.28,58
DOGEUSDT,4.0,0.5,0.25,-10.4047,-3.75,29.31,21.6541,59.38,58
DOGEUSDT,4.0,0.5,0.5,-8.1547,-1.5,29.31,20.1541,59.38,58
DOGEUSDT,4.0,0.5,1.0,-3.6547,3.0,29.31,17.1541,59.24,58
DOGEUSDT,4.0,1.0,0.0,-8.6547,-2.0,15.52,23.1541,65.59,58
DOGEUSDT,4.0,1.0,0.25,-6.6547,0.0,29.31,21.6541,64.34,58
DOGEUSDT,4.0,1.0,0.5,-4.6547,2.0,29.31,20.1541,64.21,58
DOGEUSDT,4.0,1.0,1.0,-3.6547,3.0,29.31,17.1541,61.52,58
DOGEUSDT,4.0,1.5,0.0,-8.6547,-2.0,15.52,23.1541,68.41,58
DOGEUSDT,4.0,1.5,0.25,-6.6547,0.0,29.31,21.6541,67.79,58
DOGEUSDT,4.0,1.5,0.5,-4.6547,2.0,29.31,20.1541,67.72,58
DOGEUSDT,4.0,1.5,1.0,-3.6547,3.0,29.31,17.1541,64.83,58
DOGEUSDT,4.0,2.0,0.0,-2.6547,4.0,18.97,21.1541,74.48,58
DOGEUSDT,4.0,2.0,0.25,-1.6547,5.0,25.86,20.4041,74.48,58
DOGEUSDT,4.0,2.0,0.5,-0.6547,6.0,25.86,19.6541,74.48,58
DOGEUSDT,4.0,2.0,1.0,1.3453,8.0,25.86,18.1541,74.34,58
DOGEUSDT,5.0,0.5,0.0,-4.6547,-9.0,13.79,19.162,60.76,58
DOGEUSDT,5.0,0.5,0.25,-2.4047,-6.75,29.31,17.6541,59.86,58
DOGEUSDT,5.0,0.5,0.5,-0.1547,-4.5,29.31,16.1541,59.86,58
DOGEUSDT,5.0,0.5,1.0,4.3453,-0.0,29.31,13.1541,59.72,58
DOGEUSDT,5.0,1.0,0.0,0.3453,-4.0,15.52,19.1541,67.17,58
DOGEUSDT,5.0,1.0,0.25,2.3453,-2.0,29.31,17.6541,65.93,58
DOGEUSDT,5.0,1.0,0.5,4.3453,-0.0,29.31,16.1541,65.79,58
DOGEUSDT,5.0,1.0,1.0,4.3453,-0.0,29.31,13.1541,62.0,58
DOGEUSDT,5.0,1.5,0.0,0.3453,-4.0,15.52,19.1541,70.0,58
DOGEUSDT,5.0,1.5,0.25,2.3453,-2.0,29.31,17.6541,69.38,58
DOGEUSDT,5.0,1.5,0.5,4.3453,-0.0,29.31,16.1541,69.31,58
DOGEUSDT,5.0,1.5,1.0,4.3453,-0.0,29.31,13.1541,65.31,58
DOGEUSDT,5.0,2.0,0.0,8.3453,4.0,18.97,16.1541,76.21,58
DOGEUSDT,5.0,2.0,0.25,9.3453,5.0,25.86,15.4041,76.21,58
DOGEUSDT,5.0,2.0,0.5,10.3453,6.0,25.86,14.6541,76.21,58
DOGEUSDT,5.0,2.0,1.0,12.3453,8.0,25.86,13.1541,76.07,58
DOGEUSDT,6.0,0.5,0.0,3.3453,-12.0,13.79,15.162,60.76,58
DOGEUSDT,6.0,0.5,0.25,5.5953,-9.75,29.31,13.6541,59.86,58
DOGEUSDT,6.0,0.5,0.5,7.8453,-7.5,29.31,12.1541,59.86,58
DOGEUSDT,6.0,0.5,1.0,12.3453,-3.0,29.31,9.5348,59.72,58
DOGEUSDT,6.0,1.0,0.0,9.3453,-6.0,15.52,15.1541,67.31,58
DOGEUSDT,6.0,1.0,0.25,11.3453,-4.0,29.31,13.6541,66.07,58
DOGEUSDT,6.0,1.0,0.5,13.3453,-2.0,29.31,12.1541,65.93,58
DOGEUSDT,6.0,1.0,1.0,12.3453,-3.0,29.31,9.5348,62.0,58
DOGEUSDT,6.0,1.5,0.0,9.3453,-6.0,15.52,15.1541,70.14,58
DOGEUSDT,6.0,1.5,0.25,11.3453,-4.0,29.31,13.6541,69.52,58
DOGEUSDT,6.0,1.5,0.5,13.3453,-2.0,29.31,12.1541,69.45,58
DOGEUSDT,6.0,1.5,1.0,12.3453,-3.0,29.31,9.5348,65.31,58
DOGEUSDT,6.0,2.0,0.0,19.3453,4.0,18.97,12.0345,86.76,58
DOGEUSDT,6.0,2.0,0.25,20.3453,5.0,25.86,11.7548,86.76,58
DOGEUSDT,6.0,2.0,0.5,21.3453,6.0,25.86,11.5348,86.76,58
DOGEUSDT,6.0,2.0,1.0,23.3453,8.0,25.86,11.5348,86.62,58
DOGEUSDT,7.0,0.5,0.0,11.3453,-15.0,13.79,11.162,60.83,58
DOGEUSDT,7.0,0.5,0.25,13.5953,-12.75,29.31,10.2848,59.93,58
DOGEUSDT,7.0,0.5,0.5,15.8453,-10.5,29.31,10.0348,59.93,58
DOGEUSDT,7.0,0.5,1.0,20.3453,-6.0,29.31,9.5348,59.79,58
DOGEUSDT,7.0,1.0,0.0,18.3453,-8.0,15.52,11.1541,67.52,58
DOGEUSDT,7.0,1.0,0.25,20.3453,-6.0,29.31,10.2848,66.28,58
DOGEUSDT,7.0,1.0,0.5,22.3453,-4.0,29.31,10.0348,66.14,58
DOGEUSDT,7.0,1.0,1.0,20.3453,-6.0,29.31,9.5348,62.07,58
DOGEUSDT,7.0,1.5,0.0,18.3453,-8.0,15.52,11.1541,70.34,58
DOGEUSDT,7.0,1.5,0.25,20.3453,-6.0,29.31,10.2848,69.72,58
DOGEUSDT,7.0,1.5,0.5,22.3453,-4.0,29.31,10.0348,69.66,58
DOGEUSDT,7.0,1.5,1.0,20.3453,-6.0,29.31,9.5348,65.38,58
DOGEUSDT,7.0,2.0,0.0,30.3453,4.0,18.97,11.5348,91.38,58
DOGEUSDT,7.0,2.0,0.25,31.3453,5.0,25.86,11.5348,91.38,58
DOGEUSDT,7.0,2.0,0.5,32.3453,6.0,25.86,11.5348,91.38,58
DOGEUSDT,7.0,2.0,1.0,34.3453,8.0,25.86,11.5348,91.24,58
DOGEUSDT,8.0,0.5,0.0,19.3453,-18.0,13.79,10.5428,61.1,58
DOGEUSDT,8.0,0.5,0.25,21.5953,-15.75,29.31,10.2848,60.21,58
DOGEUSDT,8.0,0.5,0.5,23.8453,-13.5,29.31,10.0348,60.21,58
DOGEUSDT,8.0,0.5,1.0,28.3453,-9.0,29.31,9.5348,60.07,58
DOGEUSDT,8.0,1.0,0.0,27.3453,-10.0,15.52,10.5348,68.97,58
DOGEUSDT,8.0,1.0,0.25,29.3453,-8.0,29.31,10.2848,67.72,58
DOGEUSDT,8.0,1.0,0.5,31.3453,-6.0,29.31,10.0348,67.59,58
DOGEUSDT,8.0,1.0,1.0,28.3453,-9.0,29.31,9.5348,62.34,58
DOGEUSDT,8.0,1.5,0.0,27.3453,-10.0,15.52,10.5348,71.79,58
DOGEUSDT,8.0,1.5,0.25,29.3453,-8.0,29.31,10.2848,71.17,58
DOGEUSDT,8.0,1.5,0.5,31.3453,-6.0,29.31,10.0348,71.1,58
DOGEUSDT,8.0,1.5,1.0,28.3453,-9.0,29.31,9.5348,65.66,58
DOGEUSDT,8.0,2.0,0.0,41.3453,4.0,18.97,11.5348,183.31,58
DOGEUSDT,8.0,2.0,0.25,42.3453,5.0,25.86,11.5348,183.31,58
DOGEUSDT,8.0,2.0,0.5,43.3453,6.0,25.86,11.5348,183.31,58
DOGEUSDT,8.0,2.0,1.0,45.3453,8.0,25.86,11.5348,183.17,58
