symbol,entry_ts_utc,exit_ts_utc,entry_price,stop_price,tp_price,risk,gap_bps,reason,r,bars_5m,structure_regime,regime_bias
XRPUSDT,2022-03-09T16:00:00+00:00,2022-03-09T16:05:00+00:00,0.7619,0.7584,0.7689000000000001,0.0035000000000000586,18.37511484446867,TP,1.9346942857142868,1,IMBALANCE,bullish
XRPUSDT,2022-03-12T01:00:00+00:00,2022-03-12T04:10:00+00:00,0.839,0.8088,0.8994,0.030200000000000005,102.5029797377837,SL,-1.0083344370860927,38,IMBALANCE,bullish
XRPUSDT,2022-03-17T13:00:00+00:00,2022-03-17T17:10:00+00:00,0.7966,0.7889,0.8119999999999998,0.007699999999999929,37.660055234747716,SL,-1.031036363636364,50,IMBALANCE,bullish
XRPUSDT,2022-03-28T14:00:00+00:00,2022-03-28T16:15:00+00:00,0.8854,0.8741,0.9079999999999999,0.011299999999999977,44.04788796024412,SL,-1.0235061946902655,27,IMBALANCE,bullish
XRPUSDT,2022-03-28T19:00:00+00:00,2022-03-28T21:35:00+00:00,0.8982,0.8856,0.9233999999999999,0.012599999999999945,77.93364506791244,SL,-1.0213857142857143,31,IMBALANCE,bullish
XRPUSDT,2022-04-15T21:00:00+00:00,2022-04-15T23:20:00+00:00,0.7791,0.7749,0.7875,0.0041999999999999815,21.820048774225697,SL,-1.0556500000000002,28,IMBALANCE,bullish
XRPUSDT,2022-05-30T21:00:00+00:00,2022-06-01T17:00:00+00:00,0.4165,0.4035,0.4424999999999999,0.012999999999999956,76.83073229291671,SL,-1.0096115384615385,528,IMBALANCE,bullish
XRPUSDT,2022-06-06T10:00:00+00:00,2022-06-06T11:10:00+00:00,0.4068,0.4056,0.40919999999999995,0.0011999999999999789,14.749262536872896,SL,-1.101700000000002,14,IMBALANCE,bullish
XRPUSDT,2022-06-24T02:00:00+00:00,2022-06-26T02:00:00+00:00,0.3644,0.344,0.40520000000000006,0.02040000000000003,411.6355653128434,TIME,0.038758823529412297,576,IMBALANCE,bullish
XRPUSDT,2022-07-07T15:00:00+00:00,2022-07-07T18:25:00+00:00,0.3338,0.3312,0.33899999999999997,0.002599999999999991,38.945476333134316,TP,1.9614846153846153,41,IMBALANCE,bullish
XRPUSDT,2022-07-07T19:00:00+00:00,2022-07-08T00:40:00+00:00,0.3412,0.3374,0.34880000000000005,0.0038000000000000256,41.03165298944937,TP,1.973063157894737,68,IMBALANCE,bullish
XRPUSDT,2022-07-08T01:00:00+00:00,2022-07-08T10:10:00+00:00,0.354,0.3434,0.3752,0.010599999999999998,206.21468926553754,SL,-1.0100188679245283,110,IMBALANCE,bullish
XRPUSDT,2022-07-15T02:00:00+00:00,2022-07-15T11:40:00+00:00,0.3436,0.3349,0.3610000000000001,0.008700000000000041,128.05587892898762,SL,-1.0118482758620688,116,IMBALANCE,bullish
XRPUSDT,2022-07-16T17:00:00+00:00,2022-07-17T17:55:00+00:00,0.3512,0.3441,0.3654,0.007099999999999995,193.6218678815482,SL,-1.0148394366197184,299,IMBALANCE,bullish
XRPUSDT,2022-07-28T16:00:00+00:00,2022-07-30T13:50:00+00:00,0.3673,0.3551,0.3917,0.012199999999999989,231.41845902531858,TP,1.9909680327868853,550,IMBALANCE,bullish
XRPUSDT,2022-07-30T14:00:00+00:00,2022-08-01T10:45:00+00:00,0.397,0.3743,0.4424,0.022699999999999998,503.7783375314852,SL,-1.0052466960352422,537,IMBALANCE,bullish
XRPUSDT,2022-09-09T05:00:00+00:00,2022-09-09T16:00:00+00:00,0.3496,0.3454,0.3580000000000001,0.004200000000000037,54.347826086956886,SL,-1.0249714285714284,132,IMBALANCE,bullish
XRPUSDT,2022-09-09T20:00:00+00:00,2022-09-10T06:30:00+00:00,0.3516,0.3475,0.3598000000000001,0.004100000000000048,85.32423208191133,TP,1.9742731707317076,126,IMBALANCE,bullish
XRPUSDT,2022-09-17T11:00:00+00:00,2022-09-17T13:00:00+00:00,0.3526,0.3499,0.3580000000000001,0.0027000000000000357,45.37719795802582,TP,1.9608222222222227,24,IMBALANCE,bullish
XRPUSDT,2022-09-17T14:00:00+00:00,2022-09-19T02:15:00+00:00,0.3726,0.3546,0.4085999999999999,0.01799999999999996,394.52495974235086,SL,-1.00621,435,IMBALANCE,bullish
XRPUSDT,2022-09-20T16:00:00+00:00,2022-09-21T06:25:00+00:00,0.4103,0.399,0.43289999999999995,0.011299999999999977,270.5337557884474,SL,-1.0108929203539823,173,IMBALANCE,bullish
XRPUSDT,2022-09-22T18:00:00+00:00,2022-09-23T03:00:00+00:00,0.4614,0.4375,0.5091999999999999,0.023899999999999977,169.05071521456378,TP,1.9942083682008347,108,IMBALANCE,bullish
XRPUSDT,2022-09-23T04:00:00+00:00,2022-09-23T08:35:00+00:00,0.5355,0.5,0.6064999999999999,0.035499999999999976,521.0084033613452,SL,-1.004525352112676,55,IMBALANCE,bullish
XRPUSDT,2022-10-05T06:00:00+00:00,2022-10-05T08:15:00+00:00,0.4847,0.4769,0.5003000000000001,0.007800000000000029,138.2298328863211,SL,-1.0186423076923077,27,IMBALANCE,bullish
XRPUSDT,2022-10-07T23:00:00+00:00,2022-10-08T03:10:00+00:00,0.5173,0.514,0.5238999999999999,0.0032999999999999696,7.732456988207152,TP,1.9529727272727269,50,IMBALANCE,bullish
XRPUSDT,2022-10-08T04:00:00+00:00,2022-10-08T04:05:00+00:00,0.5229,0.5207,0.5273,0.0021999999999999797,21.03652706062325,TP,1.928695454545454,1,IMBALANCE,bullish
XRPUSDT,2022-10-08T17:00:00+00:00,2022-10-08T18:40:00+00:00,0.5225,0.5207,0.5260999999999998,0.0017999999999999128,26.79425837320492,SL,-1.0870833333333376,20,IMBALANCE,bullish
XRPUSDT,2022-10-09T19:00:00+00:00,2022-10-10T00:00:00+00:00,0.5395,0.5307,0.5571,0.00880000000000003,88.97126969416175,SL,-1.0183920454545454,60,IMBALANCE,bullish
XRPUSDT,2022-11-15T14:00:00+00:00,2022-11-15T15:10:00+00:00,0.3879,0.3834,0.39690000000000003,0.004500000000000004,38.6697602474865,SL,-1.02586,14,IMBALANCE,bullish
XRPUSDT,2022-11-24T15:00:00+00:00,2022-11-24T17:20:00+00:00,0.3889,0.3827,0.4013000000000001,0.006200000000000039,84.85471843661674,TP,1.9811822580645162,28,IMBALANCE,bullish
XRPUSDT,2022-11-24T18:00:00+00:00,2022-11-24T19:40:00+00:00,0.3971,0.395,0.4013,0.0020999999999999908,7.554772097707554,TP,1.9432714285714283,20,IMBALANCE,bullish
XRPUSDT,2022-11-25T07:00:00+00:00,2022-11-25T16:30:00+00:00,0.4152,0.3998,0.44600000000000006,0.015400000000000025,303.46820809248555,SL,-1.0080883116883117,114,IMBALANCE,bullish
XRPUSDT,2022-12-26T17:00:00+00:00,2022-12-28T05:40:00+00:00,0.3644,0.3562,0.38079999999999997,0.008199999999999985,32.930845225026864,SL,-1.0133317073170731,440,IMBALANCE,bullish
XRPUSDT,2023-01-14T01:00:00+00:00,2023-01-14T09:20:00+00:00,0.4035,0.3862,0.4381000000000001,0.017300000000000038,161.09045848822814,SL,-1.0069971098265895,100,IMBALANCE,bullish
XRPUSDT,2023-01-20T22:00:00+00:00,2023-01-20T23:40:00+00:00,0.4095,0.4076,0.4132999999999999,0.0018999999999999573,19.536019536018742,TP,1.9353421052631565,20,IMBALANCE,bullish
XRPUSDT,2023-02-15T11:00:00+00:00,2023-02-15T19:25:00+00:00,0.3857,0.3825,0.39209999999999995,0.0031999999999999806,18.14882032667821,TP,1.9638406249999998,101,IMBALANCE,bullish
XRPUSDT,2023-02-15T20:00:00+00:00,2023-02-16T22:20:00+00:00,0.401,0.3886,0.42580000000000007,0.012400000000000022,114.7132169576058,SL,-1.0097016129032257,316,IMBALANCE,bullish
XRPUSDT,2023-03-08T13:00:00+00:00,2023-03-08T14:45:00+00:00,0.3953,0.3897,0.4065,0.005599999999999994,32.886415380724095,SL,-1.0211767857142857,21,IMBALANCE,bullish
XRPUSDT,2023-03-21T17:00:00+00:00,2023-03-22T16:10:00+00:00,0.454,0.4319,0.49820000000000003,0.02210000000000001,196.0352422907493,SL,-1.0061628959276019,278,IMBALANCE,bullish
XRPUSDT,2023-03-27T12:00:00+00:00,2023-03-27T14:50:00+00:00,0.481,0.4688,0.5054,0.012199999999999989,170.4781704781702,SL,-1.0118278688524591,34,IMBALANCE,bullish
XRPUSDT,2023-03-28T12:00:00+00:00,2023-03-28T18:45:00+00:00,0.4977,0.4884,0.5163,0.009299999999999975,122.5637934498693,TP,1.9839451612903283,81,IMBALANCE,bullish
XRPUSDT,2023-03-28T19:00:00+00:00,2023-03-29T04:15:00+00:00,0.5199,0.5092,0.5413000000000001,0.010700000000000043,144.25851125216508,TP,1.9854233644859813,111,IMBALANCE,bullish
XRPUSDT,2023-03-29T08:00:00+00:00,2023-03-29T12:05:00+00:00,0.5708,0.5486,0.6152,0.022199999999999998,96.35599159075089,SL,-1.0077135135135136,49,IMBALANCE,bullish
XRPUSDT,2023-03-29T18:00:00+00:00,2023-03-29T20:20:00+00:00,0.5519,0.5443,0.5670999999999998,0.00759999999999994,39.86229389382098,SL,-1.0217855263157896,28,IMBALANCE,bullish
XRPUSDT,2023-04-11T06:00:00+00:00,2023-04-11T16:15:00+00:00,0.5246,0.5164,0.5409999999999999,0.008199999999999985,108.65421273351198,SL,-1.0191926829268294,123,IMBALANCE,bullish
XRPUSDT,2023-04-14T06:00:00+00:00,2023-04-14T12:55:00+00:00,0.5347,0.5241,0.5558999999999998,0.010599999999999943,157.09743781559686,SL,-1.0151330188679246,83,IMBALANCE,bullish
XRPUSDT,2023-04-19T05:00:00+00:00,2023-04-19T06:15:00+00:00,0.5321,0.5278,0.5407,0.0042999999999999705,20.67280586355929,SL,-1.0371232558139538,15,IMBALANCE,bullish
XRPUSDT,2023-04-26T13:00:00+00:00,2023-04-26T14:20:00+00:00,0.4789,0.4746,0.48749999999999993,0.0042999999999999705,37.58613489246123,SL,-1.033411627906977,16,IMBALANCE,bullish
XRPUSDT,2023-05-17T02:00:00+00:00,2023-05-17T06:45:00+00:00,0.4549,0.4489,0.46690000000000004,0.006000000000000005,103.31941085952917,SL,-1.022745,57,IMBALANCE,bullish
XRPUSDT,2023-05-18T11:00:00+00:00,2023-05-20T11:00:00+00:00,0.4651,0.4469,0.5015000000000001,0.018199999999999994,376.2631692109215,TIME,0.05277307692307639,576,IMBALANCE,bullish
XRPUSDT,2023-05-28T18:00:00+00:00,2023-05-28T22:00:00+00:00,0.4768,0.4729,0.48460000000000003,0.0039000000000000146,46.140939597316176,TP,1.9633230769230772,48,IMBALANCE,bullish
XRPUSDT,2023-05-30T04:00:00+00:00,2023-05-30T16:10:00+00:00,0.5032,0.4926,0.5244,0.010599999999999998,59.618441971383206,TP,1.9857584905660377,146,IMBALANCE,bullish
XRPUSDT,2023-05-30T17:00:00+00:00,2023-05-30T21:25:00+00:00,0.524,0.5093,0.5534000000000001,0.014700000000000046,164.12213740458114,SL,-1.0106938775510204,53,IMBALANCE,bullish
XRPUSDT,2023-06-02T19:00:00+00:00,2023-06-03T13:20:00+00:00,0.5264,0.5187,0.5417999999999998,0.007699999999999929,64.58966565349466,SL,-1.020509090909091,220,IMBALANCE,bullish
XRPUSDT,2023-06-04T15:00:00+00:00,2023-06-05T15:15:00+00:00,0.5357,0.5265,0.5540999999999999,0.009199999999999986,18.66716445771889,SL,-1.0174684782608696,291,IMBALANCE,bullish
XRPUSDT,2023-06-13T11:00:00+00:00,2023-06-13T12:40:00+00:00,0.5614,0.5302,0.6238,0.031200000000000006,64.12540078375575,SL,-1.0053980769230768,20,IMBALANCE,bullish
XRPUSDT,2023-06-22T03:00:00+00:00,2023-06-22T06:10:00+00:00,0.5163,0.5079,0.5330999999999999,0.008399999999999963,143.32752275808565,SL,-1.0184392857142859,38,IMBALANCE,bullish
XRPUSDT,2023-07-13T18:00:00+00:00,2023-07-15T18:00:00+00:00,0.7884,0.6217,1.1218,0.16669999999999996,1433.2825976661593,TIME,-0.4669257348530295,576,IMBALANCE,bullish
XRPUSDT,2023-07-16T15:00:00+00:00,2023-07-16T19:40:00+00:00,0.771,0.7501,0.8128000000000001,0.02090000000000003,177.69130998703042,SL,-1.011066985645933,56,IMBALANCE,bullish
XRPUSDT,2023-07-19T03:00:00+00:00,2023-07-19T03:10:00+00:00,0.7977,0.7875,0.8180999999999999,0.010199999999999987,82.73787138021875,TP,1.9765382352941177,2,IMBALANCE,bullish
XRPUSDT,2023-07-19T18:00:00+00:00,2023-07-20T09:00:00+00:00,0.8317,0.8046,0.8859,0.027100000000000013,107.00973908861391,SL,-1.0092070110701108,180,IMBALANCE,bullish
XRPUSDT,2023-09-15T03:00:00+00:00,2023-09-15T04:45:00+00:00,0.4977,0.4927,0.5076999999999998,0.004999999999999949,46.21257785814685,TP,1.9701379999999886,21,IMBALANCE,bullish
XRPUSDT,2023-09-15T05:00:00+00:00,2023-09-15T06:10:00+00:00,0.5007,0.4979,0.5063000000000001,0.0028000000000000247,41.94128220491294,SL,-1.0536464285714282,14,IMBALANCE,bullish
XRPUSDT,2023-10-23T23:00:00+00:00,2023-10-24T05:55:00+00:00,0.5476,0.5396,0.5636,0.008000000000000007,20.087655222790175,SL,-1.020535,83,IMBALANCE,bullish
XRPUSDT,2023-10-24T09:00:00+00:00,2023-10-24T12:15:00+00:00,0.5484,0.5432,0.5588,0.005199999999999982,27.352297592996823,TP,1.9683615384615383,39,IMBALANCE,bullish
XRPUSDT,2023-10-24T13:00:00+00:00,2023-10-24T15:30:00+00:00,0.5772,0.5538,0.6240000000000002,0.023400000000000087,207.90020790020807,SL,-1.0074,30,IMBALANCE,bullish
XRPUSDT,2023-10-30T14:00:00+00:00,2023-10-31T07:50:00+00:00,0.5821,0.5678,0.6106999999999999,0.01429999999999998,99.63923724446019,SL,-1.0122118881118882,214,IMBALANCE,bullish
XRPUSDT,2023-10-31T11:00:00+00:00,2023-11-02T11:00:00+00:00,0.6044,0.5762,0.6608,0.028200000000000003,302.7796161482459,TIME,0.4510170212765926,576,IMBALANCE,bullish
XRPUSDT,2023-11-05T10:00:00+00:00,2023-11-06T00:15:00+00:00,0.6394,0.6247,0.6687999999999998,0.014699999999999935,40.66312167657078,TP,1.9869510204081633,171,IMBALANCE,bullish
XRPUSDT,2023-11-06T01:00:00+00:00,2023-11-06T12:20:00+00:00,0.6798,0.6635,0.7123999999999999,0.01629999999999998,189.7616946160639,TP,1.9874883435582822,136,IMBALANCE,bullish
XRPUSDT,2023-11-06T22:00:00+00:00,2023-11-06T23:05:00+00:00,0.722,0.7171,0.7318,0.0049000000000000155,29.08587257617716,SL,-1.044204081632653,13,IMBALANCE,bullish
XRPUSDT,2023-12-03T11:00:00+00:00,2023-12-03T12:50:00+00:00,0.6287,0.6214,0.6433000000000002,0.007300000000000084,84.3009384444104,SL,-1.0258369863013697,22,IMBALANCE,bullish
XRPUSDT,2023-12-08T16:00:00+00:00,2023-12-09T05:20:00+00:00,0.6686,0.6554,0.695,0.01319999999999999,67.30481603350374,TP,1.9848045454545455,160,IMBALANCE,bullish
XRPUSDT,2024-01-02T10:00:00+00:00,2024-01-02T11:30:00+00:00,0.6374,0.6344,0.6434,0.0030000000000000027,7.844367743960715,SL,-1.06374,18,IMBALANCE,bullish
XRPUSDT,2024-01-11T11:00:00+00:00,2024-01-11T15:40:00+00:00,0.612,0.602,0.632,0.010000000000000009,40.84967320261532,SL,-1.01836,56,IMBALANCE,bullish
XRPUSDT,2024-02-09T09:00:00+00:00,2024-02-09T14:20:00+00:00,0.5226,0.5185,0.5307999999999999,0.0040999999999999925,13.394565633372254,SL,-1.038239024390244,64,IMBALANCE,bullish
XRPUSDT,2024-02-11T10:00:00+00:00,2024-02-11T13:20:00+00:00,0.5333,0.529,0.5418999999999999,0.0042999999999999705,24.376523532720192,SL,-1.0372069767441863,40,IMBALANCE,bullish
XRPUSDT,2024-02-15T04:00:00+00:00,2024-02-15T05:45:00+00:00,0.5539,0.5468,0.5680999999999999,0.007099999999999995,84.85286152735219,SL,-1.0234042253521127,21,IMBALANCE,bullish
XRPUSDT,2024-02-15T10:00:00+00:00,2024-02-15T11:35:00+00:00,0.5534,0.5503,0.5596,0.0030999999999999917,23.491145645102417,SL,-1.0535548387096776,19,IMBALANCE,bullish
XRPUSDT,2024-02-15T21:00:00+00:00,2024-02-16T15:10:00+00:00,0.564,0.5553,0.5813999999999998,0.00869999999999993,63.82978723404144,SL,-1.019448275862069,218,IMBALANCE,bullish
XRPUSDT,2024-02-27T10:00:00+00:00,2024-02-27T13:00:00+00:00,0.5603,0.5562,0.5685,0.0040999999999999925,58.89701945386346,SL,-1.04099756097561,36,IMBALANCE,bullish
XRPUSDT,2024-02-27T18:00:00+00:00,2024-02-28T16:45:00+00:00,0.5796,0.5685,0.6018,0.011099999999999999,62.111801242236844,TP,1.984335135135135,273,IMBALANCE,bullish
XRPUSDT,2024-03-02T03:00:00+00:00,2024-03-02T05:15:00+00:00,0.6319,0.6254,0.6449000000000001,0.006500000000000061,74.3788574141484,SL,-1.029164615384615,27,IMBALANCE,bullish
XRPUSDT,2024-04-20T18:00:00+00:00,2024-04-20T18:05:00+00:00,0.5251,0.5232,0.5289,0.0019000000000000128,19.043991620643702,TP,1.917089473684211,1,IMBALANCE,bullish
XRPUSDT,2024-04-22T21:00:00+00:00,2024-04-22T23:45:00+00:00,0.5585,0.5547,0.5661,0.0038000000000000256,41.181736794988,SL,-1.0440921052631575,33,IMBALANCE,bullish
XRPUSDT,2024-06-16T10:00:00+00:00,2024-06-16T13:35:00+00:00,0.498,0.4899,0.5142,0.008099999999999996,26.1044176706832,SL,-1.0184444444444445,43,IMBALANCE,bullish
XRPUSDT,2024-07-11T12:00:00+00:00,2024-07-11T14:20:00+00:00,0.4511,0.4469,0.45949999999999996,0.0041999999999999815,6.650410108622633,SL,-1.0322214285714286,28,IMBALANCE,bullish
XRPUSDT,2024-07-12T08:00:00+00:00,2024-07-12T15:15:00+00:00,0.4663,0.4594,0.4801,0.006900000000000017,6.43362642075965,SL,-1.0202739130434781,87,IMBALANCE,bullish
XRPUSDT,2024-07-12T17:00:00+00:00,2024-07-12T20:50:00+00:00,0.4667,0.4647,0.4707,0.0020000000000000018,17.141632740519025,TP,1.9299950000000001,46,IMBALANCE,bullish
XRPUSDT,2024-07-12T23:00:00+00:00,2024-07-13T02:05:00+00:00,0.4742,0.4712,0.4802,0.0030000000000000027,29.52340784479149,TP,1.95258,37,IMBALANCE,bullish
XRPUSDT,2024-07-13T03:00:00+00:00,2024-07-13T08:20:00+00:00,0.492,0.4797,0.5166,0.012299999999999978,69.10569105690973,TP,1.988,64,IMBALANCE,bullish
XRPUSDT,2024-07-13T14:00:00+00:00,2024-07-13T15:35:00+00:00,0.5213,0.5138,0.5362999999999999,0.007499999999999951,47.95703050067038,TP,1.979148,19,IMBALANCE,bullish
XRPUSDT,2024-07-13T16:00:00+00:00,2024-07-13T19:40:00+00:00,0.5324,0.5226,0.552,0.009800000000000031,144.62809917355446,TP,1.9837020408163266,44,IMBALANCE,bullish
XRPUSDT,2024-07-16T01:00:00+00:00,2024-07-16T06:50:00+00:00,0.5533,0.538,0.5839,0.01529999999999998,104.82559190312517,SL,-1.0108490196078432,70,IMBALANCE,bullish
XRPUSDT,2024-07-16T14:00:00+00:00,2024-07-17T22:45:00+00:00,0.5785,0.5492,0.6371,0.029299999999999993,112.3595505617969,TP,1.9940767918088738,393,IMBALANCE,bullish
XRPUSDT,2024-07-31T01:00:00+00:00,2024-07-31T16:45:00+00:00,0.6492,0.6303,0.687,0.018900000000000028,20.024645717807747,SL,-1.0103047619047618,189,IMBALANCE,bullish
XRPUSDT,2024-08-19T18:00:00+00:00,2024-08-20T15:05:00+00:00,0.6041,0.5875,0.6372999999999999,0.016599999999999948,139.04982618771666,SL,-1.010917469879518,253,IMBALANCE,bullish
XRPUSDT,2024-08-24T14:00:00+00:00,2024-08-24T21:05:00+00:00,0.6246,0.6155,0.6428,0.009099999999999997,112.07172590457901,SL,-1.0205912087912088,85,IMBALANCE,bullish
XRPUSDT,2024-09-12T18:00:00+00:00,2024-09-13T00:25:00+00:00,0.5613,0.5587,0.5665000000000001,0.0026000000000000467,5.344735435597327,SL,-1.0647653846153835,77,IMBALANCE,bullish
XRPUSDT,2024-09-13T04:00:00+00:00,2024-09-14T11:45:00+00:00,0.5692,0.5581,0.5914,0.011099999999999999,38.65073787772276,TP,1.9846162162162162,381,IMBALANCE,bullish
XRPUSDT,2024-09-22T01:00:00+00:00,2024-09-22T02:10:00+00:00,0.6015,0.599,0.6065000000000002,0.0025000000000000577,8.312551953450638,SL,-1.0721799999999984,14,IMBALANCE,bullish
XRPUSDT,2024-09-28T14:00:00+00:00,2024-09-28T14:05:00+00:00,0.6191,0.6177,0.6218999999999999,0.0013999999999999568,14.537231465030075,TP,1.8673357142857103,1,IMBALANCE,bullish
XRPUSDT,2024-09-29T15:00:00+00:00,2024-09-30T10:00:00+00:00,0.6596,0.633,0.7127999999999999,0.026599999999999957,98.54457246816177,SL,-1.007439097744361,228,IMBALANCE,bullish
XRPUSDT,2024-10-15T02:00:00+00:00,2024-10-15T03:25:00+00:00,0.5514,0.5498,0.5546000000000001,0.0016000000000000458,21.76278563656311,SL,-1.103387499999997,17,IMBALANCE,bullish
XRPUSDT,2024-10-29T17:00:00+00:00,2024-10-29T19:30:00+00:00,0.5289,0.5259,0.5349,0.0030000000000000027,24.579315560596857,SL,-1.0528899999999999,30,IMBALANCE,bullish
XRPUSDT,2024-11-06T21:00:00+00:00,2024-11-07T03:05:00+00:00,0.544,0.5363,0.5594000000000001,0.00770000000000004,77.20588235294083,TP,1.978805194805195,73,IMBALANCE,bullish
XRPUSDT,2024-11-07T04:00:00+00:00,2024-11-07T06:35:00+00:00,0.5572,0.5528,0.5660000000000002,0.0044000000000000705,52.04594400574324,SL,-1.0379909090909085,31,IMBALANCE,bullish
XRPUSDT,2024-11-10T13:00:00+00:00,2024-11-10T20:40:00+00:00,0.6115,0.5876,0.6593000000000001,0.023900000000000032,284.54619787407967,SL,-1.0076757322175731,92,IMBALANCE,bullish
XRPUSDT,2024-11-12T08:00:00+00:00,2024-11-12T10:50:00+00:00,0.6863,0.6093,0.8403000000000002,0.07700000000000007,91.79659041235732,SL,-1.0026738961038961,34,IMBALANCE,bullish
XRPUSDT,2024-11-12T15:00:00+00:00,2024-11-12T20:15:00+00:00,0.6792,0.6562,0.7252000000000001,0.02300000000000002,44.16961130742053,TP,1.9911408695652173,63,IMBALANCE,bullish
XRPUSDT,2024-11-12T21:00:00+00:00,2024-11-13T01:20:00+00:00,0.7236,0.6982,0.7744,0.025399999999999978,91.21061359867245,SL,-1.0085464566929134,52,IMBALANCE,bullish
XRPUSDT,2024-11-14T18:00:00+00:00,2024-11-15T12:35:00+00:00,0.7742,0.7327,0.8572,0.04149999999999998,335.83053474554407,TP,1.994403373493976,223,IMBALANCE,bullish
XRPUSDT,2024-11-15T13:00:00+00:00,2024-11-16T05:00:00+00:00,0.8777,0.8351,0.9629000000000002,0.04260000000000008,208.49948729634377,TP,1.9938190140845071,192,IMBALANCE,bullish
XRPUSDT,2024-11-16T09:00:00+00:00,2024-11-16T14:55:00+00:00,1.0522,0.9795,1.1976,0.07269999999999999,14.255844896407012,TP,1.9956580467675378,71,IMBALANCE,bullish
XRPUSDT,2024-11-22T00:00:00+00:00,2024-11-22T04:10:00+00:00,1.2831,1.2092,1.4308999999999996,0.07389999999999985,297.716467929234,TP,1.9947912043301759,50,IMBALANCE,bullish
XRPUSDT,2024-11-22T12:00:00+00:00,2024-11-22T13:25:00+00:00,1.4791,1.4142,1.6089000000000004,0.06490000000000018,246.77168548441753,SL,-1.0068371340523883,17,IMBALANCE,bullish
XRPUSDT,2024-11-23T01:00:00+00:00,2024-11-23T16:20:00+00:00,1.5919,1.4758,1.8241000000000003,0.11610000000000009,489.3523462529058,SL,-1.0041134366925064,184,IMBALANCE,bullish
XRPUSDT,2024-11-29T07:00:00+00:00,2024-11-29T07:15:00+00:00,1.5908,1.5712,1.6300000000000001,0.019600000000000062,93.66356550163526,TP,1.9756510204081634,3,IMBALANCE,bullish
XRPUSDT,2024-11-29T15:00:00+00:00,2024-11-29T15:05:00+00:00,1.7116,1.705,1.7247999999999999,0.006599999999999939,29.21243281140391,TP,1.9221999999999992,1,IMBALANCE,bullish
XRPUSDT,2024-11-30T06:00:00+00:00,2024-11-30T10:15:00+00:00,1.8995,1.8588,1.9808999999999999,0.04069999999999996,66.3332455909447,SL,-1.0140012285012285,51,IMBALANCE,bullish
XRPUSDT,2024-12-01T19:00:00+00:00,2024-12-02T14:35:00+00:00,2.126,1.9341,2.5098,0.19189999999999996,179.68015051740363,TP,1.996676393955185,235,IMBALANCE,bullish
XRPUSDT,2024-12-02T15:00:00+00:00,2024-12-03T13:50:00+00:00,2.7005,2.4596,3.1822999999999997,0.2408999999999999,538.4188113312349,SL,-1.0033630136986302,274,IMBALANCE,bullish
XRPUSDT,2024-12-08T00:00:00+00:00,2024-12-08T04:15:00+00:00,2.5826,2.5587,2.6303999999999994,0.02389999999999981,68.53558429489681,SL,-1.0324175732217575,51,IMBALANCE,bullish
XRPUSDT,2024-12-17T09:00:00+00:00,2024-12-17T10:20:00+00:00,2.5881,2.5531,2.6580999999999992,0.0349999999999997,34.388161199334206,TP,1.9778162857142856,16,IMBALANCE,bullish
XRPUSDT,2024-12-17T11:00:00+00:00,2024-12-17T15:15:00+00:00,2.6887,2.5918,2.8824999999999994,0.09689999999999976,137.2410458585923,SL,-1.008324148606811,51,IMBALANCE,bullish
XRPUSDT,2025-01-01T19:00:00+00:00,2025-01-02T00:20:00+00:00,2.3171,2.2654,2.4204999999999997,0.05169999999999986,99.69358249536015,TP,1.9865545454545455,64,IMBALANCE,bullish
XRPUSDT,2025-01-02T01:00:00+00:00,2025-01-02T06:25:00+00:00,2.4007,2.3519,2.4983,0.048799999999999955,80.39321864456147,SL,-1.0147584016393443,65,IMBALANCE,bullish
XRPUSDT,2025-01-11T17:00:00+00:00,2025-01-13T08:20:00+00:00,2.4814,2.416,2.6121999999999996,0.0653999999999999,119.69049729991158,SL,-1.0113825688073395,472,IMBALANCE,bullish
XRPUSDT,2025-01-14T17:00:00+00:00,2025-01-15T01:35:00+00:00,2.6557,2.5905,2.7861,0.06519999999999992,25.228753247731028,TP,1.9877805214723927,103,IMBALANCE,bullish
XRPUSDT,2025-01-15T02:00:00+00:00,2025-01-15T23:10:00+00:00,2.8475,2.6831,3.1763000000000003,0.1644000000000001,340.64969271290596,TP,1.9948038321167882,254,IMBALANCE,bullish
XRPUSDT,2025-01-16T07:00:00+00:00,2025-01-16T07:05:00+00:00,3.0897,3.0756,3.1179,0.014100000000000001,39.809690261189616,TP,1.9342617021276596,1,IMBALANCE,bullish
XRPUSDT,2025-01-16T12:00:00+00:00,2025-01-18T05:50:00+00:00,3.3383,3.1105,3.7938999999999994,0.22779999999999978,148.27906419435072,SL,-1.004396356453029,502,IMBALANCE,bullish
XRPUSDT,2025-02-14T08:00:00+00:00,2025-02-16T08:00:00+00:00,2.6938,2.5629,2.9556,0.13090000000000002,87.97980547924803,TIME,0.527057754010694,576,IMBALANCE,bullish
XRPUSDT,2025-03-02T16:00:00+00:00,2025-03-04T01:40:00+00:00,2.8466,2.2579,4.024000000000001,0.5887000000000002,1178.5990304222587,SL,-1.001450620010192,404,IMBALANCE,bullish
XRPUSDT,2025-03-19T23:00:00+00:00,2025-03-20T00:20:00+00:00,2.5457,2.5194,2.5983,0.02629999999999999,38.88910712181333,SL,-1.0290384030418251,16,IMBALANCE,bullish
XRPUSDT,2025-04-12T14:00:00+00:00,2025-04-14T14:00:00+00:00,2.1526,2.0725,2.3128000000000006,0.08010000000000028,329.3691349995373,TIME,-0.18159525593008705,576,IMBALANCE,bullish
XRPUSDT,2025-04-22T22:00:00+00:00,2025-04-24T07:20:00+00:00,2.2082,2.1591,2.3064000000000004,0.049100000000000144,159.40585091930132,SL,-1.0134920570264765,400,IMBALANCE,bullish
XRPUSDT,2025-04-28T08:00:00+00:00,2025-04-28T13:30:00+00:00,2.3256,2.2934,2.39,0.032200000000000006,129.42896456828353,SL,-1.0216670807453416,66,IMBALANCE,bullish
XRPUSDT,2025-05-08T20:00:00+00:00,2025-05-09T11:20:00+00:00,2.3115,2.2531,2.4283000000000006,0.05840000000000023,19.03525849015773,TP,1.9881258561643835,184,IMBALANCE,bullish
XRPUSDT,2025-06-03T16:00:00+00:00,2025-06-03T21:55:00+00:00,2.2533,2.2384,2.2830999999999997,0.014899999999999913,43.93556117694058,SL,-1.0453684563758392,71,IMBALANCE,bullish
XRPUSDT,2025-06-08T12:00:00+00:00,2025-06-10T12:00:00+00:00,2.259,2.2149,2.3471999999999995,0.044099999999999806,114.65250110668453,TIME,0.9937029478458139,576,IMBALANCE,bullish
XRPUSDT,2025-06-16T12:00:00+00:00,2025-06-16T16:10:00+00:00,2.2468,2.2095,2.3214,0.03730000000000011,149.99109845113077,TP,1.9819292225201073,50,IMBALANCE,bullish
XRPUSDT,2025-06-16T17:00:00+00:00,2025-06-16T18:45:00+00:00,2.307,2.2974,2.3261999999999996,0.009599999999999831,40.745557000432825,TP,1.9279062499999988,21,IMBALANCE,bullish
XRPUSDT,2025-06-24T06:00:00+00:00,2025-06-26T06:00:00+00:00,2.191,2.1542,2.2645999999999997,0.036799999999999944,119.12368781378372,TIME,-0.18362228260869579,576,IMBALANCE,bullish
XRPUSDT,2025-07-03T06:00:00+00:00,2025-07-03T11:00:00+00:00,2.2727,2.257,2.3040999999999996,0.015699999999999825,26.840322083864983,TP,1.9565726114649677,60,IMBALANCE,bullish
XRPUSDT,2025-07-07T14:00:00+00:00,2025-07-07T18:25:00+00:00,2.3114,2.283,2.3682,0.02839999999999998,82.20126330362606,SL,-1.0244161971830985,53,IMBALANCE,bullish
XRPUSDT,2025-07-09T05:00:00+00:00,2025-07-09T10:45:00+00:00,2.3271,2.3128,2.3557,0.01429999999999998,13.321301190322206,TP,1.9511797202797203,69,IMBALANCE,bullish
XRPUSDT,2025-07-09T11:00:00+00:00,2025-07-10T16:20:00+00:00,2.3806,2.339,2.4637999999999995,0.04159999999999986,54.60808199613501,TP,1.9828322115384616,352,IMBALANCE,bullish
XRPUSDT,2025-07-10T17:00:00+00:00,2025-07-11T02:15:00+00:00,2.4956,2.459,2.5688,0.036599999999999966,49.68744991184471,TP,1.9795442622950818,111,IMBALANCE,bullish
XRPUSDT,2025-07-11T03:00:00+00:00,2025-07-11T07:05:00+00:00,2.575,2.5536,2.617800000000001,0.021400000000000308,45.048543689320596,SL,-1.036098130841121,49,IMBALANCE,bullish
XRPUSDT,2025-07-11T10:00:00+00:00,2025-07-11T13:35:00+00:00,2.647,2.6027,2.7355999999999994,0.044299999999999784,15.111446921042704,TP,1.9820744920993227,43,IMBALANCE,bullish
XRPUSDT,2025-07-11T14:00:00+00:00,2025-07-11T22:20:00+00:00,2.8235,2.6969,3.0767000000000007,0.12660000000000027,147.68903842748387,SL,-1.006690758293839,100,IMBALANCE,bullish
XRPUSDT,2025-07-12T02:00:00+00:00,2025-07-12T15:05:00+00:00,2.7931,2.746,2.8872999999999998,0.04709999999999992,168.62983781461432,SL,-1.0177904458598726,157,IMBALANCE,bullish
XRPUSDT,2025-07-13T13:00:00+00:00,2025-07-13T21:35:00+00:00,2.832,2.7925,2.9109999999999996,0.03949999999999987,19.77401129943442,SL,-1.0215088607594938,103,IMBALANCE,bullish
XRPUSDT,2025-07-14T03:00:00+00:00,2025-07-14T05:50:00+00:00,2.9268,2.877,3.0264000000000006,0.04980000000000029,30.408637419707976,SL,-1.0176313253012048,34,IMBALANCE,bullish
XRPUSDT,2025-07-17T05:00:00+00:00,2025-07-17T18:00:00+00:00,3.1439,3.0538,3.3241,0.09010000000000007,36.57877158942806,TP,1.9895319644839067,156,IMBALANCE,bullish
XRPUSDT,2025-07-17T22:00:00+00:00,2025-07-18T15:15:00+00:00,3.476,3.3789,3.6702000000000004,0.09710000000000019,191.8872266973545,SL,-1.0107394438722965,207,IMBALANCE,bullish
XRPUSDT,2025-08-04T14:00:00+00:00,2025-08-05T01:00:00+00:00,3.034,3.0048,3.0923999999999996,0.029199999999999893,65.2603823335532,TP,1.9688287671232876,132,IMBALANCE,bullish
XRPUSDT,2025-08-07T20:00:00+00:00,2025-08-07T21:30:00+00:00,3.1096,3.0564,3.2159999999999997,0.053199999999999914,136.9951119115005,TP,1.9824646616541353,18,IMBALANCE,bullish
XRPUSDT,2025-08-07T22:00:00+00:00,2025-08-09T22:00:00+00:00,3.3237,3.1196,3.7319,0.20409999999999995,366.15819718987785,TIME,-0.3782317981381679,576,IMBALANCE,bullish
XRPUSDT,2025-08-23T05:00:00+00:00,2025-08-23T14:35:00+00:00,3.0506,3.0078,3.1362000000000005,0.04280000000000017,58.349177211039844,SL,-1.0213827102803736,115,IMBALANCE,bullish
XRPUSDT,2025-09-08T08:00:00+00:00,2025-09-08T10:10:00+00:00,2.9084,2.8933,2.9385999999999997,0.015099999999999891,30.60101774171411,TP,1.942217218543046,26,IMBALANCE,bullish
XRPUSDT,2025-09-08T13:00:00+00:00,2025-09-09T00:30:00+00:00,2.9762,2.9499,3.0288,0.02629999999999999,39.983872051610255,SL,-1.0339490494296577,138,IMBALANCE,bullish
XRPUSDT,2025-09-09T07:00:00+00:00,2025-09-09T14:30:00+00:00,3.0193,2.9655,3.1268999999999996,0.05379999999999985,83.7942569469748,SL,-1.0168362453531599,90,IMBALANCE,bullish
XRPUSDT,2025-09-13T09:00:00+00:00,2025-09-13T13:50:00+00:00,3.1791,3.1214,3.2945,0.057700000000000085,53.788808153251274,SL,-1.016529116117851,58,IMBALANCE,bullish
XRPUSDT,2025-09-29T14:00:00+00:00,2025-09-29T17:00:00+00:00,2.9071,2.8676,2.9860999999999995,0.03949999999999987,33.02259984176766,SL,-1.0220792405063293,36,IMBALANCE,bullish
XRPUSDT,2025-10-02T17:00:00+00:00,2025-10-04T10:35:00+00:00,3.0339,2.992,3.1177,0.04190000000000005,125.91054418405284,SL,-1.0217224343675417,499,IMBALANCE,bullish
XRPUSDT,2025-10-20T20:00:00+00:00,2025-10-21T01:00:00+00:00,2.5313,2.4765,2.6408999999999994,0.05479999999999974,112.98542251017248,SL,-1.0138574817518249,60,IMBALANCE,bullish
XRPUSDT,2025-10-25T05:00:00+00:00,2025-10-25T06:30:00+00:00,2.5562,2.5467,2.5752,0.009500000000000064,5.8680854393242186,SL,-1.0807221052631573,18,IMBALANCE,bullish
XRPUSDT,2025-10-25T19:00:00+00:00,2025-10-25T19:05:00+00:00,2.6035,2.5994,2.6116999999999995,0.0040999999999997705,14.211638179373209,TP,1.8094999999999895,1,IMBALANCE,bullish
XRPUSDT,2025-10-27T16:00:00+00:00,2025-10-27T20:55:00+00:00,2.684,2.6272,2.7976,0.05679999999999996,122.20566318926953,SL,-1.0141760563380282,59,IMBALANCE,bullish
XRPUSDT,2025-11-10T04:00:00+00:00,2025-11-10T10:20:00+00:00,2.4633,2.4229,2.5441,0.04039999999999999,110.01502050095542,TP,1.9817081683168316,76,IMBALANCE,bullish
XRPUSDT,2025-11-24T03:00:00+00:00,2025-11-24T04:15:00+00:00,2.0852,2.0644,2.1268,0.02079999999999993,52.27316324573139,SL,-1.030075,15,IMBALANCE,bullish
XRPUSDT,2025-11-24T18:00:00+00:00,2025-11-26T18:00:00+00:00,2.2169,2.1208,2.4090999999999996,0.09609999999999985,285.53385357932206,TIME,0.1793437044745063,576,IMBALANCE,bullish
XRPUSDT,2025-12-03T03:00:00+00:00,2025-12-03T04:50:00+00:00,2.1753,2.1659,2.1940999999999997,0.009399999999999853,33.558589619821916,TP,1.9305755319148925,22,IMBALANCE,bullish
XRPUSDT,2025-12-03T05:00:00+00:00,2025-12-03T06:45:00+00:00,2.2019,2.1904,2.2249000000000008,0.011500000000000288,30.4282664971158,SL,-1.057440869565216,21,IMBALANCE,bullish
XRPUSDT,2026-01-02T17:00:00+00:00,2026-01-04T17:00:00+00:00,1.9917,1.9246,2.1258999999999997,0.06709999999999994,185.77094944017634,TIME,1.4709760059612558,576,IMBALANCE,bullish
XRPUSDT,2026-01-05T01:00:00+00:00,2026-01-05T19:10:00+00:00,2.1559,2.0973,2.2730999999999995,0.05859999999999976,51.02277471125598,TP,1.9889629692832764,218,IMBALANCE,bullish
XRPUSDT,2026-01-05T21:00:00+00:00,2026-01-06T16:40:00+00:00,2.3347,2.2814,2.4413000000000005,0.053300000000000125,130.63776930654888,SL,-1.0131409005628518,236,IMBALANCE,bullish
XRPUSDT,2026-02-14T09:00:00+00:00,2026-02-14T20:00:00+00:00,1.4509,1.4247,1.5033,0.0262,141.29161210283246,TP,1.983386641221374,132,IMBALANCE,bullish
XRPUSDT,2026-02-15T05:00:00+00:00,2026-02-15T12:50:00+00:00,1.582,1.5333,1.6794,0.048699999999999966,67.63590391908933,SL,-1.0097453798767968,94,IMBALANCE,bullish
XRPUSDT,2026-02-25T18:00:00+00:00,2026-02-25T22:50:00+00:00,1.4714,1.45,1.5142000000000002,0.021400000000000086,37.37936658964293,SL,-1.0206271028037381,58,IMBALANCE,bullish
