symbol,chunk,exit_ts,baseline_r,managed_r,reason,hold_5m_bars
SOLUSDT,2022-01,2022-01-06T00:00:00+00:00,-1.039022131147541,-1.039022131147541,SL,1
SOLUSDT,2022-01,2022-01-10T12:35:00+00:00,-1.0163754032258063,0.7836245967741914,BE,440
SOLUSDT,2022-01,2022-01-21T12:05:00+00:00,-1.0114981481481482,-1.0114981481481482,SL,50
SOLUSDT,2022-01,2022-01-25T20:05:00+00:00,-1.0040372197309417,0.7959627802690591,BE,146
SOLUSDT,2022-03,2022-03-02T04:00:00+00:00,-1.008675366568915,-1.008675366568915,SL,1
SOLUSDT,2022-03,2022-03-07T08:30:00+00:00,-1.027714606741573,-1.027714606741573,SL,7
SOLUSDT,2022-03,2022-03-17T04:00:00+00:00,-1.1096625000000024,-1.1096625000000024,SL,1
SOLUSDT,2022-03,2022-03-17T16:00:00+00:00,-1.0169683870967743,-1.0169683870967743,SL,1
SOLUSDT,2022-03,2022-03-19T00:10:00+00:00,-1.022586776859504,0.7774132231404937,BE,3
SOLUSDT,2022-03,2022-03-19T20:35:00+00:00,13.882462499999997,5.382462499999968,BE,8
SOLUSDT,2022-03,2022-03-23T23:45:00+00:00,-1.0409928571428577,0.7590071428571381,BE,46
SOLUSDT,2022-03,2022-03-24T12:00:00+00:00,-1.0549452830188677,-1.0549452830188677,SL,1
SOLUSDT,2022-03,2022-03-26T15:25:00+00:00,-1.1124444444444461,0.6875555555555434,BE,42
SOLUSDT,2022-03,2022-03-26T20:00:00+00:00,-1.0389192307692308,-1.0389192307692308,SL,1
SOLUSDT,2022-03,2022-03-28T00:00:00+00:00,-1.1105285714285709,-1.1105285714285709,SL,1
SOLUSDT,2022-03,2022-03-29T11:45:00+00:00,-1.0083510204081632,-1.0083510204081632,SL,46
SOLUSDT,2022-04,2022-04-05T12:20:00+00:00,-1.0116567647058825,-1.0116567647058825,SL,101
SOLUSDT,2022-04,2022-04-11T20:00:00+00:00,-1.1322086956521715,-1.1322086956521715,SL,1
SOLUSDT,2022-04,2022-04-20T19:10:00+00:00,13.94192105263158,8.94192105263158,BE,39
SOLUSDT,2022-05,2022-05-02T11:10:00+00:00,-1.0089271126760564,0.7910728873239448,BE,375
SOLUSDT,2022-05,2022-05-08T04:00:00+00:00,-1.0131333333333334,-1.0131333333333334,SL,1
SOLUSDT,2022-05,2022-05-08T20:00:00+00:00,-1.0537976744186055,-1.0537976744186055,SL,1
SOLUSDT,2022-05,2022-05-11T06:45:00+00:00,-1.0054040431266846,-1.0054040431266846,SL,34
SOLUSDT,2022-05,2022-05-14T20:40:00+00:00,13.962362162162163,8.962362162162163,BE,9
SOLUSDT,2022-05,2022-05-26T19:10:00+00:00,-1.0211403225806452,0.7788596774193501,BE,39
SOLUSDT,2022-06,2022-06-02T04:00:00+00:00,-1.0200449999999999,-1.0200449999999999,SL,1
SOLUSDT,2022-06,2022-06-03T16:05:00+00:00,-1.035840625,-1.035840625,SL,2
SOLUSDT,2022-06,2022-06-11T21:30:00+00:00,-1.0165934426229508,0.7834065573770492,BE,19
SOLUSDT,2022-06,2022-06-13T04:00:00+00:00,-1.3056000000000245,-1.3056000000000245,SL,1
SOLUSDT,2022-06,2022-06-22T14:25:00+00:00,-1.0084873134328358,0.7915126865671642,BE,222
SOLUSDT,2022-06,2022-06-24T16:05:00+00:00,-1.0636000000000008,0.7364000000000142,BE,2
SOLUSDT,2022-06,2022-06-26T11:55:00+00:00,13.96835,0.7683500000000035,BE,96
SOLUSDT,2022-06,2022-06-30T12:05:00+00:00,-1.0265666666666666,-1.0265666666666666,SL,2
SOLUSDT,2022-07,2022-07-05T10:05:00+00:00,13.9541125,8.9541125,BE,74
SOLUSDT,2022-07,2022-07-07T20:00:00+00:00,-1.0337588235294115,-1.0337588235294115,SL,1
SOLUSDT,2022-07,2022-07-08T20:00:00+00:00,-1.0502826086956514,-1.0502826086956514,SL,1
SOLUSDT,2022-07,2022-07-15T19:50:00+00:00,-1.0148815789473684,-1.0148815789473684,SL,47
SOLUSDT,2022-07,2022-07-17T00:35:00+00:00,-1.011823,-1.011823,SL,8
SOLUSDT,2022-07,2022-07-18T08:00:00+00:00,-1.0357705882352937,-1.0357705882352937,SL,1
SOLUSDT,2022-07,2022-07-19T04:25:00+00:00,-1.0229105263157894,0.7770894736842155,BE,6
SOLUSDT,2022-07,2022-07-26T20:00:00+00:00,-1.0874749999999966,-1.0874749999999966,SL,1
SOLUSDT,2022-07,2022-07-29T06:35:00+00:00,-1.0102984,-1.0102984,SL,32
SOLUSDT,2022-07,2022-07-30T20:00:00+00:00,13.305949999999862,13.305949999999862,TP,1
SOLUSDT,2022-08,2022-08-08T12:00:00+00:00,-1.0984692307692343,-1.0984692307692343,SL,1
SOLUSDT,2022-08,2022-08-11T08:00:00+00:00,-1.0547749999999996,-1.0547749999999996,SL,1
SOLUSDT,2022-08,2022-08-13T00:00:00+00:00,-1.0744,-1.0744,SL,1
SOLUSDT,2022-08,2022-08-19T08:00:00+00:00,-1.0244276595744677,-1.0244276595744677,SL,1
SOLUSDT,2022-08,2022-08-20T17:05:00+00:00,-1.0133756097560975,-1.0133756097560975,SL,14
SOLUSDT,2022-08,2022-08-22T12:00:00+00:00,-1.1046699999999985,-1.1046699999999985,SL,1
SOLUSDT,2022-08,2022-08-27T00:00:00+00:00,-1.0252999999999999,-1.0252999999999999,SL,1
SOLUSDT,2022-08,2022-08-29T00:00:00+00:00,-1.019002,-1.019002,SL,1
SOLUSDT,2022-09,2022-09-06T20:00:00+00:00,13.915600000000003,13.915600000000003,TP,1
SOLUSDT,2022-09,2022-09-09T04:00:00+00:00,-1.025838461538462,-1.025838461538462,SL,1
SOLUSDT,2022-09,2022-09-10T16:30:00+00:00,-1.0242302325581396,0.7757697674418638,BE,7
SOLUSDT,2022-09,2022-09-12T12:00:00+00:00,-1.0120852272727274,-1.0120852272727274,SL,1
SOLUSDT,2022-09,2022-09-26T08:30:00+00:00,-1.0333580645161289,5.466641935483871,BE,487
SOLUSDT,2022-09,2022-09-27T08:15:00+00:00,-1.041652,0.7583480000000113,BE,4
SOLUSDT,2022-10,2022-10-11T12:30:00+00:00,-1.027679411764706,0.7723205882352899,BE,55
SOLUSDT,2022-10,2022-10-13T02:15:00+00:00,-1.0321724137931032,-1.0321724137931032,SL,28
SOLUSDT,2022-10,2022-10-13T08:00:00+00:00,-1.035469230769231,-1.035469230769231,SL,1
SOLUSDT,2022-10,2022-10-20T12:45:00+00:00,-1.0298344827586208,0.7701655172413793,BE,106
SOLUSDT,2022-10,2022-10-21T00:00:00+00:00,-1.0368608695652173,-1.0368608695652173,SL,1
SOLUSDT,2022-10,2022-10-22T13:35:00+00:00,13.9652625,0.7652625000000057,BE,68
SOLUSDT,2022-10,2022-10-26T13:35:00+00:00,-1.0119620253164556,0.7880379746835424,BE,164
SOLUSDT,2022-10,2022-10-29T02:50:00+00:00,-1.03199,-1.03199,SL,35
SOLUSDT,2022-10,2022-10-31T04:50:00+00:00,-1.0448909090909093,-1.0448909090909093,SL,11
SOLUSDT,2022-10,2022-10-31T12:00:00+00:00,-1.1431857142857136,-1.1431857142857136,SL,1
SOLUSDT,2022-11,2022-11-05T00:30:00+00:00,-1.019321153846154,-1.019321153846154,SL,7
SOLUSDT,2022-11,2022-11-08T14:30:00+00:00,-1.008713186813187,0.7912868131868148,BE,79
SOLUSDT,2022-11,2022-11-09T07:45:00+00:00,-1.0015718894009216,-1.0015718894009216,SL,94
SOLUSDT,2022-11,2022-11-11T14:10:00+00:00,-1.0083933219178083,0.7916066780821918,BE,75
SOLUSDT,2022-11,2022-11-12T20:05:00+00:00,-1.0157361702127659,0.7842638297872341,BE,2
SOLUSDT,2022-11,2022-11-13T04:15:00+00:00,-1.0367033613445378,-1.0367033613445378,SL,4
SOLUSDT,2022-11,2022-11-19T14:35:00+00:00,-1.0154212,-1.0154212,SL,80
SOLUSDT,2022-11,2022-11-20T16:00:00+00:00,13.811959999999996,13.811959999999996,TP,1
SOLUSDT,2022-11,2022-11-21T04:00:00+00:00,-1.0220095808383234,-1.0220095808383234,SL,1
SOLUSDT,2022-11,2022-11-22T09:50:00+00:00,-1.010171052631579,-1.010171052631579,SL,23
SOLUSDT,2022-11,2022-11-24T08:40:00+00:00,-1.0115949602122016,0.7884050397877985,BE,9
SOLUSDT,2022-12,2022-12-07T05:45:00+00:00,13.796014285714293,13.796014285714293,TP,22
SOLUSDT,2022-12,2022-12-12T12:20:00+00:00,-1.0197208121827412,0.7802791878172551,BE,53
SOLUSDT,2022-12,2022-12-14T20:05:00+00:00,13.928791803278688,0.7287918032786885,BE,2
SOLUSDT,2022-12,2022-12-27T12:55:00+00:00,-1.0112933554817276,-1.0112933554817276,SL,876
SOLUSDT,2022-12,2022-12-28T08:00:00+00:00,-1.0307685714285713,-1.0307685714285713,SL,1
SOLUSDT,2022-12,2022-12-29T22:35:00+00:00,-1.007281081081081,8.99271891891892,BE,4208
SOLUSDT,2023-01,2023-01-03T13:50:00+00:00,-1.0033827060020346,-1.0033827060020346,SL,311
SOLUSDT,2023-01,2023-01-08T01:55:00+00:00,-1.0576347826086965,0.7423652173913036,BE,72
SOLUSDT,2023-01,2023-01-08T08:05:00+00:00,-1.1027692307692316,0.6972307692307776,BE,2
SOLUSDT,2023-01,2023-01-12T00:00:00+00:00,-1.0374999999999999,-1.0374999999999999,SL,1
SOLUSDT,2023-01,2023-01-13T00:20:00+00:00,-1.01937578125,-1.01937578125,SL,5
SOLUSDT,2023-01,2023-01-18T11:05:00+00:00,-1.0106722222222222,0.7893277777777779,BE,38
SOLUSDT,2023-01,2023-01-22T20:10:00+00:00,-1.006733303411131,0.7932666965888695,BE,147
SOLUSDT,2023-01,2023-01-30T00:05:00+00:00,13.971971276595745,0.7719712765957447,BE,2
SOLUSDT,2023-02,2023-02-10T11:10:00+00:00,-1.0124890243902438,0.7875109756097532,BE,87
SOLUSDT,2023-02,2023-02-12T15:30:00+00:00,13.960066666666666,5.460066666666666,BE,187
SOLUSDT,2023-02,2023-02-16T00:00:00+00:00,-1.2652923076923097,-1.2652923076923097,SL,1
SOLUSDT,2023-02,2023-02-19T20:00:00+00:00,13.7188888888889,13.7188888888889,TP,1
SOLUSDT,2023-02,2023-02-28T07:45:00+00:00,-1.0223438775510207,0.7776561224489842,BE,670
SOLUSDT,2023-03,2023-03-03T14:00:00+00:00,-1.0112091397849463,0.7887908602150551,BE,73
SOLUSDT,2023-03,2023-03-08T01:10:00+00:00,-1.044446666666666,0.7555533333333285,BE,15
SOLUSDT,2023-03,2023-03-08T12:25:00+00:00,-1.0871818181818196,0.7128181818181589,BE,6
SOLUSDT,2023-03,2023-03-11T15:50:00+00:00,13.950328155339806,0.7503281553398187,BE,47
SOLUSDT,2023-03,2023-03-14T10:20:00+00:00,-1.00886604850214,0.7911339514978603,BE,173
SOLUSDT,2023-03,2023-03-14T21:30:00+00:00,13.971279912663755,5.471279912663748,BE,19
SOLUSDT,2023-03,2023-03-18T04:00:00+00:00,-1.0661163265306106,-1.0661163265306106,SL,1
SOLUSDT,2023-03,2023-03-20T12:00:00+00:00,-1.0855740740740747,-1.0855740740740747,SL,1
SOLUSDT,2023-04,2023-04-11T08:00:00+00:00,-1.1822628571428564,-1.1822628571428564,SL,1
SOLUSDT,2023-04,2023-04-15T19:55:00+00:00,-1.012310535117057,0.7876894648829454,BE,240
SOLUSDT,2023-04,2023-04-17T04:00:00+00:00,-1.0408903225806452,-1.0408903225806452,SL,1
SOLUSDT,2023-04,2023-04-18T20:25:00+00:00,13.921557731958764,5.421557731958764,BE,54
SOLUSDT,2023-04,2023-04-21T06:50:00+00:00,-1.038417647058824,0.7615823529411803,BE,83
SOLUSDT,2023-04,2023-04-23T00:30:00+00:00,-1.016306923076923,0.7836930769230788,BE,295
SOLUSDT,2023-04,2023-04-29T00:10:00+00:00,-1.04628940397351,-1.04628940397351,SL,3
SOLUSDT,2023-04,2023-04-30T12:00:00+00:00,-1.1114904761904782,-1.1114904761904782,SL,1
SOLUSDT,2023-05,2023-05-09T12:20:00+00:00,-1.0112602209944752,0.7887397790055262,BE,149
SOLUSDT,2023-05,2023-05-12T11:55:00+00:00,-1.0172396551724137,0.7827603448275843,BE,144
SOLUSDT,2023-05,2023-05-22T11:10:00+00:00,-1.019346052631579,0.7806539473684186,BE,87
SOLUSDT,2023-06,2023-06-05T16:00:00+00:00,-1.0091238095238095,0.7908761904761882,BE,3409
SOLUSDT,2023-06,2023-06-09T08:05:00+00:00,-1.0270490384615383,-1.0270490384615383,SL,2
SOLUSDT,2023-06,2023-06-10T00:10:00+00:00,-1.0274468421052634,-1.0274468421052634,SL,3
SOLUSDT,2023-06,2023-06-12T08:30:00+00:00,-1.024203743315508,0.7757962566844919,BE,7
SOLUSDT,2023-06,2023-06-13T00:05:00+00:00,-1.018608713692946,0.7813912863070555,BE,2
SOLUSDT,2023-06,2023-06-21T00:00:00+00:00,-1.0320470588235298,-1.0320470588235298,SL,1
SOLUSDT,2023-06,2023-06-24T00:30:00+00:00,-1.0290050847457628,-1.0290050847457628,SL,7
SOLUSDT,2023-06,2023-06-29T22:05:00+00:00,-1.0227457983193278,0.7772542016806752,BE,74
SOLUSDT,2023-07,2023-07-02T08:00:00+00:00,-1.0375279999999996,-1.0375279999999996,SL,1
SOLUSDT,2023-07,2023-07-05T05:45:00+00:00,13.939845454545456,5.439845454545437,BE,118
SOLUSDT,2023-07,2023-07-06T18:55:00+00:00,-1.0129142857142857,-1.0129142857142857,SL,36
SOLUSDT,2023-07,2023-07-07T00:00:00+00:00,13.905072727272726,13.905072727272726,TP,1
SOLUSDT,2023-07,2023-07-07T22:15:00+00:00,-1.0120992395437263,-1.0120992395437263,SL,28
SOLUSDT,2023-07,2023-07-11T12:15:00+00:00,-1.0368333333333335,0.7631666666666587,BE,4
SOLUSDT,2023-07,2023-07-12T16:00:00+00:00,-1.041200621118013,-1.041200621118013,SL,1
SOLUSDT,2023-07,2023-07-13T16:00:00+00:00,-1.0715117021276586,-1.0715117021276586,SL,1
SOLUSDT,2023-07,2023-07-16T12:00:00+00:00,-1.03364008097166,-1.03364008097166,SL,1
SOLUSDT,2023-07,2023-07-18T14:20:00+00:00,13.980226823529412,5.480226823529416,BE,365
SOLUSDT,2023-07,2023-07-25T13:10:00+00:00,-1.0156783783783785,-1.0156783783783785,SL,207
SOLUSDT,2023-08,2023-08-03T15:05:00+00:00,-1.026393023255814,0.7736069767441832,BE,38
SOLUSDT,2023-08,2023-08-09T00:30:00+00:00,-1.0341263888888892,0.765873611111114,BE,7
SOLUSDT,2023-08,2023-08-11T03:10:00+00:00,-1.0218528189910978,-1.0218528189910978,SL,87
SOLUSDT,2023-08,2023-08-13T00:00:00+00:00,-1.066832432432434,-1.066832432432434,SL,1
SOLUSDT,2023-08,2023-08-15T19:05:00+00:00,13.933747368421052,13.933747368421052,TP,182
SOLUSDT,2023-08,2023-08-16T20:25:00+00:00,-1.0419436363636365,0.7580563636363548,BE,6
SOLUSDT,2023-08,2023-08-17T05:15:00+00:00,-1.01336640625,0.7866335937500014,BE,16
SOLUSDT,2023-08,2023-08-22T21:25:00+00:00,-1.0031952802359883,-1.0031952802359883,SL,1362
SOLUSDT,2023-09,2023-09-02T06:25:00+00:00,-1.0217387218045115,0.778261278195486,BE,78
SOLUSDT,2023-09,2023-09-10T15:00:00+00:00,-1.0074158878504673,-1.0074158878504673,SL,37
SOLUSDT,2023-09,2023-09-14T00:10:00+00:00,-1.0131804480651732,5.486819551934827,BE,4323
SOLUSDT,2023-09,2023-09-18T16:00:00+00:00,-1.0345511764705886,-1.0345511764705886,SL,1
SOLUSDT,2023-09,2023-09-19T08:20:00+00:00,-1.0680352272727265,0.7319647727272574,BE,5
SOLUSDT,2023-09,2023-09-19T17:10:00+00:00,-1.0256881355932204,0.7743118644067798,BE,15
SOLUSDT,2023-09,2023-09-29T04:00:00+00:00,-1.1760117647058879,-1.1760117647058879,SL,1
SOLUSDT,2023-10,2023-10-05T00:40:00+00:00,-1.0249826855123674,0.7750173144876351,BE,105
SOLUSDT,2023-10,2023-10-13T00:35:00+00:00,13.966590052356022,0.7665900523560251,BE,56
SOLUSDT,2023-10,2023-10-16T12:00:00+00:00,-1.1955057142857135,-1.1955057142857135,SL,1
SOLUSDT,2023-10,2023-10-19T12:00:00+00:00,-1.1521191489361682,-1.1521191489361682,SL,1
SOLUSDT,2023-10,2023-10-25T10:30:00+00:00,-1.007778947368421,-1.007778947368421,SL,31
SOLUSDT,2023-10,2023-10-27T04:45:00+00:00,-1.0205246346555323,0.7794753653444735,BE,10
SOLUSDT,2023-10,2023-10-30T01:25:00+00:00,-1.0480495145631061,0.7519504854368801,BE,18
SOLUSDT,2023-10,2023-10-30T17:20:00+00:00,-1.022843137254902,0.7771568627450979,BE,17
SOLUSDT,2023-11,2023-11-04T08:00:00+00:00,-1.09634921875,-1.09634921875,SL,1
SOLUSDT,2023-11,2023-11-08T03:15:00+00:00,-1.0260264822134386,0.7739735177865641,BE,40
SOLUSDT,2023-11,2023-11-10T09:55:00+00:00,-1.003678349120433,-1.003678349120433,SL,72
SOLUSDT,2023-11,2023-11-13T08:40:00+00:00,-1.006959048393656,-1.006959048393656,SL,9
SOLUSDT,2023-11,2023-11-15T18:10:00+00:00,-1.0276500000000002,0.7723499999999979,BE,27
SOLUSDT,2023-11,2023-11-29T17:40:00+00:00,-1.0158074717636838,0.7841925282363187,BE,21
SOLUSDT,2023-12,2023-12-02T17:05:00+00:00,-1.0288627906976742,0.7711372093023301,BE,62
SOLUSDT,2023-12,2023-12-06T08:05:00+00:00,-1.1533904761904876,5.346609523809512,BE,2
SOLUSDT,2023-12,2023-12-07T20:10:00+00:00,-1.0503190839694656,0.7496809160305489,BE,3
SOLUSDT,2023-12,2023-12-08T04:00:00+00:00,-1.0116975848188614,-1.0116975848188614,SL,1
SOLUSDT,2023-12,2023-12-11T02:30:00+00:00,-1.0077718185040765,0.7922281814959234,BE,223
SOLUSDT,2023-12,2023-12-15T05:15:00+00:00,-1.0402930851063834,0.7597069148936265,BE,16
SOLUSDT,2023-12,2023-12-15T12:00:00+00:00,-1.045724055666004,-1.045724055666004,SL,1
SOLUSDT,2023-12,2023-12-20T20:00:00+00:00,-1.038333544303797,-1.038333544303797,SL,1
SOLUSDT,2024-01,2024-01-02T12:05:00+00:00,13.872744444444443,0.672744444444432,BE,2
SOLUSDT,2024-01,2024-01-08T09:55:00+00:00,-1.0121799441600745,0.7878200558399256,BE,24
SOLUSDT,2024-01,2024-01-23T06:40:00+00:00,-1.015957978385251,0.7840420216147508,BE,81
SOLUSDT,2024-01,2024-01-28T08:10:00+00:00,-1.1756509090909175,5.324349090909083,BE,3
SOLUSDT,2024-01,2024-01-29T08:05:00+00:00,-1.0250828205128204,0.7749171794871843,BE,2
SOLUSDT,2024-01,2024-01-29T20:00:00+00:00,-1.0624187500000013,-1.0624187500000013,SL,1
SOLUSDT,2024-01,2024-01-31T00:15:00+00:00,13.987742402826855,8.987742402826855,BE,2020
SOLUSDT,2024-02,2024-02-08T08:10:00+00:00,-1.035791441969519,0.7642085580304744,BE,3
SOLUSDT,2024-02,2024-02-08T20:00:00+00:00,13.818264161849713,13.818264161849713,TP,1
SOLUSDT,2024-02,2024-02-09T08:15:00+00:00,-1.0216252937111263,-1.0216252937111263,SL,4
SOLUSDT,2024-02,2024-02-13T00:00:00+00:00,-1.0204796146674955,-1.0204796146674955,SL,1
SOLUSDT,2024-02,2024-02-14T08:50:00+00:00,-1.0193921309592189,-1.0193921309592189,SL,59
SOLUSDT,2024-02,2024-02-27T00:00:00+00:00,-1.046992154065621,-1.046992154065621,SL,1
SOLUSDT,2024-02,2024-02-28T16:10:00+00:00,-1.0089094490284802,-1.0089094490284802,SL,3
SOLUSDT,2024-02,2024-02-29T04:00:00+00:00,-1.471398684210567,-1.471398684210567,SL,1
SOLUSDT,2024-03,2024-03-03T00:05:00+00:00,13.73838000000001,5.238380000000105,BE,2
SOLUSDT,2024-03,2024-03-04T00:15:00+00:00,-1.0329638279932551,-1.0329638279932551,SL,4
SOLUSDT,2024-03,2024-03-04T16:30:00+00:00,-1.0162506731946146,0.7837493268053901,BE,7
SOLUSDT,2024-03,2024-03-07T01:50:00+00:00,-1.0111058167330678,0.7888941832669293,BE,359
SOLUSDT,2024-03,2024-03-08T06:15:00+00:00,-1.0128389100498094,0.7871610899501889,BE,124
SOLUSDT,2024-03,2024-03-10T14:55:00+00:00,-1.0090459657701711,0.7909540342298266,BE,468
SOLUSDT,2024-03,2024-03-12T12:30:00+00:00,-1.0139695252679939,0.7860304747320097,BE,7
SOLUSDT,2024-03,2024-03-17T16:00:00+00:00,-1.003844583567811,-1.003844583567811,SL,145
SOLUSDT,2024-03,2024-03-25T21:20:00+00:00,-1.0320241283895957,0.7679758716104044,BE,17
SOLUSDT,2024-03,2024-03-30T19:50:00+00:00,-1.0244815333882933,0.7755184666117114,BE,47
SOLUSDT,2024-04,2024-04-01T00:00:00+00:00,-1.0690916188289314,-1.0690916188289314,SL,1
SOLUSDT,2024-04,2024-04-13T17:25:00+00:00,-1.0048444708937458,-1.0048444708937458,SL,210
SOLUSDT,2024-04,2024-04-15T14:45:00+00:00,-1.0049888928828181,0.7950111071171833,BE,274
SOLUSDT,2024-04,2024-04-16T20:00:00+00:00,13.73424166666665,13.73424166666665,TP,1
SOLUSDT,2024-04,2024-04-23T05:30:00+00:00,-1.0303640645161287,0.7696359354838712,BE,19
SOLUSDT,2024-04,2024-04-24T16:00:00+00:00,13.88939722222222,13.88939722222222,TP,1
SOLUSDT,2024-04,2024-04-28T22:30:00+00:00,-1.010981952662722,0.7890180473372751,BE,415
SOLUSDT,2024-04,2024-04-30T16:00:00+00:00,-1.06996195652174,-1.06996195652174,SL,1
SOLUSDT,2024-05,2024-05-01T08:00:00+00:00,-1.0074079859072225,-1.0074079859072225,SL,1
SOLUSDT,2024-05,2024-05-05T08:20:00+00:00,-1.0255669751301328,0.7744330248698704,BE,101
SOLUSDT,2024-05,2024-05-06T12:00:00+00:00,-1.0665552238805955,-1.0665552238805955,SL,1
SOLUSDT,2024-05,2024-05-10T09:45:00+00:00,-1.0641037500000001,-1.0641037500000001,SL,22
SOLUSDT,2024-05,2024-05-16T00:00:00+00:00,-1.3415720588235402,-1.3415720588235402,SL,1
SOLUSDT,2024-05,2024-05-20T04:00:00+00:00,-1.0265670490093848,-1.0265670490093848,SL,1
SOLUSDT,2024-05,2024-05-22T12:45:00+00:00,-1.0175725170954084,0.7824274829045896,BE,10
SOLUSDT,2024-06,2024-06-05T15:35:00+00:00,-1.0272623622047248,-1.0272623622047248,SL,92
SOLUSDT,2024-06,2024-06-06T17:10:00+00:00,13.975389655172414,0.7753896551724191,BE,159
SOLUSDT,2024-06,2024-06-09T04:15:00+00:00,-1.1073748299319721,0.6926251700680278,BE,4
SOLUSDT,2024-06,2024-06-11T12:10:00+00:00,-1.047825987525988,0.7521740124740178,BE,3
SOLUSDT,2024-06,2024-06-11T20:05:00+00:00,-1.0278125628140702,0.7721874371859335,BE,2
SOLUSDT,2024-06,2024-06-14T20:00:00+00:00,-1.0479646273637375,-1.0479646273637375,SL,1
SOLUSDT,2024-06,2024-06-24T01:40:00+00:00,-1.0047681599624723,-1.0047681599624723,SL,1653
SOLUSDT,2024-06,2024-06-24T08:00:00+00:00,-1.1305206896551696,-1.1305206896551696,SL,1
SOLUSDT,2024-06,2024-06-28T06:05:00+00:00,-1.012478090678682,0.787521909321321,BE,122
SOLUSDT,2024-07,2024-07-03T00:00:00+00:00,-1.0451976331360942,-1.0451976331360942,SL,1
SOLUSDT,2024-07,2024-07-05T04:00:00+00:00,-1.051032356857523,-1.051032356857523,SL,1
SOLUSDT,2024-07,2024-07-14T21:20:00+00:00,-1.0416659999999995,-1.0416659999999995,SL,17
SOLUSDT,2024-07,2024-07-15T04:00:00+00:00,-1.0477064655172414,-1.0477064655172414,SL,1
SOLUSDT,2024-07,2024-07-18T12:05:00+00:00,-1.0464578947368417,-1.0464578947368417,SL,50
SOLUSDT,2024-07,2024-07-19T08:05:00+00:00,-1.2581723404255483,0.5418276595744519,BE,2
SOLUSDT,2024-07,2024-07-27T02:55:00+00:00,-1.0212204678362573,-1.0212204678362573,SL,84
SOLUSDT,2024-07,2024-07-29T00:20:00+00:00,-1.0124314105452907,-1.0124314105452907,SL,245
SOLUSDT,2024-08,2024-08-01T13:20:00+00:00,-1.0230568098720294,0.776943190127968,BE,17
SOLUSDT,2024-08,2024-08-02T02:15:00+00:00,-1.0332447852760733,0.7667552147239344,BE,76
SOLUSDT,2024-08,2024-08-02T12:30:00+00:00,-1.0206295396419438,0.7793704603580563,BE,7
SOLUSDT,2024-08,2024-08-02T20:00:00+00:00,-1.0116894776119403,-1.0116894776119403,SL,1
SOLUSDT,2024-08,2024-08-05T04:00:00+00:00,-1.0056902071046496,-1.0056902071046496,SL,1
SOLUSDT,2024-08,2024-08-24T04:55:00+00:00,-1.0596217898832696,-1.0596217898832696,SL,12
SOLUSDT,2024-08,2024-08-27T08:05:00+00:00,13.945357586206898,0.7453575862068903,BE,2
SOLUSDT,2024-08,2024-08-31T01:00:00+00:00,-1.0460077100115075,5.453992289988476,BE,61
SOLUSDT,2024-09,2024-09-01T08:00:00+00:00,-1.0322436246992779,-1.0322436246992779,SL,1
SOLUSDT,2024-09,2024-09-02T04:25:00+00:00,-1.0475009864364977,0.7524990135634883,BE,6
SOLUSDT,2024-09,2024-09-02T16:35:00+00:00,-1.0460052884615387,5.453994711538461,BE,56
SOLUSDT,2024-09,2024-09-14T18:20:00+00:00,13.9141636550308,5.414163655030829,BE,125
SOLUSDT,2024-09,2024-09-19T16:00:00+00:00,-1.1794424892703832,-1.1794424892703832,SL,1
SOLUSDT,2024-09,2024-09-24T02:55:00+00:00,-1.0333090225563906,0.7666909774436179,BE,228
SOLUSDT,2024-09,2024-09-25T14:55:00+00:00,-1.0336370044052858,0.7663629955947143,BE,132
SOLUSDT,2024-09,2024-09-29T19:55:00+00:00,-1.0210640750670241,-1.0210640750670241,SL,336
SOLUSDT,2024-09,2024-09-30T00:40:00+00:00,-1.1588704318936942,5.341129568106306,BE,9
SOLUSDT,2024-10,2024-10-03T00:45:00+00:00,-1.0302351585014409,0.7697648414985552,BE,10
SOLUSDT,2024-10,2024-10-03T16:20:00+00:00,-1.0245865188735772,-1.0245865188735772,SL,5
SOLUSDT,2024-10,2024-10-14T08:00:00+00:00,-1.7621499999999712,-1.7621499999999712,SL,1
SOLUSDT,2024-10,2024-10-18T01:25:00+00:00,-1.0095550308008214,0.7904449691991797,BE,594
SOLUSDT,2024-10,2024-10-23T16:00:00+00:00,-1.032010904425914,-1.032010904425914,SL,1
SOLUSDT,2024-10,2024-10-25T18:15:00+00:00,-1.013559375,0.786440625,BE,28
SOLUSDT,2024-10,2024-10-29T04:00:00+00:00,-1.0334124999999996,-1.0334124999999996,SL,1
SOLUSDT,2024-11,2024-11-03T20:50:00+00:00,-1.0167813664596272,5.4832186335403685,BE,1307
SOLUSDT,2024-11,2024-11-06T08:00:00+00:00,13.383633333333357,13.383633333333357,TP,1
SOLUSDT,2024-11,2024-11-13T04:55:00+00:00,-1.005195698051948,0.794804301948052,BE,60
SOLUSDT,2024-11,2024-11-17T12:05:00+00:00,-1.0254453571428572,0.7745546428571406,BE,2
SOLUSDT,2024-11,2024-11-21T20:00:00+00:00,-1.0168263513513514,-1.0168263513513514,SL,1
SOLUSDT,2024-11,2024-11-24T18:15:00+00:00,13.957103314917127,5.457103314917127,BE,124
SOLUSDT,2024-12,2024-12-12T10:05:00+00:00,-1.0039014405762305,0.7960985594237698,BE,650
SOLUSDT,2024-12,2024-12-20T00:40:00+00:00,-1.0121354430379748,0.7878645569620242,BE,9
SOLUSDT,2025-01,2025-01-02T12:00:00+00:00,-1.061752,-1.061752,SL,1
SOLUSDT,2025-01,2025-01-06T10:00:00+00:00,-1.0471897810218977,0.7528102189781024,BE,25
SOLUSDT,2025-01,2025-01-08T14:30:00+00:00,-1.0232809523809523,0.7767190476190522,BE,31
SOLUSDT,2025-01,2025-01-09T13:35:00+00:00,-1.0098065656565656,-1.0098065656565656,SL,164
SOLUSDT,2025-01,2025-01-10T00:00:00+00:00,-1.0688259259259256,-1.0688259259259256,SL,1
SOLUSDT,2025-01,2025-01-13T16:00:00+00:00,13.74952857142858,13.74952857142858,TP,1
SOLUSDT,2025-01,2025-01-19T15:10:00+00:00,-1.0054392236976506,8.994560776302345,BE,1623
SOLUSDT,2025-02,2025-02-17T12:35:00+00:00,-1.0725,5.4275,BE,8
SOLUSDT,2025-02,2025-02-17T20:00:00+00:00,-1.0478539823008852,-1.0478539823008852,SL,1
SOLUSDT,2025-02,2025-02-24T16:00:00+00:00,-1.012246923076923,-1.012246923076923,SL,1
SOLUSDT,2025-02,2025-02-28T08:10:00+00:00,13.934005172413793,0.7340051724137929,BE,3
SOLUSDT,2025-03,2025-03-03T13:40:00+00:00,-1.00648391959799,0.7935160804020086,BE,165
SOLUSDT,2025-03,2025-03-10T20:00:00+00:00,-1.0212563953488372,-1.0212563953488372,SL,1
SOLUSDT,2025-03,2025-03-24T08:00:00+00:00,-1.1255545454545515,-1.1255545454545515,SL,1
SOLUSDT,2025-03,2025-03-25T13:15:00+00:00,-1.0099571428571428,-1.0099571428571428,SL,16
SOLUSDT,2025-03,2025-03-29T00:15:00+00:00,13.972919375,8.972919375,BE,724
SOLUSDT,2025-03,2025-03-29T16:15:00+00:00,-1.0379484848484846,0.7620515151515098,BE,4
SOLUSDT,2025-03,2025-03-30T18:50:00+00:00,-1.0189578680203046,0.7810421319796925,BE,179
SOLUSDT,2025-04,2025-04-04T01:05:00+00:00,-1.0178265625,0.7821734375,BE,62
SOLUSDT,2025-04,2025-04-07T00:00:00+00:00,-1.0178005494505495,-1.0178005494505495,SL,1
SOLUSDT,2025-04,2025-04-12T20:30:00+00:00,-1.0305671875,-1.0305671875,SL,7
SOLUSDT,2025-04,2025-04-15T18:40:00+00:00,-1.0089160270880362,0.7910839729119652,BE,417
SOLUSDT,2025-04,2025-04-19T08:40:00+00:00,-1.096774418604656,-1.096774418604656,SL,9
SOLUSDT,2025-04,2025-04-21T19:20:00+00:00,-1.0105522727272727,0.7894477272727274,BE,137
SOLUSDT,2025-04,2025-04-27T00:10:00+00:00,-1.0242695187165776,0.7757304812834256,BE,195
SOLUSDT,2025-05,2025-05-08T16:00:00+00:00,-1.0652901408450723,-1.0652901408450723,SL,1
SOLUSDT,2025-05,2025-05-12T00:30:00+00:00,-1.020230078125,-1.020230078125,SL,7
SOLUSDT,2025-05,2025-05-13T04:20:00+00:00,-1.0071666666666668,0.7928333333333334,BE,5
SOLUSDT,2025-05,2025-05-14T01:15:00+00:00,-1.0232353191489358,-1.0232353191489358,SL,16
SOLUSDT,2025-05,2025-05-22T12:05:00+00:00,-1.1846137931034533,0.6153862068965663,BE,2
SOLUSDT,2025-05,2025-05-23T04:00:00+00:00,-1.0758915492957768,-1.0758915492957768,SL,1
SOLUSDT,2025-05,2025-05-30T20:05:00+00:00,-1.0424052631578953,-1.0424052631578953,SL,2
SOLUSDT,2025-06,2025-06-01T08:35:00+00:00,-1.0338605839416057,-1.0338605839416057,SL,8
SOLUSDT,2025-06,2025-06-06T00:20:00+00:00,-1.021176811594203,-1.021176811594203,SL,5
SOLUSDT,2025-06,2025-06-10T11:10:00+00:00,-1.0792245901639363,5.420775409836087,BE,87
SOLUSDT,2025-06,2025-06-11T00:10:00+00:00,-1.0254191709844558,-1.0254191709844558,SL,3
SOLUSDT,2025-06,2025-06-22T13:20:00+00:00,-1.0083530864197532,-1.0083530864197532,SL,113
SOLUSDT,2025-06,2025-06-29T22:15:00+00:00,-1.0219349514563107,-1.0219349514563107,SL,268
SOLUSDT,2025-06,2025-06-30T21:55:00+00:00,-1.02122466367713,0.7787753363228699,BE,24
SOLUSDT,2025-07,2025-07-03T12:30:00+00:00,13.870391666666661,0.6703916666666455,BE,7
SOLUSDT,2025-07,2025-07-10T00:30:00+00:00,-1.0827526315789442,0.7172473684210559,BE,7
SOLUSDT,2025-07,2025-07-14T13:50:00+00:00,-1.0417674999999993,-1.0417674999999993,SL,71
SOLUSDT,2025-07,2025-07-16T16:00:00+00:00,-1.0543489130434773,-1.0543489130434773,SL,1
SOLUSDT,2025-07,2025-07-17T12:00:00+00:00,-1.0259686567164181,-1.0259686567164181,SL,1
SOLUSDT,2025-08,2025-08-01T13:40:00+00:00,-1.0243057416267942,-1.0243057416267942,SL,21
SOLUSDT,2025-08,2025-08-08T12:15:00+00:00,-1.07275616438356,0.7272438356164246,BE,4
SOLUSDT,2025-08,2025-08-09T01:40:00+00:00,-1.0446024999999994,0.755397499999996,BE,21
SOLUSDT,2025-08,2025-08-09T12:55:00+00:00,-1.0347192307692308,-1.0347192307692308,SL,12
SOLUSDT,2025-08,2025-08-10T08:15:00+00:00,-1.0533394230769235,5.446660576923064,BE,4
SOLUSDT,2025-08,2025-08-11T08:55:00+00:00,13.913239062499999,0.713239062500016,BE,12
SOLUSDT,2025-08,2025-08-13T00:00:00+00:00,-1.1191375000000026,-1.1191375000000026,SL,1
SOLUSDT,2025-08,2025-08-23T00:00:00+00:00,-1.0775207792207782,-1.0775207792207782,SL,1
SOLUSDT,2025-08,2025-08-27T20:10:00+00:00,-1.0763207317073178,5.423679268292682,BE,3
SOLUSDT,2025-08,2025-08-28T12:05:00+00:00,-1.193663636363629,0.606336363636371,BE,2
SOLUSDT,2025-08,2025-08-29T04:00:00+00:00,-1.0250155642023346,-1.0250155642023346,SL,1
SOLUSDT,2025-09,2025-09-08T17:20:00+00:00,-1.0411961538461538,-1.0411961538461538,SL,17
SOLUSDT,2025-09,2025-09-10T04:00:00+00:00,-1.0478919117647063,-1.0478919117647063,SL,1
SOLUSDT,2025-09,2025-09-18T04:00:00+00:00,-1.040564640883978,-1.040564640883978,SL,1
SOLUSDT,2025-09,2025-09-23T03:05:00+00:00,-1.0069827911857292,-1.0069827911857292,SL,182
SOLUSDT,2025-10,2025-10-01T20:15:00+00:00,-1.1610707317073183,0.6389292682926955,BE,4
SOLUSDT,2025-10,2025-10-05T08:00:00+00:00,-1.0494549999999998,-1.0494549999999998,SL,1
SOLUSDT,2025-10,2025-10-06T22:15:00+00:00,13.933957943925233,0.7339579439252333,BE,28
SOLUSDT,2025-10,2025-10-11T00:00:00+00:00,-1.030469306930693,-1.030469306930693,SL,1
SOLUSDT,2025-10,2025-10-26T21:30:00+00:00,-1.1459170731707227,5.354082926829277,BE,19
SOLUSDT,2025-10,2025-10-28T13:15:00+00:00,-1.086674285714287,0.7133257142857291,BE,16
SOLUSDT,2025-10,2025-10-31T00:15:00+00:00,13.872199999999996,13.872199999999996,TP,4
SOLUSDT,2025-11,2025-11-03T16:00:00+00:00,-1.0250285714285714,-1.0250285714285714,SL,1
SOLUSDT,2025-11,2025-11-06T20:30:00+00:00,-1.0899019230769214,0.7100980769230568,BE,7
SOLUSDT,2025-11,2025-11-09T03:20:00+00:00,-1.0209700000000002,0.7790299999999999,BE,425
SOLUSDT,2025-11,2025-11-14T00:50:00+00:00,-1.0594375,0.7405624999999919,BE,11
SOLUSDT,2025-11,2025-11-15T08:25:00+00:00,-1.013139432176656,0.7868605678233404,BE,54
SOLUSDT,2025-11,2025-11-18T00:30:00+00:00,-1.1388357142857137,0.6611642857142457,BE,7
SOLUSDT,2025-11,2025-11-21T18:15:00+00:00,-1.0115751552795031,0.7884248447204951,BE,28
SOLUSDT,2025-11,2025-11-27T00:45:00+00:00,13.94242,0.7424199999999924,BE,10
SOLUSDT,2025-12,2025-12-01T08:10:00+00:00,-1.0865159090909096,0.7134840909091034,BE,3
SOLUSDT,2025-12,2025-12-03T14:05:00+00:00,-1.017802928870293,0.7821970711297023,BE,26
SOLUSDT,2025-12,2025-12-04T06:10:00+00:00,13.96944647887324,0.7694464788732432,BE,27
SOLUSDT,2025-12,2025-12-10T04:40:00+00:00,-1.0151148936170213,0.7848851063829807,BE,57
SOLUSDT,2025-12,2025-12-31T14:05:00+00:00,-1.0229517857142856,0.7770482142857161,BE,650
SOLUSDT,2026-01,2026-01-03T22:35:00+00:00,-1.0157397590361446,-1.0157397590361446,SL,80
SOLUSDT,2026-01,2026-01-07T05:30:00+00:00,-1.0175568464730291,0.782443153526971,BE,19
SOLUSDT,2026-01,2026-01-12T15:15:00+00:00,-1.0223806282722514,0.7776193717277456,BE,88
SOLUSDT,2026-01,2026-01-14T20:10:00+00:00,-1.081677777777779,-1.081677777777779,SL,3
SOLUSDT,2026-01,2026-01-20T08:10:00+00:00,-1.0099640198511166,-1.0099640198511166,SL,291
SOLUSDT,2026-01,2026-01-26T04:40:00+00:00,-1.0406448275862066,5.459355172413793,BE,57
SOLUSDT,2026-01,2026-01-30T01:35:00+00:00,-1.022471337579618,-1.022471337579618,SL,68
SOLUSDT,2026-01,2026-01-31T20:00:00+00:00,-1.0757534883720943,-1.0757534883720943,SL,1
SOLUSDT,2026-02,2026-02-03T20:00:00+00:00,-1.0138540540540542,-1.0138540540540542,SL,1
SOLUSDT,2026-02,2026-02-11T21:30:00+00:00,-1.020963157894737,0.7790368421052682,BE,19
SOLUSDT,2026-02,2026-02-13T00:15:00+00:00,13.965267164179103,0.7652671641790996,BE,4
SOLUSDT,2026-02,2026-02-15T13:05:00+00:00,13.902842857142852,8.902842857142852,BE,14
SOLUSDT,2026-02,2026-02-23T12:00:00+00:00,-1.0554142857142854,5.444585714285731,BE,49
SOLUSDT,2026-02,2026-02-24T14:35:00+00:00,-1.0198724137931034,-1.0198724137931034,SL,80
SOLUSDT,2026-02,2026-02-25T20:00:00+00:00,-1.0505411764705876,-1.0505411764705876,SL,1
SOLUSDT,2026-02,2026-02-27T08:05:00+00:00,-1.1313549999999981,0.6686449999999735,BE,2
