symbol,tp_r,entry_ts_utc,replay_from_ts_utc,exit_ts_utc,entry_idx_4h,side,entry_price,stop_init,risk,tp_price,mfe1,lock1,mfe2,lock2,mfe3,lock3,rsi_l,rsi_h,rsi_window,sl_n,entry_tp_r,fee_bps,baseline_r,managed_r,managed_reason,hold_5m_bars,delta_r,audit_scope
XRPUSDT,1.5,2022-03-09T16:00:00+00:00,2022-03-09T17:00:00+00:00,2022-03-09T17:10:00+00:00,195,1,0.7619,0.7584,0.0035000000000000586,0.7671500000000001,,,,,,,,,14,20,1.5,3.0,1.4346942857142868,1.4346942857142868,TP,3,0.0,all_rows
XRPUSDT,1.5,2022-03-12T01:00:00+00:00,2022-03-12T02:00:00+00:00,2022-03-12T04:10:00+00:00,252,1,0.839,0.8088,0.030200000000000005,0.8843,,,,,,,,,14,20,1.5,3.0,-1.0083344370860927,-1.0083344370860927,SL,27,0.0,all_rows
XRPUSDT,1.5,2022-03-17T13:00:00+00:00,2022-03-17T14:00:00+00:00,2022-03-17T17:10:00+00:00,384,1,0.7966,0.7889,0.007699999999999929,0.8081499999999999,,,,,,,,,14,20,1.5,3.0,-1.031036363636364,-1.031036363636364,SL,39,0.0,all_rows
XRPUSDT,1.5,2022-03-28T14:00:00+00:00,2022-03-28T15:00:00+00:00,2022-03-28T16:15:00+00:00,649,1,0.8854,0.8741,0.011299999999999977,0.90235,,,,,,,,,14,20,1.5,3.0,-1.0235061946902655,-1.0235061946902655,SL,16,0.0,all_rows
XRPUSDT,1.5,2022-03-28T19:00:00+00:00,2022-03-28T20:00:00+00:00,2022-03-28T21:35:00+00:00,654,1,0.8982,0.8856,0.012599999999999945,0.9170999999999999,,,,,,,,,14,20,1.5,3.0,-1.0213857142857143,-1.0213857142857143,SL,20,0.0,all_rows
XRPUSDT,1.5,2022-04-15T21:00:00+00:00,2022-04-15T22:00:00+00:00,2022-04-15T23:20:00+00:00,1040,1,0.7791,0.7749,0.0041999999999999815,0.7854,,,,,,,,,14,20,1.5,3.0,-1.0556500000000002,-1.0556500000000002,SL,17,0.0,all_rows
XRPUSDT,1.5,2022-05-30T21:00:00+00:00,2022-05-30T22:00:00+00:00,2022-06-01T17:00:00+00:00,2120,1,0.4165,0.4035,0.012999999999999956,0.43599999999999994,,,,,,,,,14,20,1.5,3.0,-1.0096115384615385,-1.0096115384615385,SL,517,0.0,all_rows
XRPUSDT,1.5,2022-06-06T10:00:00+00:00,2022-06-06T11:00:00+00:00,2022-06-06T11:10:00+00:00,2277,1,0.4068,0.4056,0.0011999999999999789,0.40859999999999996,,,,,,,,,14,20,1.5,3.0,-1.101700000000002,-1.101700000000002,SL,3,0.0,all_rows
XRPUSDT,1.5,2022-06-24T02:00:00+00:00,2022-06-24T03:00:00+00:00,2022-06-26T02:55:00+00:00,2701,1,0.3644,0.344,0.02040000000000003,0.395,,,,,,,,,14,20,1.5,3.0,-0.010260784313724935,-0.010260784313724935,TIME,576,0.0,all_rows
XRPUSDT,1.5,2022-07-07T15:00:00+00:00,2022-07-07T16:00:00+00:00,2022-07-07T16:40:00+00:00,3026,1,0.3338,0.3312,0.002599999999999991,0.3377,,,,,,,,,14,20,1.5,3.0,1.461484615384626,1.461484615384626,TP,9,0.0,all_rows
XRPUSDT,1.5,2022-07-07T19:00:00+00:00,2022-07-07T20:00:00+00:00,2022-07-08T00:35:00+00:00,3030,1,0.3412,0.3374,0.0038000000000000256,0.34690000000000004,,,,,,,,,14,20,1.5,3.0,1.473063157894737,1.473063157894737,TP,56,0.0,all_rows
XRPUSDT,1.5,2022-07-08T01:00:00+00:00,2022-07-08T02:00:00+00:00,2022-07-08T10:10:00+00:00,3036,1,0.354,0.3434,0.010599999999999998,0.3699,,,,,,,,,14,20,1.5,3.0,-1.0100188679245283,-1.0100188679245283,SL,99,0.0,all_rows
XRPUSDT,1.5,2022-07-15T02:00:00+00:00,2022-07-15T03:00:00+00:00,2022-07-15T11:40:00+00:00,3205,1,0.3436,0.3349,0.008700000000000041,0.3566500000000001,,,,,,,,,14,20,1.5,3.0,-1.0118482758620688,-1.0118482758620688,SL,105,0.0,all_rows
XRPUSDT,1.5,2022-07-16T17:00:00+00:00,2022-07-16T18:00:00+00:00,2022-07-17T17:55:00+00:00,3244,1,0.3512,0.3441,0.007099999999999995,0.36185,,,,,,,,,14,20,1.5,3.0,-1.0148394366197184,-1.0148394366197184,SL,288,0.0,all_rows
XRPUSDT,1.5,2022-07-28T16:00:00+00:00,2022-07-28T17:00:00+00:00,2022-07-30T13:45:00+00:00,3531,1,0.3673,0.3551,0.012199999999999989,0.3856,,,,,,,,,14,20,1.5,3.0,1.4909680327868853,1.4909680327868853,TP,538,0.0,all_rows
XRPUSDT,1.5,2022-07-30T14:00:00+00:00,2022-07-30T15:00:00+00:00,2022-08-01T10:45:00+00:00,3577,1,0.397,0.3743,0.022699999999999998,0.43105000000000004,,,,,,,,,14,20,1.5,3.0,-1.0052466960352422,-1.0052466960352422,SL,526,0.0,all_rows
XRPUSDT,1.5,2022-09-09T05:00:00+00:00,2022-09-09T06:00:00+00:00,2022-09-09T16:00:00+00:00,4552,1,0.3496,0.3454,0.004200000000000037,0.3559000000000001,,,,,,,,,14,20,1.5,3.0,-1.0249714285714284,-1.0249714285714284,SL,121,0.0,all_rows
XRPUSDT,1.5,2022-09-09T20:00:00+00:00,2022-09-09T21:00:00+00:00,2022-09-09T23:00:00+00:00,4567,1,0.3516,0.3475,0.004100000000000048,0.3577500000000001,,,,,,,,,14,20,1.5,3.0,1.4742731707317143,1.4742731707317143,TP,25,0.0,all_rows
XRPUSDT,1.5,2022-09-17T11:00:00+00:00,2022-09-17T12:00:00+00:00,2022-09-17T13:00:00+00:00,4750,1,0.3526,0.3499,0.0027000000000000357,0.3566500000000001,,,,,,,,,14,20,1.5,3.0,1.4608222222222227,1.4608222222222227,TP,13,0.0,all_rows
XRPUSDT,1.5,2022-09-17T14:00:00+00:00,2022-09-17T15:00:00+00:00,2022-09-19T02:15:00+00:00,4753,1,0.3726,0.3546,0.01799999999999996,0.39959999999999996,,,,,,,,,14,20,1.5,3.0,-1.00621,-1.00621,SL,424,0.0,all_rows
XRPUSDT,1.5,2022-09-20T16:00:00+00:00,2022-09-20T17:00:00+00:00,2022-09-21T06:25:00+00:00,4827,1,0.4103,0.399,0.011299999999999977,0.42724999999999996,,,,,,,,,14,20,1.5,3.0,-1.0108929203539823,-1.0108929203539823,SL,162,0.0,all_rows
XRPUSDT,1.5,2022-09-22T18:00:00+00:00,2022-09-22T19:00:00+00:00,2022-09-22T19:45:00+00:00,4877,1,0.4614,0.4375,0.023899999999999977,0.49724999999999997,,,,,,,,,14,20,1.5,3.0,1.494208368200838,1.494208368200838,TP,10,0.0,all_rows
XRPUSDT,1.5,2022-09-22T20:00:00+00:00,2022-09-22T21:00:00+00:00,2022-09-23T02:55:00+00:00,4879,1,0.4797,0.4665,0.01319999999999999,0.4995,,,,,,,,,14,20,1.5,3.0,1.4890977272727273,1.4890977272727273,TP,72,0.0,all_rows
XRPUSDT,1.5,2022-09-23T03:00:00+00:00,2022-09-23T04:00:00+00:00,2022-09-23T10:50:00+00:00,4886,1,0.5382,0.4895,0.04870000000000002,0.6112500000000001,,,,,,,,,14,20,1.5,3.0,-1.0033154004106777,-1.0033154004106777,SL,83,0.0,all_rows
XRPUSDT,1.5,2022-10-05T06:00:00+00:00,2022-10-05T07:00:00+00:00,2022-10-05T08:15:00+00:00,5177,1,0.4847,0.4769,0.007800000000000029,0.49640000000000006,,,,,,,,,14,20,1.5,3.0,-1.0186423076923077,-1.0186423076923077,SL,16,0.0,all_rows
XRPUSDT,1.5,2022-10-07T23:00:00+00:00,2022-10-08T00:00:00+00:00,2022-10-08T03:10:00+00:00,5242,1,0.5173,0.514,0.0032999999999999696,0.5222499999999999,,,,,,,,,14,20,1.5,3.0,1.45297272727271,1.45297272727271,TP,39,0.0,all_rows
XRPUSDT,1.5,2022-10-08T04:00:00+00:00,2022-10-08T05:00:00+00:00,2022-10-08T05:15:00+00:00,5247,1,0.5229,0.5207,0.0021999999999999797,0.5262,,,,,,,,,14,20,1.5,3.0,1.428695454545454,1.428695454545454,TP,4,0.0,all_rows
XRPUSDT,1.5,2022-10-08T17:00:00+00:00,2022-10-08T18:00:00+00:00,2022-10-08T18:10:00+00:00,5260,1,0.5225,0.5207,0.0017999999999999128,0.5251999999999999,,,,,,,,,14,20,1.5,3.0,1.4129166666666932,1.4129166666666932,TP,3,0.0,all_rows
XRPUSDT,1.5,2022-10-09T19:00:00+00:00,2022-10-09T20:00:00+00:00,2022-10-10T00:00:00+00:00,5286,1,0.5395,0.5307,0.00880000000000003,0.5527,,,,,,,,,14,20,1.5,3.0,-1.0183920454545454,-1.0183920454545454,SL,49,0.0,all_rows
XRPUSDT,1.5,2022-11-15T14:00:00+00:00,2022-11-15T15:00:00+00:00,2022-11-15T15:10:00+00:00,6169,1,0.3879,0.3834,0.004500000000000004,0.39465000000000006,,,,,,,,,14,20,1.5,3.0,-1.02586,-1.02586,SL,3,0.0,all_rows
XRPUSDT,1.5,2022-11-24T15:00:00+00:00,2022-11-24T16:00:00+00:00,2022-11-24T17:20:00+00:00,6386,1,0.3889,0.3827,0.006200000000000039,0.3982000000000001,,,,,,,,,14,20,1.5,3.0,1.4811822580645206,1.4811822580645206,TP,17,0.0,all_rows
XRPUSDT,1.5,2022-11-24T18:00:00+00:00,2022-11-24T19:00:00+00:00,2022-11-24T19:40:00+00:00,6389,1,0.3971,0.395,0.0020999999999999908,0.40025,,,,,,,,,14,20,1.5,3.0,1.4432714285714283,1.4432714285714283,TP,9,0.0,all_rows
XRPUSDT,1.5,2022-11-25T07:00:00+00:00,2022-11-25T08:00:00+00:00,2022-11-25T16:30:00+00:00,6402,1,0.4152,0.3998,0.015400000000000025,0.4383,,,,,,,,,14,20,1.5,3.0,-1.0080883116883117,-1.0080883116883117,SL,103,0.0,all_rows
XRPUSDT,1.5,2022-12-26T17:00:00+00:00,2022-12-26T18:00:00+00:00,2022-12-28T05:40:00+00:00,7156,1,0.3644,0.3562,0.008199999999999985,0.3767,,,,,,,,,14,20,1.5,3.0,-1.0133317073170731,-1.0133317073170731,SL,429,0.0,all_rows
XRPUSDT,1.5,2023-01-14T01:00:00+00:00,2023-01-14T02:00:00+00:00,2023-01-14T09:20:00+00:00,7596,1,0.4035,0.3862,0.017300000000000038,0.4294500000000001,,,,,,,,,14,20,1.5,3.0,-1.0069971098265895,-1.0069971098265895,SL,89,0.0,all_rows
XRPUSDT,1.5,2023-01-20T22:00:00+00:00,2023-01-20T23:00:00+00:00,2023-01-20T23:15:00+00:00,7761,1,0.4095,0.4076,0.0018999999999999573,0.4123499999999999,,,,,,,,,14,20,1.5,3.0,1.4353421052631419,1.4353421052631419,TP,4,0.0,all_rows
XRPUSDT,1.5,2023-02-15T11:00:00+00:00,2023-02-15T12:00:00+00:00,2023-02-15T19:15:00+00:00,8374,1,0.3857,0.3825,0.0031999999999999806,0.39049999999999996,,,,,,,,,14,20,1.5,3.0,1.4638406249999998,1.4638406249999998,TP,88,0.0,all_rows
XRPUSDT,1.5,2023-02-15T20:00:00+00:00,2023-02-15T21:00:00+00:00,2023-02-16T22:20:00+00:00,8383,1,0.401,0.3886,0.012400000000000022,0.4196000000000001,,,,,,,,,14,20,1.5,3.0,-1.0097016129032257,-1.0097016129032257,SL,305,0.0,all_rows
XRPUSDT,1.5,2023-03-08T13:00:00+00:00,2023-03-08T14:00:00+00:00,2023-03-08T14:45:00+00:00,8880,1,0.3953,0.3897,0.005599999999999994,0.40369999999999995,,,,,,,,,14,20,1.5,3.0,-1.0211767857142857,-1.0211767857142857,SL,10,0.0,all_rows
XRPUSDT,1.5,2023-03-21T17:00:00+00:00,2023-03-21T18:00:00+00:00,2023-03-21T20:30:00+00:00,9196,1,0.454,0.4319,0.02210000000000001,0.48715,,,,,,,,,14,20,1.5,3.0,1.4938371040723981,1.4938371040723981,TP,31,0.0,all_rows
XRPUSDT,1.5,2023-03-22T05:00:00+00:00,2023-03-22T06:00:00+00:00,2023-03-22T06:20:00+00:00,9208,1,0.469,0.4629,0.006099999999999994,0.47814999999999996,,,,,,,,,14,20,1.5,3.0,-1.023065573770492,-1.023065573770492,SL,5,0.0,all_rows
XRPUSDT,1.5,2023-03-27T12:00:00+00:00,2023-03-27T13:00:00+00:00,2023-03-27T14:50:00+00:00,9335,1,0.481,0.4688,0.012199999999999989,0.49929999999999997,,,,,,,,,14,20,1.5,3.0,-1.0118278688524591,-1.0118278688524591,SL,23,0.0,all_rows
XRPUSDT,1.5,2023-03-28T12:00:00+00:00,2023-03-28T13:00:00+00:00,2023-03-28T18:45:00+00:00,9359,1,0.4977,0.4884,0.009299999999999975,0.5116499999999999,,,,,,,,,14,20,1.5,3.0,1.4839451612903225,1.4839451612903225,TP,70,0.0,all_rows
XRPUSDT,1.5,2023-03-28T19:00:00+00:00,2023-03-28T20:00:00+00:00,2023-03-29T03:25:00+00:00,9366,1,0.5199,0.5092,0.010700000000000043,0.5359500000000001,,,,,,,,,14,20,1.5,3.0,1.4854233644859864,1.4854233644859864,TP,90,0.0,all_rows
XRPUSDT,1.5,2023-03-29T04:00:00+00:00,2023-03-29T05:00:00+00:00,2023-03-29T06:25:00+00:00,9375,1,0.5359,0.5275,0.008400000000000074,0.5485000000000002,,,,,,,,,14,20,1.5,3.0,1.480860714285721,1.480860714285721,TP,18,0.0,all_rows
XRPUSDT,1.5,2023-03-29T08:00:00+00:00,2023-03-29T09:00:00+00:00,2023-03-29T12:05:00+00:00,9379,1,0.5708,0.5486,0.022199999999999998,0.6041,,,,,,,,,14,20,1.5,3.0,-1.0077135135135136,-1.0077135135135136,SL,38,0.0,all_rows
XRPUSDT,1.5,2023-03-29T18:00:00+00:00,2023-03-29T19:00:00+00:00,2023-03-29T20:20:00+00:00,9389,1,0.5519,0.5443,0.00759999999999994,0.5632999999999999,,,,,,,,,14,20,1.5,3.0,-1.0217855263157896,-1.0217855263157896,SL,17,0.0,all_rows
XRPUSDT,1.5,2023-04-11T06:00:00+00:00,2023-04-11T07:00:00+00:00,2023-04-11T16:15:00+00:00,9689,1,0.5246,0.5164,0.008199999999999985,0.5368999999999999,,,,,,,,,14,20,1.5,3.0,-1.0191926829268294,-1.0191926829268294,SL,112,0.0,all_rows
XRPUSDT,1.5,2023-04-14T06:00:00+00:00,2023-04-14T07:00:00+00:00,2023-04-14T12:55:00+00:00,9761,1,0.5347,0.5241,0.010599999999999943,0.5505999999999999,,,,,,,,,14,20,1.5,3.0,-1.0151330188679246,-1.0151330188679246,SL,72,0.0,all_rows
XRPUSDT,1.5,2023-04-19T05:00:00+00:00,2023-04-19T06:00:00+00:00,2023-04-19T06:15:00+00:00,9880,1,0.5321,0.5278,0.0042999999999999705,0.53855,,,,,,,,,14,20,1.5,3.0,-1.0371232558139538,-1.0371232558139538,SL,4,0.0,all_rows
XRPUSDT,1.5,2023-04-26T13:00:00+00:00,2023-04-26T14:00:00+00:00,2023-04-26T14:20:00+00:00,10056,1,0.4789,0.4746,0.0042999999999999705,0.48534999999999995,,,,,,,,,14,20,1.5,3.0,-1.033411627906977,-1.033411627906977,SL,5,0.0,all_rows
XRPUSDT,1.5,2023-05-17T02:00:00+00:00,2023-05-17T03:00:00+00:00,2023-05-17T06:45:00+00:00,10549,1,0.4549,0.4489,0.006000000000000005,0.46390000000000003,,,,,,,,,14,20,1.5,3.0,-1.022745,-1.022745,SL,46,0.0,all_rows
XRPUSDT,1.5,2023-05-18T11:00:00+00:00,2023-05-18T12:00:00+00:00,2023-05-20T11:55:00+00:00,10582,1,0.4651,0.4469,0.018199999999999994,0.4924,,,,,,,,,14,20,1.5,3.0,0.09123461538461367,0.09123461538461367,TIME,576,0.0,all_rows
XRPUSDT,1.5,2023-05-28T18:00:00+00:00,2023-05-28T19:00:00+00:00,2023-05-28T21:45:00+00:00,10829,1,0.4768,0.4729,0.0039000000000000146,0.48265,,,,,,,,,14,20,1.5,3.0,1.4633230769230772,1.4633230769230772,TP,34,0.0,all_rows
XRPUSDT,1.5,2023-05-28T22:00:00+00:00,2023-05-28T23:00:00+00:00,2023-05-29T04:20:00+00:00,10833,1,0.4837,0.4779,0.005800000000000027,0.49240000000000006,,,,,,,,,14,20,1.5,3.0,-1.0250189655172413,-1.0250189655172413,SL,65,0.0,all_rows
XRPUSDT,1.5,2023-05-30T04:00:00+00:00,2023-05-30T05:00:00+00:00,2023-05-30T16:05:00+00:00,10863,1,0.5032,0.4926,0.010599999999999998,0.5191,,,,,,,,,14,20,1.5,3.0,1.4857584905660404,1.4857584905660404,TP,134,0.0,all_rows
XRPUSDT,1.5,2023-05-30T17:00:00+00:00,2023-05-30T18:00:00+00:00,2023-05-30T21:25:00+00:00,10876,1,0.524,0.5093,0.014700000000000046,0.5460500000000001,,,,,,,,,14,20,1.5,3.0,-1.0106938775510204,-1.0106938775510204,SL,42,0.0,all_rows
XRPUSDT,1.5,2023-06-02T19:00:00+00:00,2023-06-02T20:00:00+00:00,2023-06-03T13:20:00+00:00,10950,1,0.5264,0.5187,0.007699999999999929,0.5379499999999999,,,,,,,,,14,20,1.5,3.0,-1.020509090909091,-1.020509090909091,SL,209,0.0,all_rows
XRPUSDT,1.5,2023-06-04T15:00:00+00:00,2023-06-04T16:00:00+00:00,2023-06-05T15:15:00+00:00,10994,1,0.5357,0.5265,0.009199999999999986,0.5494999999999999,,,,,,,,,14,20,1.5,3.0,-1.0174684782608696,-1.0174684782608696,SL,280,0.0,all_rows
XRPUSDT,1.5,2023-06-13T11:00:00+00:00,2023-06-13T12:00:00+00:00,2023-06-13T12:40:00+00:00,11206,1,0.5614,0.5302,0.031200000000000006,0.6082000000000001,,,,,,,,,14,20,1.5,3.0,-1.0053980769230768,-1.0053980769230768,SL,9,0.0,all_rows
XRPUSDT,1.5,2023-06-22T03:00:00+00:00,2023-06-22T04:00:00+00:00,2023-06-22T06:10:00+00:00,11414,1,0.5163,0.5079,0.008399999999999963,0.5288999999999999,,,,,,,,,14,20,1.5,3.0,-1.0184392857142859,-1.0184392857142859,SL,27,0.0,all_rows
XRPUSDT,1.5,2023-07-13T18:00:00+00:00,2023-07-13T19:00:00+00:00,2023-07-15T18:55:00+00:00,11933,1,0.7884,0.6217,0.16669999999999996,1.0384499999999999,,,,,,,,,14,20,1.5,3.0,-0.38174277144571106,-0.38174277144571106,TIME,576,0.0,all_rows
XRPUSDT,1.5,2023-07-16T15:00:00+00:00,2023-07-16T16:00:00+00:00,2023-07-16T19:40:00+00:00,12002,1,0.771,0.7501,0.02090000000000003,0.8023500000000001,,,,,,,,,14,20,1.5,3.0,-1.011066985645933,-1.011066985645933,SL,45,0.0,all_rows
XRPUSDT,1.5,2023-07-19T03:00:00+00:00,2023-07-19T04:00:00+00:00,2023-07-19T04:10:00+00:00,12062,1,0.7977,0.7875,0.010199999999999987,0.813,,,,,,,,,14,20,1.5,3.0,-1.0234617647058823,-1.0234617647058823,SL,3,0.0,all_rows
XRPUSDT,1.5,2023-07-19T18:00:00+00:00,2023-07-19T19:00:00+00:00,2023-07-20T09:00:00+00:00,12077,1,0.8317,0.8046,0.027100000000000013,0.87235,,,,,,,,,14,20,1.5,3.0,-1.0092070110701108,-1.0092070110701108,SL,169,0.0,all_rows
XRPUSDT,1.5,2023-09-15T03:00:00+00:00,2023-09-15T04:00:00+00:00,2023-09-15T04:45:00+00:00,13454,1,0.4977,0.4927,0.004999999999999949,0.5051999999999999,,,,,,,,,14,20,1.5,3.0,1.4701379999999942,1.4701379999999942,TP,10,0.0,all_rows
XRPUSDT,1.5,2023-09-15T05:00:00+00:00,2023-09-15T06:00:00+00:00,2023-09-15T06:10:00+00:00,13456,1,0.5007,0.4979,0.0028000000000000247,0.5049000000000001,,,,,,,,,14,20,1.5,3.0,-1.0536464285714282,-1.0536464285714282,SL,3,0.0,all_rows
XRPUSDT,1.5,2023-10-23T23:00:00+00:00,2023-10-24T00:00:00+00:00,2023-10-24T05:55:00+00:00,14386,1,0.5476,0.5396,0.008000000000000007,0.5596,,,,,,,,,14,20,1.5,3.0,-1.020535,-1.020535,SL,72,0.0,all_rows
XRPUSDT,1.5,2023-10-24T09:00:00+00:00,2023-10-24T10:00:00+00:00,2023-10-24T12:15:00+00:00,14396,1,0.5484,0.5432,0.005199999999999982,0.5562,,,,,,,,,14,20,1.5,3.0,1.468361538461549,1.468361538461549,TP,28,0.0,all_rows
XRPUSDT,1.5,2023-10-24T13:00:00+00:00,2023-10-24T14:00:00+00:00,2023-10-24T15:30:00+00:00,14400,1,0.5772,0.5538,0.023400000000000087,0.6123000000000002,,,,,,,,,14,20,1.5,3.0,-1.0074,-1.0074,SL,19,0.0,all_rows
XRPUSDT,1.5,2023-10-30T14:00:00+00:00,2023-10-30T15:00:00+00:00,2023-10-31T07:50:00+00:00,14545,1,0.5821,0.5678,0.01429999999999998,0.6035499999999999,,,,,,,,,14,20,1.5,3.0,-1.0122118881118882,-1.0122118881118882,SL,203,0.0,all_rows
XRPUSDT,1.5,2023-10-31T11:00:00+00:00,2023-10-31T12:00:00+00:00,2023-11-02T11:55:00+00:00,14566,1,0.6044,0.5762,0.028200000000000003,0.6467,,,,,,,,,14,20,1.5,3.0,0.4510170212765926,0.4510170212765926,TIME,576,0.0,all_rows
XRPUSDT,1.5,2023-11-05T10:00:00+00:00,2023-11-05T11:00:00+00:00,2023-11-05T19:35:00+00:00,14685,1,0.6394,0.6247,0.014699999999999935,0.6614499999999999,,,,,,,,,14,20,1.5,3.0,1.4869510204081633,1.4869510204081633,TP,104,0.0,all_rows
XRPUSDT,1.5,2023-11-06T00:00:00+00:00,2023-11-06T01:00:00+00:00,2023-11-06T14:10:00+00:00,14699,1,0.6849,0.6532,0.03169999999999995,0.7324499999999998,,,,,,,,,14,20,1.5,3.0,1.4935182965299667,1.4935182965299667,TP,159,0.0,all_rows
XRPUSDT,1.5,2023-11-06T22:00:00+00:00,2023-11-06T23:00:00+00:00,2023-11-06T23:05:00+00:00,14721,1,0.722,0.7171,0.0049000000000000155,0.7293499999999999,,,,,,,,,14,20,1.5,3.0,-1.044204081632653,-1.044204081632653,SL,2,0.0,all_rows
XRPUSDT,1.5,2023-12-03T11:00:00+00:00,2023-12-03T12:00:00+00:00,2023-12-03T12:50:00+00:00,15358,1,0.6287,0.6214,0.007300000000000084,0.6396500000000002,,,,,,,,,14,20,1.5,3.0,-1.0258369863013697,-1.0258369863013697,SL,11,0.0,all_rows
XRPUSDT,1.5,2023-12-08T16:00:00+00:00,2023-12-08T17:00:00+00:00,2023-12-09T04:10:00+00:00,15483,1,0.6686,0.6554,0.01319999999999999,0.6883999999999999,,,,,,,,,14,20,1.5,3.0,1.4848045454545413,1.4848045454545413,TP,135,0.0,all_rows
XRPUSDT,1.5,2023-12-09T05:00:00+00:00,2023-12-09T06:00:00+00:00,2023-12-09T08:35:00+00:00,15496,1,0.6867,0.6773,0.009399999999999964,0.7007999999999999,,,,,,,,,14,20,1.5,3.0,-1.0219159574468086,-1.0219159574468086,SL,32,0.0,all_rows
XRPUSDT,1.5,2024-01-02T10:00:00+00:00,2024-01-02T11:00:00+00:00,2024-01-02T11:30:00+00:00,16077,1,0.6374,0.6344,0.0030000000000000027,0.6418999999999999,,,,,,,,,14,20,1.5,3.0,-1.06374,-1.06374,SL,7,0.0,all_rows
XRPUSDT,1.5,2024-01-11T11:00:00+00:00,2024-01-11T12:00:00+00:00,2024-01-11T15:40:00+00:00,16294,1,0.612,0.602,0.010000000000000009,0.627,,,,,,,,,14,20,1.5,3.0,-1.01836,-1.01836,SL,45,0.0,all_rows
XRPUSDT,1.5,2024-02-09T09:00:00+00:00,2024-02-09T10:00:00+00:00,2024-02-09T14:20:00+00:00,16988,1,0.5226,0.5185,0.0040999999999999925,0.5287499999999999,,,,,,,,,14,20,1.5,3.0,-1.038239024390244,-1.038239024390244,SL,53,0.0,all_rows
XRPUSDT,1.5,2024-02-11T10:00:00+00:00,2024-02-11T11:00:00+00:00,2024-02-11T13:20:00+00:00,17037,1,0.5333,0.529,0.0042999999999999705,0.53975,,,,,,,,,14,20,1.5,3.0,-1.0372069767441863,-1.0372069767441863,SL,29,0.0,all_rows
XRPUSDT,1.5,2024-02-15T04:00:00+00:00,2024-02-15T05:00:00+00:00,2024-02-15T05:45:00+00:00,17127,1,0.5539,0.5468,0.007099999999999995,0.5645499999999999,,,,,,,,,14,20,1.5,3.0,-1.0234042253521127,-1.0234042253521127,SL,10,0.0,all_rows
XRPUSDT,1.5,2024-02-15T10:00:00+00:00,2024-02-15T11:00:00+00:00,2024-02-15T11:35:00+00:00,17133,1,0.5534,0.5503,0.0030999999999999917,0.5580499999999999,,,,,,,,,14,20,1.5,3.0,-1.0535548387096776,-1.0535548387096776,SL,8,0.0,all_rows
XRPUSDT,1.5,2024-02-15T21:00:00+00:00,2024-02-15T22:00:00+00:00,2024-02-16T03:30:00+00:00,17144,1,0.564,0.5553,0.00869999999999993,0.5770499999999998,,,,,,,,,14,20,1.5,3.0,1.480551724137931,1.480551724137931,TP,67,0.0,all_rows
XRPUSDT,1.5,2024-02-16T11:00:00+00:00,2024-02-16T12:00:00+00:00,2024-02-16T14:05:00+00:00,17158,1,0.5718,0.5669,0.0049000000000000155,0.57915,,,,,,,,,14,20,1.5,3.0,-1.035008163265306,-1.035008163265306,SL,26,0.0,all_rows
XRPUSDT,1.5,2024-02-27T10:00:00+00:00,2024-02-27T11:00:00+00:00,2024-02-27T13:00:00+00:00,17421,1,0.5603,0.5562,0.0040999999999999925,0.56645,,,,,,,,,14,20,1.5,3.0,-1.04099756097561,-1.04099756097561,SL,25,0.0,all_rows
XRPUSDT,1.5,2024-02-27T18:00:00+00:00,2024-02-27T19:00:00+00:00,2024-02-27T19:40:00+00:00,17429,1,0.5796,0.5685,0.011099999999999999,0.59625,,,,,,,,,14,20,1.5,3.0,1.48433513513513,1.48433513513513,TP,9,0.0,all_rows
XRPUSDT,1.5,2024-02-28T08:00:00+00:00,2024-02-28T09:00:00+00:00,2024-02-28T11:50:00+00:00,17443,1,0.5891,0.5801,0.009000000000000008,0.6026,,,,,,,,,14,20,1.5,3.0,-1.0196366666666667,-1.0196366666666667,SL,35,0.0,all_rows
XRPUSDT,1.5,2024-03-02T03:00:00+00:00,2024-03-02T04:00:00+00:00,2024-03-02T05:15:00+00:00,17510,1,0.6319,0.6254,0.006500000000000061,0.64165,,,,,,,,,14,20,1.5,3.0,-1.029164615384615,-1.029164615384615,SL,16,0.0,all_rows
XRPUSDT,1.5,2024-04-20T18:00:00+00:00,2024-04-20T19:00:00+00:00,2024-04-20T19:10:00+00:00,18701,1,0.5251,0.5232,0.0019000000000000128,0.52795,,,,,,,,,14,20,1.5,3.0,-1.082910526315789,-1.082910526315789,SL,3,0.0,all_rows
XRPUSDT,1.5,2024-04-22T21:00:00+00:00,2024-04-22T22:00:00+00:00,2024-04-22T23:45:00+00:00,18752,1,0.5585,0.5547,0.0038000000000000256,0.5642,,,,,,,,,14,20,1.5,3.0,-1.0440921052631575,-1.0440921052631575,SL,22,0.0,all_rows
XRPUSDT,1.5,2024-06-16T10:00:00+00:00,2024-06-16T11:00:00+00:00,2024-06-16T13:35:00+00:00,20061,1,0.498,0.4899,0.008099999999999996,0.51015,,,,,,,,,14,20,1.5,3.0,-1.0184444444444445,-1.0184444444444445,SL,32,0.0,all_rows
XRPUSDT,1.5,2024-07-11T12:00:00+00:00,2024-07-11T13:00:00+00:00,2024-07-11T14:20:00+00:00,20663,1,0.4511,0.4469,0.0041999999999999815,0.4574,,,,,,,,,14,20,1.5,3.0,-1.0322214285714286,-1.0322214285714286,SL,17,0.0,all_rows
XRPUSDT,1.5,2024-07-12T08:00:00+00:00,2024-07-12T09:00:00+00:00,2024-07-12T09:40:00+00:00,20683,1,0.4663,0.4594,0.006900000000000017,0.47665,,,,,,,,,14,20,1.5,3.0,1.4797260869565219,1.4797260869565219,TP,9,0.0,all_rows
XRPUSDT,1.5,2024-07-12T17:00:00+00:00,2024-07-12T18:00:00+00:00,2024-07-12T18:30:00+00:00,20692,1,0.4667,0.4647,0.0020000000000000018,0.4697,,,,,,,,,14,20,1.5,3.0,1.4299950000000001,1.4299950000000001,TP,7,0.0,all_rows
XRPUSDT,1.5,2024-07-12T23:00:00+00:00,2024-07-13T00:00:00+00:00,2024-07-13T01:00:00+00:00,20698,1,0.4742,0.4712,0.0030000000000000027,0.4787,,,,,,,,,14,20,1.5,3.0,1.45258,1.45258,TP,13,0.0,all_rows
XRPUSDT,1.5,2024-07-13T02:00:00+00:00,2024-07-13T03:00:00+00:00,2024-07-13T05:05:00+00:00,20701,1,0.4854,0.4756,0.009799999999999975,0.5001,,,,,,,,,14,20,1.5,3.0,1.4851408163265334,1.4851408163265334,TP,26,0.0,all_rows
XRPUSDT,1.5,2024-07-13T06:00:00+00:00,2024-07-13T07:00:00+00:00,2024-07-13T15:05:00+00:00,20705,1,0.5105,0.4994,0.011099999999999943,0.5271499999999999,,,,,,,,,14,20,1.5,3.0,1.4862027027027052,1.4862027027027052,TP,98,0.0,all_rows
XRPUSDT,1.5,2024-07-13T16:00:00+00:00,2024-07-13T17:00:00+00:00,2024-07-13T19:15:00+00:00,20715,1,0.5324,0.5226,0.009800000000000031,0.5471,,,,,,,,,14,20,1.5,3.0,1.4837020408163266,1.4837020408163266,TP,28,0.0,all_rows
XRPUSDT,1.5,2024-07-16T01:00:00+00:00,2024-07-16T02:00:00+00:00,2024-07-16T06:50:00+00:00,20772,1,0.5533,0.538,0.01529999999999998,0.5762499999999999,,,,,,,,,14,20,1.5,3.0,-1.0108490196078432,-1.0108490196078432,SL,59,0.0,all_rows
XRPUSDT,1.5,2024-07-16T14:00:00+00:00,2024-07-16T15:00:00+00:00,2024-07-17T11:25:00+00:00,20785,1,0.5785,0.5492,0.029299999999999993,0.62245,,,,,,,,,14,20,1.5,3.0,1.4940767918088718,1.4940767918088718,TP,246,0.0,all_rows
XRPUSDT,1.5,2024-07-31T01:00:00+00:00,2024-07-31T02:00:00+00:00,2024-07-31T16:45:00+00:00,21132,1,0.6492,0.6303,0.018900000000000028,0.6775500000000001,,,,,,,,,14,20,1.5,3.0,-1.0103047619047618,-1.0103047619047618,SL,178,0.0,all_rows
XRPUSDT,1.5,2024-08-19T18:00:00+00:00,2024-08-19T19:00:00+00:00,2024-08-20T15:05:00+00:00,21605,1,0.6041,0.5875,0.016599999999999948,0.6289999999999999,,,,,,,,,14,20,1.5,3.0,-1.010917469879518,-1.010917469879518,SL,242,0.0,all_rows
XRPUSDT,1.5,2024-08-24T14:00:00+00:00,2024-08-24T15:00:00+00:00,2024-08-24T21:05:00+00:00,21721,1,0.6246,0.6155,0.009099999999999997,0.63825,,,,,,,,,14,20,1.5,3.0,-1.0205912087912088,-1.0205912087912088,SL,74,0.0,all_rows
XRPUSDT,1.5,2024-09-12T18:00:00+00:00,2024-09-12T19:00:00+00:00,2024-09-12T21:00:00+00:00,22181,1,0.5613,0.5587,0.0026000000000000467,0.5652000000000001,,,,,,,,,14,20,1.5,3.0,1.4352346153846378,1.4352346153846378,TP,25,0.0,all_rows
XRPUSDT,1.5,2024-09-13T04:00:00+00:00,2024-09-13T05:00:00+00:00,2024-09-14T09:15:00+00:00,22191,1,0.5692,0.5581,0.011099999999999999,0.58585,,,,,,,,,14,20,1.5,3.0,1.484616216216211,1.484616216216211,TP,340,0.0,all_rows
XRPUSDT,1.5,2024-09-22T01:00:00+00:00,2024-09-22T02:00:00+00:00,2024-09-22T02:10:00+00:00,22404,1,0.6015,0.599,0.0025000000000000577,0.6052500000000001,,,,,,,,,14,20,1.5,3.0,-1.0721799999999984,-1.0721799999999984,SL,3,0.0,all_rows
XRPUSDT,1.5,2024-09-28T14:00:00+00:00,2024-09-28T15:00:00+00:00,2024-09-28T15:30:00+00:00,22561,1,0.6191,0.6177,0.0013999999999999568,0.6212,,,,,,,,,14,20,1.5,3.0,-1.1326642857142897,-1.1326642857142897,SL,7,0.0,all_rows
XRPUSDT,1.5,2024-09-29T15:00:00+00:00,2024-09-29T16:00:00+00:00,2024-09-30T10:00:00+00:00,22586,1,0.6596,0.633,0.026599999999999957,0.6994999999999999,,,,,,,,,14,20,1.5,3.0,-1.007439097744361,-1.007439097744361,SL,217,0.0,all_rows
XRPUSDT,1.5,2024-10-15T02:00:00+00:00,2024-10-15T03:00:00+00:00,2024-10-15T03:25:00+00:00,22957,1,0.5514,0.5498,0.0016000000000000458,0.5538000000000001,,,,,,,,,14,20,1.5,3.0,-1.103387499999997,-1.103387499999997,SL,6,0.0,all_rows
XRPUSDT,1.5,2024-10-29T17:00:00+00:00,2024-10-29T18:00:00+00:00,2024-10-29T19:30:00+00:00,23308,1,0.5289,0.5259,0.0030000000000000027,0.5334000000000001,,,,,,,,,14,20,1.5,3.0,-1.0528899999999999,-1.0528899999999999,SL,19,0.0,all_rows
XRPUSDT,1.5,2024-11-06T21:00:00+00:00,2024-11-06T22:00:00+00:00,2024-11-07T03:05:00+00:00,23504,1,0.544,0.5363,0.00770000000000004,0.5555500000000001,,,,,,,,,14,20,1.5,3.0,1.478805194805195,1.478805194805195,TP,62,0.0,all_rows
XRPUSDT,1.5,2024-11-07T04:00:00+00:00,2024-11-07T05:00:00+00:00,2024-11-07T06:35:00+00:00,23511,1,0.5572,0.5528,0.0044000000000000705,0.5638000000000001,,,,,,,,,14,20,1.5,3.0,-1.0379909090909085,-1.0379909090909085,SL,20,0.0,all_rows
XRPUSDT,1.5,2024-11-10T13:00:00+00:00,2024-11-10T14:00:00+00:00,2024-11-10T20:40:00+00:00,23592,1,0.6115,0.5876,0.023900000000000032,0.6473500000000001,,,,,,,,,14,20,1.5,3.0,-1.0076757322175731,-1.0076757322175731,SL,81,0.0,all_rows
XRPUSDT,1.5,2024-11-12T08:00:00+00:00,2024-11-12T09:00:00+00:00,2024-11-12T10:50:00+00:00,23635,1,0.6863,0.6093,0.07700000000000007,0.8018000000000001,,,,,,,,,14,20,1.5,3.0,-1.0026738961038961,-1.0026738961038961,SL,23,0.0,all_rows
XRPUSDT,1.5,2024-11-12T15:00:00+00:00,2024-11-12T16:00:00+00:00,2024-11-12T20:10:00+00:00,23642,1,0.6792,0.6562,0.02300000000000002,0.7137,,,,,,,,,14,20,1.5,3.0,1.4911408695652149,1.4911408695652149,TP,51,0.0,all_rows
XRPUSDT,1.5,2024-11-12T21:00:00+00:00,2024-11-12T22:00:00+00:00,2024-11-13T01:20:00+00:00,23648,1,0.7236,0.6982,0.025399999999999978,0.7617,,,,,,,,,14,20,1.5,3.0,-1.0085464566929134,-1.0085464566929134,SL,41,0.0,all_rows
XRPUSDT,1.5,2024-11-14T18:00:00+00:00,2024-11-14T19:00:00+00:00,2024-11-14T21:35:00+00:00,23693,1,0.7742,0.7327,0.04149999999999998,0.8364499999999999,,,,,,,,,14,20,1.5,3.0,1.4944033734939746,1.4944033734939746,TP,32,0.0,all_rows
XRPUSDT,1.5,2024-11-15T02:00:00+00:00,2024-11-15T03:00:00+00:00,2024-11-15T04:35:00+00:00,23701,1,0.8281,0.8006,0.02749999999999997,0.8693499999999998,,,,,,,,,14,20,1.5,3.0,-1.0090338181818181,-1.0090338181818181,SL,20,0.0,all_rows
XRPUSDT,1.5,2024-11-15T13:00:00+00:00,2024-11-15T14:00:00+00:00,2024-11-16T04:45:00+00:00,23712,1,0.8777,0.8351,0.04260000000000008,0.9416000000000002,,,,,,,,,14,20,1.5,3.0,1.4938190140845085,1.4938190140845085,TP,178,0.0,all_rows
XRPUSDT,1.5,2024-11-16T05:00:00+00:00,2024-11-16T06:00:00+00:00,2024-11-16T11:10:00+00:00,23728,1,0.983,0.9196,0.06340000000000001,1.0781,,,,,,,,,14,20,1.5,3.0,1.4953485804416413,1.4953485804416413,TP,63,0.0,all_rows
XRPUSDT,1.5,2024-11-16T14:00:00+00:00,2024-11-16T15:00:00+00:00,2024-11-17T01:50:00+00:00,23737,1,1.1945,1.0641,0.13039999999999985,1.3900999999999997,,,,,,,,,14,20,1.5,3.0,-1.0027480828220858,-1.0027480828220858,SL,131,0.0,all_rows
XRPUSDT,1.5,2024-11-22T00:00:00+00:00,2024-11-22T01:00:00+00:00,2024-11-22T02:10:00+00:00,23867,1,1.2831,1.2092,0.07389999999999985,1.3939499999999998,,,,,,,,,14,20,1.5,3.0,1.4947912043301774,1.4947912043301774,TP,15,0.0,all_rows
XRPUSDT,1.5,2024-11-22T12:00:00+00:00,2024-11-22T13:00:00+00:00,2024-11-22T13:25:00+00:00,23879,1,1.4791,1.4142,0.06490000000000018,1.5764500000000004,,,,,,,,,14,20,1.5,3.0,-1.0068371340523883,-1.0068371340523883,SL,6,0.0,all_rows
XRPUSDT,1.5,2024-11-23T01:00:00+00:00,2024-11-23T02:00:00+00:00,2024-11-23T16:20:00+00:00,23892,1,1.5919,1.4758,0.11610000000000009,1.7660500000000003,,,,,,,,,14,20,1.5,3.0,-1.0041134366925064,-1.0041134366925064,SL,173,0.0,all_rows
XRPUSDT,1.5,2024-11-29T07:00:00+00:00,2024-11-29T08:00:00+00:00,2024-11-29T09:15:00+00:00,24042,1,1.5908,1.5712,0.019600000000000062,1.6202,,,,,,,,,14,20,1.5,3.0,1.4756510204081634,1.4756510204081634,TP,16,0.0,all_rows
XRPUSDT,1.5,2024-11-29T15:00:00+00:00,2024-11-29T16:00:00+00:00,2024-11-29T16:00:00+00:00,24050,1,1.7116,1.705,0.006599999999999939,1.7214999999999998,,,,,,,,,14,20,1.5,3.0,1.4221999999999824,1.4221999999999824,TP,1,0.0,all_rows
XRPUSDT,1.5,2024-11-30T06:00:00+00:00,2024-11-30T07:00:00+00:00,2024-11-30T10:15:00+00:00,24065,1,1.8995,1.8588,0.04069999999999996,1.96055,,,,,,,,,14,20,1.5,3.0,-1.0140012285012285,-1.0140012285012285,SL,40,0.0,all_rows
XRPUSDT,1.5,2024-12-01T19:00:00+00:00,2024-12-01T20:00:00+00:00,2024-12-02T00:55:00+00:00,24102,1,2.126,1.9341,0.19189999999999996,2.41385,,,,,,,,,14,20,1.5,3.0,1.4966763939551861,1.4966763939551861,TP,60,0.0,all_rows
XRPUSDT,1.5,2024-12-02T15:00:00+00:00,2024-12-02T16:00:00+00:00,2024-12-03T13:50:00+00:00,24122,1,2.7005,2.4596,0.2408999999999999,3.0618499999999997,,,,,,,,,14,20,1.5,3.0,-1.0033630136986302,-1.0033630136986302,SL,263,0.0,all_rows
XRPUSDT,1.5,2024-12-08T00:00:00+00:00,2024-12-08T01:00:00+00:00,2024-12-08T04:15:00+00:00,24251,1,2.5826,2.5587,0.02389999999999981,2.6184499999999993,,,,,,,,,14,20,1.5,3.0,-1.0324175732217575,-1.0324175732217575,SL,40,0.0,all_rows
XRPUSDT,1.5,2024-12-17T09:00:00+00:00,2024-12-17T10:00:00+00:00,2024-12-17T10:15:00+00:00,24476,1,2.5881,2.5531,0.0349999999999997,2.640599999999999,,,,,,,,,14,20,1.5,3.0,1.4778162857142791,1.4778162857142791,TP,4,0.0,all_rows
XRPUSDT,1.5,2024-12-17T11:00:00+00:00,2024-12-17T12:00:00+00:00,2024-12-17T15:15:00+00:00,24478,1,2.6887,2.5918,0.09689999999999976,2.8340499999999995,,,,,,,,,14,20,1.5,3.0,-1.008324148606811,-1.008324148606811,SL,40,0.0,all_rows
XRPUSDT,1.5,2025-01-01T19:00:00+00:00,2025-01-01T20:00:00+00:00,2025-01-02T00:10:00+00:00,24846,1,2.3171,2.2654,0.05169999999999986,2.3946499999999995,,,,,,,,,14,20,1.5,3.0,1.4865545454545412,1.4865545454545412,TP,51,0.0,all_rows
XRPUSDT,1.5,2025-01-02T01:00:00+00:00,2025-01-02T02:00:00+00:00,2025-01-02T06:25:00+00:00,24852,1,2.4007,2.3519,0.048799999999999955,2.4739,,,,,,,,,14,20,1.5,3.0,-1.0147584016393443,-1.0147584016393443,SL,54,0.0,all_rows
XRPUSDT,1.5,2025-01-11T17:00:00+00:00,2025-01-11T18:00:00+00:00,2025-01-11T20:45:00+00:00,25084,1,2.4814,2.416,0.0653999999999999,2.5794999999999995,,,,,,,,,14,20,1.5,3.0,1.4886174311926572,1.4886174311926572,TP,34,0.0,all_rows
XRPUSDT,1.5,2025-01-11T21:00:00+00:00,2025-01-11T22:00:00+00:00,2025-01-11T22:30:00+00:00,25088,1,2.5737,2.5321,0.0416000000000003,2.6361000000000008,,,,,,,,,14,20,1.5,3.0,-1.0185603365384615,-1.0185603365384615,SL,7,0.0,all_rows
XRPUSDT,1.5,2025-01-14T17:00:00+00:00,2025-01-14T18:00:00+00:00,2025-01-15T01:30:00+00:00,25156,1,2.6557,2.5905,0.06519999999999992,2.7535,,,,,,,,,14,20,1.5,3.0,1.4877805214723927,1.4877805214723927,TP,91,0.0,all_rows
XRPUSDT,1.5,2025-01-15T02:00:00+00:00,2025-01-15T03:00:00+00:00,2025-01-15T22:45:00+00:00,25165,1,2.8475,2.6831,0.1644000000000001,3.0941,,,,,,,,,14,20,1.5,3.0,1.494803832116787,1.494803832116787,TP,238,0.0,all_rows
XRPUSDT,1.5,2025-01-16T07:00:00+00:00,2025-01-16T08:00:00+00:00,2025-01-16T08:15:00+00:00,25194,1,3.0897,3.0756,0.014100000000000001,3.11085,,,,,,,,,14,20,1.5,3.0,1.4342617021276596,1.4342617021276596,TP,4,0.0,all_rows
XRPUSDT,1.5,2025-01-16T12:00:00+00:00,2025-01-16T13:00:00+00:00,2025-01-18T05:50:00+00:00,25199,1,3.3383,3.1105,0.22779999999999978,3.6799999999999997,,,,,,,,,14,20,1.5,3.0,-1.004396356453029,-1.004396356453029,SL,491,0.0,all_rows
XRPUSDT,1.5,2025-02-14T08:00:00+00:00,2025-02-14T09:00:00+00:00,2025-02-16T08:55:00+00:00,25891,1,2.6938,2.5629,0.13090000000000002,2.89015,,,,,,,,,14,20,1.5,3.0,0.5392808250572966,0.5392808250572966,TIME,576,0.0,all_rows
XRPUSDT,1.5,2025-03-02T16:00:00+00:00,2025-03-02T17:00:00+00:00,2025-03-04T01:40:00+00:00,26283,1,2.8466,2.2579,0.5887000000000002,3.7296500000000004,,,,,,,,,14,20,1.5,3.0,-1.001450620010192,-1.001450620010192,SL,393,0.0,all_rows
XRPUSDT,1.5,2025-03-19T23:00:00+00:00,2025-03-20T00:00:00+00:00,2025-03-20T00:20:00+00:00,26698,1,2.5457,2.5194,0.02629999999999999,2.58515,,,,,,,,,14,20,1.5,3.0,-1.0290384030418251,-1.0290384030418251,SL,5,0.0,all_rows
XRPUSDT,1.5,2025-04-12T14:00:00+00:00,2025-04-12T15:00:00+00:00,2025-04-14T14:55:00+00:00,27265,1,2.1526,2.0725,0.08010000000000028,2.2727500000000003,,,,,,,,,14,20,1.5,3.0,0.07433483146067037,0.07433483146067037,TIME,576,0.0,all_rows
XRPUSDT,1.5,2025-04-22T22:00:00+00:00,2025-04-22T23:00:00+00:00,2025-04-23T08:40:00+00:00,27513,1,2.2082,2.1591,0.049100000000000144,2.2818500000000004,,,,,,,,,14,20,1.5,3.0,1.4865079429735235,1.4865079429735235,TP,117,0.0,all_rows
XRPUSDT,1.5,2025-04-23T09:00:00+00:00,2025-04-23T10:00:00+00:00,2025-04-23T10:05:00+00:00,27524,1,2.2728,2.2641,0.008700000000000152,2.2858500000000004,,,,,,,,,14,20,1.5,3.0,-1.0783724137931021,-1.0783724137931021,SL,2,0.0,all_rows
XRPUSDT,1.5,2025-04-28T08:00:00+00:00,2025-04-28T09:00:00+00:00,2025-04-28T13:30:00+00:00,27643,1,2.3256,2.2934,0.032200000000000006,2.3739,,,,,,,,,14,20,1.5,3.0,-1.0216670807453416,-1.0216670807453416,SL,55,0.0,all_rows
XRPUSDT,1.5,2025-05-08T20:00:00+00:00,2025-05-08T21:00:00+00:00,2025-05-09T08:20:00+00:00,27895,1,2.3115,2.2531,0.05840000000000023,2.3991000000000007,,,,,,,,,14,20,1.5,3.0,1.4881258561643873,1.4881258561643873,TP,137,0.0,all_rows
XRPUSDT,1.5,2025-06-03T16:00:00+00:00,2025-06-03T17:00:00+00:00,2025-06-03T19:45:00+00:00,28515,1,2.2533,2.2384,0.014899999999999913,2.2756499999999997,,,,,,,,,14,20,1.5,3.0,1.4546315436241608,1.4546315436241608,TP,34,0.0,all_rows
XRPUSDT,1.5,2025-06-08T12:00:00+00:00,2025-06-08T13:00:00+00:00,2025-06-09T21:25:00+00:00,28631,1,2.259,2.2149,0.044099999999999806,2.32515,,,,,,,,,14,20,1.5,3.0,1.4846326530612295,1.4846326530612295,TP,390,0.0,all_rows
XRPUSDT,1.5,2025-06-16T12:00:00+00:00,2025-06-16T13:00:00+00:00,2025-06-16T16:05:00+00:00,28823,1,2.2468,2.2095,0.03730000000000011,2.30275,,,,,,,,,14,20,1.5,3.0,1.4819292225201073,1.4819292225201073,TP,38,0.0,all_rows
XRPUSDT,1.5,2025-06-16T17:00:00+00:00,2025-06-16T18:00:00+00:00,2025-06-16T18:40:00+00:00,28828,1,2.307,2.2974,0.009599999999999831,2.3213999999999997,,,,,,,,,14,20,1.5,3.0,1.4279062499999988,1.4279062499999988,TP,9,0.0,all_rows
XRPUSDT,1.5,2025-06-24T06:00:00+00:00,2025-06-24T07:00:00+00:00,2025-06-26T06:55:00+00:00,29009,1,2.191,2.1542,0.036799999999999944,2.2462,,,,,,,,,14,20,1.5,3.0,-0.14286141304347677,-0.14286141304347677,TIME,576,0.0,all_rows
XRPUSDT,1.5,2025-07-03T06:00:00+00:00,2025-07-03T07:00:00+00:00,2025-07-03T10:25:00+00:00,29225,1,2.2727,2.257,0.015699999999999825,2.2962499999999997,,,,,,,,,14,20,1.5,3.0,1.4565726114649677,1.4565726114649677,TP,42,0.0,all_rows
XRPUSDT,1.5,2025-07-07T14:00:00+00:00,2025-07-07T15:00:00+00:00,2025-07-07T18:25:00+00:00,29329,1,2.3114,2.283,0.02839999999999998,2.354,,,,,,,,,14,20,1.5,3.0,-1.0244161971830985,-1.0244161971830985,SL,42,0.0,all_rows
XRPUSDT,1.5,2025-07-09T05:00:00+00:00,2025-07-09T06:00:00+00:00,2025-07-09T10:10:00+00:00,29368,1,2.3271,2.3128,0.01429999999999998,2.3485500000000004,,,,,,,,,14,20,1.5,3.0,1.4511797202797359,1.4511797202797359,TP,51,0.0,all_rows
XRPUSDT,1.5,2025-07-09T11:00:00+00:00,2025-07-09T12:00:00+00:00,2025-07-10T08:00:00+00:00,29374,1,2.3806,2.339,0.04159999999999986,2.4429999999999996,,,,,,,,,14,20,1.5,3.0,1.4828322115384616,1.4828322115384616,TP,241,0.0,all_rows
XRPUSDT,1.5,2025-07-10T17:00:00+00:00,2025-07-10T18:00:00+00:00,2025-07-10T21:40:00+00:00,29404,1,2.4956,2.459,0.036599999999999966,2.5505,,,,,,,,,14,20,1.5,3.0,1.4795442622950818,1.4795442622950818,TP,45,0.0,all_rows
XRPUSDT,1.5,2025-07-10T22:00:00+00:00,2025-07-10T23:00:00+00:00,2025-07-11T00:25:00+00:00,29409,1,2.5455,2.5123,0.033199999999999896,2.5953,,,,,,,,,14,20,1.5,3.0,-1.0230015060240965,-1.0230015060240965,SL,18,0.0,all_rows
XRPUSDT,1.5,2025-07-11T03:00:00+00:00,2025-07-11T04:00:00+00:00,2025-07-11T07:05:00+00:00,29414,1,2.575,2.5536,0.021400000000000308,2.607100000000001,,,,,,,,,14,20,1.5,3.0,-1.036098130841121,-1.036098130841121,SL,38,0.0,all_rows
XRPUSDT,1.5,2025-07-11T10:00:00+00:00,2025-07-11T11:00:00+00:00,2025-07-11T13:35:00+00:00,29421,1,2.647,2.6027,0.044299999999999784,2.7134499999999995,,,,,,,,,14,20,1.5,3.0,1.4820744920993227,1.4820744920993227,TP,32,0.0,all_rows
XRPUSDT,1.5,2025-07-11T14:00:00+00:00,2025-07-11T15:00:00+00:00,2025-07-11T22:20:00+00:00,29425,1,2.8235,2.6969,0.12660000000000027,3.0134000000000007,,,,,,,,,14,20,1.5,3.0,-1.006690758293839,-1.006690758293839,SL,89,0.0,all_rows
XRPUSDT,1.5,2025-07-12T02:00:00+00:00,2025-07-12T03:00:00+00:00,2025-07-12T15:05:00+00:00,29437,1,2.7931,2.746,0.04709999999999992,2.8637499999999996,,,,,,,,,14,20,1.5,3.0,-1.0177904458598726,-1.0177904458598726,SL,146,0.0,all_rows
XRPUSDT,1.5,2025-07-13T13:00:00+00:00,2025-07-13T14:00:00+00:00,2025-07-13T14:20:00+00:00,29472,1,2.832,2.7925,0.03949999999999987,2.8912499999999994,,,,,,,,,14,20,1.5,3.0,1.4784911392405007,1.4784911392405007,TP,5,0.0,all_rows
XRPUSDT,1.5,2025-07-14T03:00:00+00:00,2025-07-14T04:00:00+00:00,2025-07-14T05:50:00+00:00,29486,1,2.9268,2.877,0.04980000000000029,3.0015000000000005,,,,,,,,,14,20,1.5,3.0,-1.0176313253012048,-1.0176313253012048,SL,23,0.0,all_rows
XRPUSDT,1.5,2025-07-17T05:00:00+00:00,2025-07-17T06:00:00+00:00,2025-07-17T09:25:00+00:00,29560,1,3.1439,3.0538,0.09010000000000007,3.27905,,,,,,,,,14,20,1.5,3.0,1.4895319644839042,1.4895319644839042,TP,42,0.0,all_rows
XRPUSDT,1.5,2025-07-17T18:00:00+00:00,2025-07-17T19:00:00+00:00,2025-07-17T21:15:00+00:00,29573,1,3.3562,3.2746,0.0815999999999999,3.4785999999999997,,,,,,,,,14,20,1.5,3.0,1.4876610294117647,1.4876610294117647,TP,28,0.0,all_rows
XRPUSDT,1.5,2025-07-17T22:00:00+00:00,2025-07-17T23:00:00+00:00,2025-07-18T00:45:00+00:00,29577,1,3.476,3.3789,0.09710000000000019,3.6216500000000003,,,,,,,,,14,20,1.5,3.0,1.4892605561277035,1.4892605561277035,TP,22,0.0,all_rows
XRPUSDT,1.5,2025-07-18T01:00:00+00:00,2025-07-18T02:00:00+00:00,2025-07-18T02:05:00+00:00,29580,1,3.5987,3.5555,0.04320000000000013,3.6635,,,,,,,,,14,20,1.5,3.0,-1.0249909722222221,-1.0249909722222221,SL,2,0.0,all_rows
XRPUSDT,1.5,2025-08-04T14:00:00+00:00,2025-08-04T15:00:00+00:00,2025-08-04T17:05:00+00:00,30001,1,3.034,3.0048,0.029199999999999893,3.0778,,,,,,,,,14,20,1.5,3.0,1.4688287671232951,1.4688287671232951,TP,26,0.0,all_rows
XRPUSDT,1.5,2025-08-07T20:00:00+00:00,2025-08-07T21:00:00+00:00,2025-08-07T21:30:00+00:00,30079,1,3.1096,3.0564,0.053199999999999914,3.1894,,,,,,,,,14,20,1.5,3.0,1.4824646616541395,1.4824646616541395,TP,7,0.0,all_rows
XRPUSDT,1.5,2025-08-07T22:00:00+00:00,2025-08-07T23:00:00+00:00,2025-08-09T22:55:00+00:00,30081,1,3.3237,3.1196,0.20409999999999995,3.6298500000000002,,,,,,,,,14,20,1.5,3.0,-0.48994174424301923,-0.48994174424301923,TIME,576,0.0,all_rows
XRPUSDT,1.5,2025-08-23T05:00:00+00:00,2025-08-23T06:00:00+00:00,2025-08-23T14:35:00+00:00,30448,1,3.0506,3.0078,0.04280000000000017,3.1148000000000007,,,,,,,,,14,20,1.5,3.0,-1.0213827102803736,-1.0213827102803736,SL,104,0.0,all_rows
XRPUSDT,1.5,2025-09-08T08:00:00+00:00,2025-09-08T09:00:00+00:00,2025-09-08T09:50:00+00:00,30835,1,2.9084,2.8933,0.015099999999999891,2.93105,,,,,,,,,14,20,1.5,3.0,1.4422172185430606,1.4422172185430606,TP,11,0.0,all_rows
XRPUSDT,1.5,2025-09-08T13:00:00+00:00,2025-09-08T14:00:00+00:00,2025-09-09T00:30:00+00:00,30840,1,2.9762,2.9499,0.02629999999999999,3.01565,,,,,,,,,14,20,1.5,3.0,-1.0339490494296577,-1.0339490494296577,SL,127,0.0,all_rows
XRPUSDT,1.5,2025-09-09T07:00:00+00:00,2025-09-09T08:00:00+00:00,2025-09-09T14:30:00+00:00,30858,1,3.0193,2.9655,0.05379999999999985,3.0999999999999996,,,,,,,,,14,20,1.5,3.0,-1.0168362453531599,-1.0168362453531599,SL,79,0.0,all_rows
XRPUSDT,1.5,2025-09-13T09:00:00+00:00,2025-09-13T10:00:00+00:00,2025-09-13T13:50:00+00:00,30956,1,3.1791,3.1214,0.057700000000000085,3.26565,,,,,,,,,14,20,1.5,3.0,-1.016529116117851,-1.016529116117851,SL,47,0.0,all_rows
XRPUSDT,1.5,2025-09-29T14:00:00+00:00,2025-09-29T15:00:00+00:00,2025-09-29T17:00:00+00:00,31345,1,2.9071,2.8676,0.03949999999999987,2.9663499999999994,,,,,,,,,14,20,1.5,3.0,-1.0220792405063293,-1.0220792405063293,SL,25,0.0,all_rows
XRPUSDT,1.5,2025-10-02T17:00:00+00:00,2025-10-02T18:00:00+00:00,2025-10-02T19:55:00+00:00,31420,1,3.0339,2.992,0.04190000000000005,3.09675,,,,,,,,,14,20,1.5,3.0,1.4782775656324583,1.4782775656324583,TP,24,0.0,all_rows
XRPUSDT,1.5,2025-10-20T20:00:00+00:00,2025-10-20T21:00:00+00:00,2025-10-21T01:00:00+00:00,31855,1,2.5313,2.4765,0.05479999999999974,2.6134999999999993,,,,,,,,,14,20,1.5,3.0,-1.0138574817518249,-1.0138574817518249,SL,49,0.0,all_rows
XRPUSDT,1.5,2025-10-25T05:00:00+00:00,2025-10-25T06:00:00+00:00,2025-10-25T06:30:00+00:00,31960,1,2.5562,2.5467,0.009500000000000064,2.57045,,,,,,,,,14,20,1.5,3.0,-1.0807221052631573,-1.0807221052631573,SL,7,0.0,all_rows
XRPUSDT,1.5,2025-10-25T19:00:00+00:00,2025-10-25T20:00:00+00:00,2025-10-25T20:00:00+00:00,31974,1,2.6035,2.5994,0.0040999999999997705,2.6096499999999994,,,,,,,,,14,20,1.5,3.0,1.3094999999999353,1.3094999999999353,TP,1,0.0,all_rows
XRPUSDT,1.5,2025-10-27T16:00:00+00:00,2025-10-27T17:00:00+00:00,2025-10-27T20:55:00+00:00,32019,1,2.684,2.6272,0.05679999999999996,2.7692,,,,,,,,,14,20,1.5,3.0,-1.0141760563380282,-1.0141760563380282,SL,48,0.0,all_rows
XRPUSDT,1.5,2025-11-10T04:00:00+00:00,2025-11-10T05:00:00+00:00,2025-11-10T09:40:00+00:00,32343,1,2.4633,2.4229,0.04039999999999999,2.5239,,,,,,,,,14,20,1.5,3.0,1.4817081683168316,1.4817081683168316,TP,57,0.0,all_rows
XRPUSDT,1.5,2025-11-10T10:00:00+00:00,2025-11-10T11:00:00+00:00,2025-11-10T14:50:00+00:00,32349,1,2.5392,2.4976,0.0416000000000003,2.6016000000000004,,,,,,,,,14,20,1.5,3.0,-1.0183115384615384,-1.0183115384615384,SL,47,0.0,all_rows
XRPUSDT,1.5,2025-11-24T03:00:00+00:00,2025-11-24T04:00:00+00:00,2025-11-24T04:15:00+00:00,32678,1,2.0852,2.0644,0.02079999999999993,2.1163999999999996,,,,,,,,,14,20,1.5,3.0,-1.030075,-1.030075,SL,4,0.0,all_rows
XRPUSDT,1.5,2025-11-24T18:00:00+00:00,2025-11-24T19:00:00+00:00,2025-11-26T18:55:00+00:00,32693,1,2.2169,2.1208,0.09609999999999985,2.3610499999999996,,,,,,,,,14,20,1.5,3.0,0.24594099895941987,0.24594099895941987,TIME,576,0.0,all_rows
XRPUSDT,1.5,2025-12-03T03:00:00+00:00,2025-12-03T04:00:00+00:00,2025-12-03T04:45:00+00:00,32894,1,2.1753,2.1659,0.009399999999999853,2.1894,,,,,,,,,14,20,1.5,3.0,1.430575531914916,1.430575531914916,TP,10,0.0,all_rows
XRPUSDT,1.5,2025-12-03T05:00:00+00:00,2025-12-03T06:00:00+00:00,2025-12-03T06:45:00+00:00,32896,1,2.2019,2.1904,0.011500000000000288,2.219150000000001,,,,,,,,,14,20,1.5,3.0,-1.057440869565216,-1.057440869565216,SL,10,0.0,all_rows
XRPUSDT,1.5,2026-01-02T17:00:00+00:00,2026-01-02T18:00:00+00:00,2026-01-04T11:50:00+00:00,33628,1,1.9917,1.9246,0.06709999999999994,2.0923499999999997,,,,,,,,,14,20,1.5,3.0,1.4910952309985064,1.4910952309985064,TP,503,0.0,all_rows
XRPUSDT,1.5,2026-01-05T01:00:00+00:00,2026-01-05T02:00:00+00:00,2026-01-05T18:40:00+00:00,33684,1,2.1559,2.0973,0.05859999999999976,2.2437999999999994,,,,,,,,,14,20,1.5,3.0,1.4889629692832727,1.4889629692832727,TP,201,0.0,all_rows
XRPUSDT,1.5,2026-01-05T19:00:00+00:00,2026-01-05T20:00:00+00:00,2026-01-06T01:00:00+00:00,33702,1,2.2771,2.207,0.07010000000000005,2.38225,,,,,,,,,14,20,1.5,3.0,1.4902549215406562,1.4902549215406562,TP,61,0.0,all_rows
XRPUSDT,1.5,2026-02-14T09:00:00+00:00,2026-02-14T10:00:00+00:00,2026-02-14T18:45:00+00:00,34652,1,1.4509,1.4247,0.0262,1.4902000000000002,,,,,,,,,14,20,1.5,3.0,1.4833866412213783,1.4833866412213783,TP,106,0.0,all_rows
XRPUSDT,1.5,2026-02-14T19:00:00+00:00,2026-02-14T20:00:00+00:00,2026-02-15T00:20:00+00:00,34662,1,1.497,1.4791,0.017900000000000027,1.5238500000000001,,,,,,,,,14,20,1.5,3.0,1.4749106145251396,1.4749106145251396,TP,53,0.0,all_rows
XRPUSDT,1.5,2026-02-15T05:00:00+00:00,2026-02-15T06:00:00+00:00,2026-02-15T08:00:00+00:00,34672,1,1.582,1.5333,0.048699999999999966,1.6550500000000001,,,,,,,,,14,20,1.5,3.0,1.4902546201232054,1.4902546201232054,TP,25,0.0,all_rows
XRPUSDT,1.5,2026-02-25T18:00:00+00:00,2026-02-25T19:00:00+00:00,2026-02-25T22:50:00+00:00,34925,1,1.4714,1.45,0.021400000000000086,1.5035000000000003,,,,,,,,,14,20,1.5,3.0,-1.0206271028037381,-1.0206271028037381,SL,47,0.0,all_rows
