symbol,strategy_id,tp_r,entry_ts_utc,exit_ts_utc,side,entry_price,stop_init,risk,tp_price,fee_bps,baseline_r,managed_r,managed_reason,hold_5m_bars,bb_period,bb_std,atr_mult,bb_upper,bb_lower,bb_mid,bb_width,atr,atr_ratio,er,structure,vol,regime,entry_idx_4h
XRPUSDT,bb_balanced,2.0,2022-01-12 16:00:00+00:00,2022-01-19 07:10:00+00:00,-1,0.7912,0.8219192667633339,0.03071926676333392,0.7297614664733322,3.0,1.99227325,1.99227325,TP,1911,20,2.0,1.5,0.784725,0.719325,0.752025,8.696509,0.02048,1.0251,0.2348,BALANCED,NORMAL,BALANCED_NORMAL,70
XRPUSDT,bb_balanced,2.0,2022-01-17 16:00:00+00:00,2022-01-18 09:15:00+00:00,1,0.7584,0.7386879914807603,0.01971200851923971,0.7978240170384794,3.0,-1.0115422,-1.0115422,SL,208,20,2.0,1.5,0.788735,0.758345,0.77354,3.928603,0.013141,0.7149,0.212,BALANCED,NORMAL,BALANCED_NORMAL,100
XRPUSDT,bb_balanced,2.0,2022-01-21 00:00:00+00:00,2022-01-21 01:55:00+00:00,1,0.7193,0.6967180611604692,0.022581938839530857,0.7644638776790618,3.0,-1.00955587,-1.00955587,SL,24,20,2.0,1.5,0.767711,0.723909,0.74581,5.873138,0.015055,0.9625,0.2854,BALANCED,NORMAL,BALANCED_NORMAL,120
XRPUSDT,bb_balanced,2.0,2022-01-31 04:00:00+00:00,2022-02-01 09:05:00+00:00,1,0.5858,0.5639092294932054,0.021890770506794555,0.6295815410135891,3.0,1.99197196,1.99197196,TP,350,20,2.0,1.5,0.62684,0.59108,0.60896,5.872263,0.014594,0.6564,0.1829,BALANCED,NORMAL,BALANCED_NORMAL,181
XRPUSDT,bb_balanced,2.0,2022-02-04 20:00:00+00:00,2022-02-05 00:10:00+00:00,-1,0.6397,0.6599640976374229,0.020264097637422873,0.5991718047251543,3.0,-1.00947044,-1.00947044,SL,51,20,2.0,1.5,0.637041,0.591399,0.61422,7.430748,0.013509,0.882,0.1546,BALANCED,NORMAL,BALANCED_NORMAL,209
XRPUSDT,bb_balanced,2.0,2022-02-11 20:00:00+00:00,2022-02-21 21:50:00+00:00,1,0.7896,0.7381274446757619,0.05147255532423811,0.8925451106484762,3.0,-1.00460206,-1.00460206,SL,2903,20,2.0,1.5,0.903916,0.791404,0.84766,13.27333,0.034315,1.4266,0.2019,BALANCED,NORMAL,BALANCED_NORMAL,251
XRPUSDT,bb_balanced,2.0,2022-02-16 00:00:00+00:00,2022-02-17 18:25:00+00:00,-1,0.8512,0.8914890148849517,0.040289014884951735,0.7706219702300965,3.0,1.9936618,1.9936618,TP,510,20,2.0,1.5,0.850485,0.781095,0.81579,8.505966,0.026859,0.8283,0.2189,BALANCED,NORMAL,BALANCED_NORMAL,276
XRPUSDT,bb_balanced,2.0,2022-02-17 20:00:00+00:00,2022-02-21 21:50:00+00:00,1,0.7822,0.7439452145191373,0.038254785480862696,0.8587095709617254,3.0,-1.00613413,-1.00613413,SL,1175,20,2.0,1.5,0.854852,0.785908,0.82038,8.403852,0.025503,0.8168,0.0229,BALANCED,NORMAL,BALANCED_NORMAL,287
XRPUSDT,bb_balanced,2.0,2022-02-22 00:00:00+00:00,2022-02-24 03:05:00+00:00,1,0.7013,0.6536082968277219,0.04769170317227811,0.7966834063445563,3.0,-1.00441146,-1.00441146,SL,614,20,2.0,1.5,0.836366,0.733444,0.784905,13.112688,0.031794,1.1642,0.2048,BALANCED,NORMAL,BALANCED_NORMAL,312
XRPUSDT,bb_balanced,2.0,2022-03-01 00:00:00+00:00,2022-03-12 01:00:00+00:00,-1,0.7808,0.8282788533596008,0.04747885335960078,0.6858422932807985,3.0,-1.00493356,-1.00493356,SL,3181,20,2.0,1.5,0.765318,0.632652,0.698985,18.979768,0.031653,1.1065,0.2332,BALANCED,NORMAL,BALANCED_NORMAL,336
XRPUSDT,bb_balanced,2.0,2022-03-04 04:00:00+00:00,2022-03-04 22:30:00+00:00,1,0.7371,0.7018777762980533,0.03522222370194672,0.8075444474038934,3.0,-1.00627814,-1.00627814,SL,223,20,2.0,1.5,0.790301,0.742399,0.76635,6.250623,0.023481,0.8256,0.0492,BALANCED,NORMAL,BALANCED_NORMAL,355
XRPUSDT,bb_balanced,2.0,2022-03-09 16:00:00+00:00,2022-03-11 21:20:00+00:00,-1,0.7665,0.7950147811813454,0.028514781181345428,0.7094704376373091,3.0,-1.00806424,-1.00806424,SL,641,20,2.0,1.5,0.759856,0.706004,0.73293,7.34749,0.01901,0.8419,0.1232,BALANCED,NORMAL,BALANCED_NORMAL,388
XRPUSDT,bb_balanced,2.0,2022-03-17 00:00:00+00:00,2022-03-19 05:40:00+00:00,-1,0.7915,0.8183707231145203,0.026870723114520323,0.7377585537709593,3.0,-1.00883676,-1.00883676,SL,645,20,2.0,1.5,0.787833,0.747317,0.767575,5.278319,0.017914,0.9003,0.0519,BALANCED,NORMAL,BALANCED_NORMAL,432
XRPUSDT,bb_balanced,2.0,2022-03-28 00:00:00+00:00,2022-03-28 05:35:00+00:00,-1,0.8578,0.8751400042772198,0.017340004277219823,0.8231199914455604,3.0,-1.01484083,-1.01484083,SL,68,20,2.0,1.5,0.8511,0.82073,0.835915,3.633183,0.01156,0.8054,0.1845,BALANCED,NORMAL,BALANCED_NORMAL,498
XRPUSDT,bb_balanced,2.0,2022-03-31 16:00:00+00:00,2022-04-06 00:15:00+00:00,1,0.823,0.7894886112069851,0.03351138879301485,0.8900227775860297,3.0,-1.00736764,-1.00736764,SL,964,20,2.0,1.5,0.891834,0.838576,0.865205,6.155476,0.022341,1.4542,0.2398,BALANCED,NORMAL,BALANCED_NORMAL,520
XRPUSDT,bb_balanced,2.0,2022-04-11 04:00:00+00:00,2022-04-11 09:15:00+00:00,1,0.7381,0.7171746029510042,0.020925397048995764,0.7799507940979915,3.0,-1.01058188,-1.01058188,SL,64,20,2.0,1.5,0.788553,0.739847,0.7642,6.373481,0.01395,0.8072,0.3188,BALANCED,NORMAL,BALANCED_NORMAL,571
XRPUSDT,bb_balanced,2.0,2022-04-18 08:00:00+00:00,2022-04-23 04:20:00+00:00,1,0.734,0.7065166939388112,0.02748330606118876,0.7889666121223775,3.0,-1.00801214,-1.00801214,SL,1397,20,2.0,1.5,0.796755,0.748235,0.772495,6.281002,0.018322,1.1094,0.0417,BALANCED,NORMAL,BALANCED_NORMAL,614
XRPUSDT,bb_balanced,2.0,2022-04-22 00:00:00+00:00,2022-04-23 04:20:00+00:00,1,0.732,0.707620570130649,0.024379429869350933,0.7807588597387018,3.0,-1.00900759,-1.00900759,SL,341,20,2.0,1.5,0.781323,0.738327,0.759825,5.658693,0.016253,0.9589,0.0787,BALANCED,NORMAL,BALANCED_NORMAL,636
XRPUSDT,bb_balanced,2.0,2022-05-04 20:00:00+00:00,2022-05-05 15:05:00+00:00,-1,0.6388,0.662594136124466,0.023794136124466014,0.591211727751068,3.0,1.99194591,1.99194591,TP,230,20,2.0,1.5,0.632346,0.594744,0.613545,6.128544,0.015863,0.9855,0.3074,BALANCED,NORMAL,BALANCED_NORMAL,713
XRPUSDT,bb_balanced,2.0,2022-05-18 16:00:00+00:00,2022-05-26 08:20:00+00:00,1,0.4074,0.3817814437824025,0.02561855621759751,0.458637112435195,3.0,-1.00477076,-1.00477076,SL,2213,20,2.0,1.5,0.443738,0.409942,0.42684,7.917654,0.017079,0.6534,0.0854,BALANCED,NORMAL,BALANCED_NORMAL,796
XRPUSDT,bb_balanced,2.0,2022-05-25 12:00:00+00:00,2022-05-26 08:20:00+00:00,1,0.3966,0.38151009413123793,0.015089905868762077,0.42677981173752416,3.0,-1.00788474,-1.00788474,SL,245,20,2.0,1.5,0.428441,0.396819,0.41263,7.663289,0.01006,0.7488,0.2174,BALANCED,NORMAL,BALANCED_NORMAL,837
XRPUSDT,bb_balanced,2.0,2022-05-30 04:00:00+00:00,2022-05-30 21:15:00+00:00,-1,0.3978,0.4102025192625835,0.012402519262583511,0.37299496147483296,3.0,-1.00962224,-1.00962224,SL,208,20,2.0,1.5,0.397222,0.377948,0.387585,4.973094,0.008268,0.8149,0.1164,BALANCED,NORMAL,BALANCED_NORMAL,865
XRPUSDT,bb_balanced,2.0,2022-06-07 20:00:00+00:00,2022-06-10 13:25:00+00:00,-1,0.4139,0.42660846089738635,0.012708460897386364,0.38848307820522726,3.0,1.99022934,1.99022934,TP,786,20,2.0,1.5,0.409493,0.383367,0.39643,6.590211,0.008472,0.9931,0.3246,BALANCED,NORMAL,BALANCED_NORMAL,917
XRPUSDT,bb_balanced,2.0,2022-06-10 16:00:00+00:00,2022-06-11 11:35:00+00:00,1,0.3872,0.37508087668444673,0.01211912331555326,0.4114382466311065,3.0,-1.00958485,-1.00958485,SL,236,20,2.0,1.5,0.411233,0.388857,0.400045,5.593607,0.008079,1.0045,0.0375,BALANCED,NORMAL,BALANCED_NORMAL,934
XRPUSDT,bb_balanced,2.0,2022-06-18 20:00:00+00:00,2022-06-21 13:45:00+00:00,1,0.2953,0.275675218833151,0.019624781166849015,0.33454956233369804,3.0,1.99548581,1.99548581,TP,790,20,2.0,1.5,0.340539,0.296741,0.31864,13.745169,0.013083,0.9964,0.1021,BALANCED,NORMAL,BALANCED_NORMAL,983
XRPUSDT,bb_balanced,2.0,2022-06-23 20:00:00+00:00,2022-06-24 01:00:00+00:00,-1,0.3325,0.3452543313687527,0.012754331368752703,0.3069913372624946,3.0,-1.00782087,-1.00782087,SL,61,20,2.0,1.5,0.332229,0.317541,0.324885,4.520933,0.008503,0.6714,0.0958,BALANCED,NORMAL,BALANCED_NORMAL,1013
XRPUSDT,bb_balanced,2.0,2022-06-27 16:00:00+00:00,2022-06-28 18:05:00+00:00,1,0.3528,0.3375847057247163,0.015215294275283675,0.38323058855056735,3.0,-1.00695616,-1.00695616,SL,314,20,2.0,1.5,0.37457,0.35417,0.36437,5.598608,0.010144,0.9341,0.2054,BALANCED,NORMAL,BALANCED_NORMAL,1036
XRPUSDT,bb_balanced,2.0,2022-07-04 12:00:00+00:00,2022-07-07 00:10:00+00:00,-1,0.3229,0.334563226483259,0.01166322648325896,0.2995735470334821,3.0,-1.00830559,-1.00830559,SL,723,20,2.0,1.5,0.322547,0.307703,0.315125,4.710401,0.007775,0.8064,0.029,BALANCED,NORMAL,BALANCED_NORMAL,1077
XRPUSDT,bb_balanced,2.0,2022-07-07 00:00:00+00:00,2022-07-07 20:25:00+00:00,-1,0.3321,0.34244630582551827,0.010346305825518265,0.3114073883489635,3.0,-1.00962952,-1.00962952,SL,246,20,2.0,1.5,0.331002,0.315058,0.32303,4.935905,0.006898,0.786,0.3084,BALANCED,NORMAL,BALANCED_NORMAL,1092
XRPUSDT,bb_balanced,2.0,2022-07-10 16:00:00+00:00,2022-07-11 23:00:00+00:00,1,0.3242,0.3122839280244944,0.011916071975505593,0.3480321439510112,3.0,-1.00816209,-1.00816209,SL,373,20,2.0,1.5,0.354795,0.327475,0.341135,8.008849,0.007944,1.046,0.0824,BALANCED,NORMAL,BALANCED_NORMAL,1114
XRPUSDT,bb_balanced,2.0,2022-07-15 00:00:00+00:00,2022-07-15 01:45:00+00:00,-1,0.3336,0.34618592573298196,0.01258592573298195,0.3084281485340361,3.0,-1.00795174,-1.00795174,SL,22,20,2.0,1.5,0.329549,0.304861,0.317205,7.783173,0.008391,1.0834,0.1295,BALANCED,NORMAL,BALANCED_NORMAL,1140
XRPUSDT,bb_balanced,2.0,2022-07-25 04:00:00+00:00,2022-07-26 00:20:00+00:00,1,0.3459,0.33283359941073815,0.01306640058926184,0.37203280117852366,3.0,-1.00794174,-1.00794174,SL,245,20,2.0,1.5,0.369739,0.348511,0.359125,5.91089,0.008711,0.909,0.2455,BALANCED,NORMAL,BALANCED_NORMAL,1201
XRPUSDT,bb_balanced,2.0,2022-07-28 20:00:00+00:00,2022-07-30 13:45:00+00:00,-1,0.3725,0.3864434153039203,0.013943415303920292,0.3446131693921594,3.0,-1.00801454,-1.00801454,SL,502,20,2.0,1.5,0.369831,0.316739,0.343285,15.465943,0.009296,1.0307,0.2602,BALANCED,NORMAL,BALANCED_NORMAL,1223
XRPUSDT,bb_balanced,2.0,2022-08-05 12:00:00+00:00,2022-08-14 03:00:00+00:00,-1,0.3773,0.38818698523845335,0.010886985238453328,0.35552602952309337,3.0,-1.01039682,-1.01039682,SL,2485,20,2.0,1.5,0.376887,0.366023,0.371455,2.924679,0.007258,0.7464,0.1506,BALANCED,NORMAL,BALANCED_NORMAL,1269
XRPUSDT,bb_balanced,2.0,2022-08-08 12:00:00+00:00,2022-08-09 13:55:00+00:00,-1,0.3821,0.3898960301228448,0.007796030122844799,0.3665079397543104,3.0,1.98529636,1.98529636,TP,312,20,2.0,1.5,0.379387,0.368033,0.37371,3.037962,0.005197,0.6227,0.1557,BALANCED,NORMAL,BALANCED_NORMAL,1287
XRPUSDT,bb_balanced,2.0,2022-08-09 16:00:00+00:00,2022-08-11 00:00:00+00:00,1,0.3632,0.35379829986824235,0.009401700131757673,0.38200340026351537,3.0,1.98841061,1.98841061,TP,385,20,2.0,1.5,0.382681,0.365559,0.37412,4.576721,0.006268,0.8257,0.2661,BALANCED,NORMAL,BALANCED_NORMAL,1294
XRPUSDT,bb_balanced,2.0,2022-08-14 08:00:00+00:00,2022-08-15 08:05:00+00:00,-1,0.3862,0.3952756747891366,0.009075674789136623,0.36804865042172674,3.0,1.98723401,1.98723401,TP,290,20,2.0,1.5,0.385695,0.372405,0.37905,3.506212,0.00605,1.0283,0.1196,BALANCED,NORMAL,BALANCED_NORMAL,1322
XRPUSDT,bb_balanced,2.0,2022-08-15 08:00:00+00:00,2022-08-17 01:25:00+00:00,1,0.3694,0.35834434063356924,0.01105565936643077,0.39151131873286155,3.0,1.98997617,1.98997617,TP,498,20,2.0,1.5,0.387196,0.370104,0.37865,4.514051,0.00737,1.2444,0.1651,BALANCED,NORMAL,BALANCED_NORMAL,1328
XRPUSDT,bb_balanced,2.0,2022-08-19 04:00:00+00:00,2022-08-19 06:35:00+00:00,1,0.3604,0.3487674238912937,0.011632576108706272,0.38366515221741254,3.0,-1.00929459,-1.00929459,SL,32,20,2.0,1.5,0.384752,0.365418,0.375085,5.154626,0.007755,1.1552,0.1446,BALANCED,NORMAL,BALANCED_NORMAL,1351
XRPUSDT,bb_balanced,2.0,2022-08-26 12:00:00+00:00,2022-08-26 18:05:00+00:00,-1,0.3532,0.3637372797852241,0.010537279785224063,0.3321254404295519,3.0,1.98994427,1.98994427,TP,74,20,2.0,1.5,0.352988,0.337822,0.345405,4.390941,0.007025,0.9367,0.2932,BALANCED,NORMAL,BALANCED_NORMAL,1395
XRPUSDT,bb_balanced,2.0,2022-08-27 04:00:00+00:00,2022-08-28 23:20:00+00:00,1,0.3363,0.3235627863924983,0.012737213607501685,0.36177442721500336,3.0,-1.00792088,-1.00792088,SL,521,20,2.0,1.5,0.353483,0.336327,0.344905,4.974117,0.008491,1.1227,0.1488,BALANCED,NORMAL,BALANCED_NORMAL,1399
XRPUSDT,bb_balanced,2.0,2022-09-05 08:00:00+00:00,2022-09-06 00:10:00+00:00,1,0.3256,0.31892892856407956,0.006671071435920439,0.3389421428718409,3.0,1.98535767,1.98535767,TP,195,20,2.0,1.5,0.332521,0.326379,0.32945,1.864216,0.004447,0.7398,0.2128,BALANCED,NORMAL,BALANCED_NORMAL,1454
XRPUSDT,bb_balanced,2.0,2022-09-06 04:00:00+00:00,2022-09-06 20:05:00+00:00,-1,0.3341,0.34153834939805067,0.007438349398050659,0.3192233012038987,3.0,1.98652524,1.98652524,TP,194,20,2.0,1.5,0.333778,0.325182,0.32948,2.60879,0.004959,0.8574,0.2069,BALANCED,NORMAL,BALANCED_NORMAL,1459
XRPUSDT,bb_balanced,2.0,2022-09-07 00:00:00+00:00,2022-09-07 02:25:00+00:00,1,0.3209,0.3121155931809469,0.008784406819053125,0.33846881363810627,3.0,-1.01095919,-1.01095919,SL,30,20,2.0,1.5,0.337029,0.322181,0.329605,4.504873,0.005856,1.039,0.1881,BALANCED,NORMAL,BALANCED_NORMAL,1464
XRPUSDT,bb_balanced,2.0,2022-09-08 20:00:00+00:00,2022-09-09 08:55:00+00:00,-1,0.3427,0.35292672893640237,0.010226728936402363,0.3222465421271953,3.0,-1.01005307,-1.01005307,SL,156,20,2.0,1.5,0.342448,0.317442,0.329945,7.578957,0.006818,1.2206,0.2763,BALANCED,NORMAL,BALANCED_NORMAL,1475
XRPUSDT,bb_balanced,2.0,2022-09-13 00:00:00+00:00,2022-09-13 12:50:00+00:00,-1,0.3596,0.36907705520738865,0.009477055207388674,0.3406458895852226,3.0,1.98861672,1.98861672,TP,155,20,2.0,1.5,0.359163,0.350527,0.354845,2.433789,0.006318,1.0453,0.3102,BALANCED,NORMAL,BALANCED_NORMAL,1500
XRPUSDT,bb_balanced,2.0,2022-09-13 16:00:00+00:00,2022-09-15 14:30:00+00:00,1,0.339,0.32816523912489,0.010834760875110039,0.3606695217502201,3.0,-1.00938646,-1.00938646,SL,559,20,2.0,1.5,0.362469,0.346121,0.354295,4.614359,0.007223,1.1612,0.2482,BALANCED,NORMAL,BALANCED_NORMAL,1504
XRPUSDT,bb_balanced,2.0,2022-09-17 00:00:00+00:00,2022-09-17 13:30:00+00:00,-1,0.3552,0.36745436386315833,0.012254363863158313,0.3306912722736834,3.0,-1.00869568,-1.00869568,SL,163,20,2.0,1.5,0.348554,0.321206,0.33488,8.166772,0.00817,1.1932,0.1995,BALANCED,NORMAL,BALANCED_NORMAL,1524
XRPUSDT,bb_balanced,2.0,2022-09-26 12:00:00+00:00,2022-09-28 02:30:00+00:00,1,0.4632,0.42438800037756963,0.03881199962243037,0.5408239992448607,3.0,-1.00358034,-1.00358034,SL,463,20,2.0,1.5,0.516185,0.465135,0.49066,10.404449,0.025875,1.1853,0.3298,BALANCED,NORMAL,BALANCED_NORMAL,1581
XRPUSDT,bb_balanced,2.0,2022-10-03 04:00:00+00:00,2022-10-05 06:00:00+00:00,1,0.4472,0.4242486518263045,0.022951348173695485,0.49310269634739096,3.0,1.99415459,1.99415459,TP,601,20,2.0,1.5,0.496132,0.449898,0.473015,9.774516,0.015301,0.7212,0.0447,BALANCED,NORMAL,BALANCED_NORMAL,1621
XRPUSDT,bb_balanced,2.0,2022-10-05 20:00:00+00:00,2022-10-07 18:00:00+00:00,-1,0.4973,0.5185837827564116,0.021283782756411573,0.4547324344871769,3.0,-1.00700956,-1.00700956,SL,553,20,2.0,1.5,0.496628,0.435082,0.465855,13.211521,0.014189,0.8119,0.3046,BALANCED,NORMAL,BALANCED_NORMAL,1637
XRPUSDT,bb_balanced,2.0,2022-10-11 04:00:00+00:00,2022-10-13 01:40:00+00:00,1,0.4927,0.47166465605575614,0.02103534394424389,0.5347706878884878,3.0,-1.00702675,-1.00702675,SL,549,20,2.0,1.5,0.540472,0.497598,0.519035,8.260223,0.014024,1.035,0.2292,BALANCED,NORMAL,BALANCED_NORMAL,1669
XRPUSDT,bb_balanced,2.0,2022-10-17 04:00:00+00:00,2022-10-19 12:05:00+00:00,1,0.4683,0.4517166566965874,0.0165833433034126,0.5014666866068251,3.0,-1.00847175,-1.00847175,SL,674,20,2.0,1.5,0.500828,0.470522,0.485675,6.239895,0.011056,0.8202,0.2558,BALANCED,NORMAL,BALANCED_NORMAL,1705
XRPUSDT,bb_balanced,2.0,2022-10-25 04:00:00+00:00,2022-10-27 00:10:00+00:00,1,0.4477,0.43306192415419525,0.014638075845804732,0.47697615169160945,3.0,1.99082461,1.99082461,TP,531,20,2.0,1.5,0.469522,0.448908,0.459215,4.48911,0.009759,0.9354,0.0597,BALANCED,NORMAL,BALANCED_NORMAL,1753
XRPUSDT,bb_balanced,2.0,2022-10-31 16:00:00+00:00,2022-11-04 08:50:00+00:00,1,0.4513,0.43747776038125286,0.013822239618747123,0.4789444792374942,3.0,1.99020492,1.99020492,TP,1067,20,2.0,1.5,0.478349,0.451951,0.46515,5.6751,0.009215,0.9774,0.1092,BALANCED,NORMAL,BALANCED_NORMAL,1792
XRPUSDT,bb_balanced,2.0,2022-11-03 00:00:00+00:00,2022-11-04 08:50:00+00:00,1,0.4495,0.4361431735426933,0.013356826457306736,0.4762136529146135,3.0,1.98990404,1.98990404,TP,395,20,2.0,1.5,0.466003,0.449587,0.457795,3.585955,0.008905,0.9689,0.1565,BALANCED,NORMAL,BALANCED_NORMAL,1806
XRPUSDT,bb_balanced,2.0,2022-11-13 12:00:00+00:00,2022-11-14 02:10:00+00:00,1,0.351,0.3258920153875043,0.025107984612495693,0.40121596922499136,3.0,-1.00419388,-1.00419388,SL,171,20,2.0,1.5,0.39697,0.35103,0.374,12.283459,0.016739,0.9577,0.0085,BALANCED,NORMAL,BALANCED_NORMAL,1869
XRPUSDT,bb_balanced,2.0,2022-11-15 16:00:00+00:00,2022-11-25 06:30:00+00:00,-1,0.3907,0.4161019462642749,0.02540194626427489,0.3398961074714502,3.0,-1.00461421,-1.00461421,SL,2767,20,2.0,1.5,0.390474,0.329226,0.35985,17.020612,0.016935,0.8922,0.1588,BALANCED,NORMAL,BALANCED_NORMAL,1882
XRPUSDT,bb_balanced,2.0,2022-11-21 00:00:00+00:00,2022-11-21 03:25:00+00:00,1,0.3607,0.3458150120418559,0.014884987958144136,0.3904699759162883,3.0,-1.00726974,-1.00726974,SL,42,20,2.0,1.5,0.391387,0.368263,0.379825,6.08815,0.009923,0.7113,0.1933,BALANCED,NORMAL,BALANCED_NORMAL,1914
XRPUSDT,bb_balanced,2.0,2022-11-28 04:00:00+00:00,2022-11-30 19:25:00+00:00,1,0.3805,0.36512769655873745,0.015372303441262558,0.4112446068825251,3.0,1.99257431,1.99257431,TP,762,20,2.0,1.5,0.415785,0.387825,0.401805,6.958484,0.010248,1.0376,0.2306,BALANCED,NORMAL,BALANCED_NORMAL,1957
XRPUSDT,bb_balanced,2.0,2022-12-05 20:00:00+00:00,2022-12-07 07:10:00+00:00,1,0.3843,0.374612744564608,0.00968725543539195,0.4036745108707839,3.0,-1.0119012,-1.0119012,SL,423,20,2.0,1.5,0.39608,0.38533,0.390705,2.751212,0.006458,0.8037,0.1165,BALANCED,NORMAL,BALANCED_NORMAL,2003
XRPUSDT,bb_balanced,2.0,2022-12-07 08:00:00+00:00,2022-12-13 13:30:00+00:00,1,0.3771,0.36678456405927595,0.010315435940724038,0.39773087188144807,3.0,1.98903294,1.98903294,TP,1795,20,2.0,1.5,0.396047,0.379923,0.387985,4.155615,0.006877,0.9207,0.176,BALANCED,NORMAL,BALANCED_NORMAL,2012
XRPUSDT,bb_balanced,2.0,2022-12-12 00:00:00+00:00,2022-12-12 02:50:00+00:00,1,0.3805,0.37425572356164044,0.006244276438359564,0.39298855287671913,3.0,-1.01828074,-1.01828074,SL,35,20,2.0,1.5,0.39344,0.3823,0.38787,2.872258,0.004163,0.7148,0.2635,BALANCED,NORMAL,BALANCED_NORMAL,2040
XRPUSDT,bb_balanced,2.0,2022-12-16 12:00:00+00:00,2022-12-16 22:35:00+00:00,1,0.3648,0.35437783220689745,0.010422167793102566,0.38564433558620514,3.0,-1.01050069,-1.01050069,SL,128,20,2.0,1.5,0.39782,0.36983,0.383825,7.292525,0.006948,1.2617,0.2293,BALANCED,NORMAL,BALANCED_NORMAL,2067
XRPUSDT,bb_balanced,2.0,2022-12-26 16:00:00+00:00,2022-12-26 17:25:00+00:00,-1,0.356,0.3614239130826269,0.005423913082626908,0.34515217383474617,3.0,-1.01969058,-1.01969058,SL,18,20,2.0,1.5,0.355741,0.344769,0.350255,3.132455,0.003616,0.6617,0.2323,BALANCED,NORMAL,BALANCED_NORMAL,2128
XRPUSDT,bb_balanced,2.0,2023-01-02 04:00:00+00:00,2023-01-02 15:30:00+00:00,1,0.3281,0.3177608455895777,0.010339154410422324,0.34877830882084465,3.0,1.99047988,1.99047988,TP,139,20,2.0,1.5,0.346705,0.332185,0.339445,4.277826,0.006893,1.3476,0.3391,BALANCED,NORMAL,BALANCED_NORMAL,2167
XRPUSDT,bb_balanced,2.0,2023-01-02 16:00:00+00:00,2023-01-11 04:45:00+00:00,-1,0.3508,0.36273982224478785,0.011939822244787845,0.3269203555104243,3.0,-1.0088142,-1.0088142,SL,2458,20,2.0,1.5,0.349074,0.331356,0.340215,5.207857,0.00796,1.4895,0.2298,BALANCED,NORMAL,BALANCED_NORMAL,2170
XRPUSDT,bb_balanced,2.0,2023-01-05 16:00:00+00:00,2023-01-11 04:45:00+00:00,1,0.3396,0.3297448243930068,0.009855175606993227,0.35931035121398647,3.0,1.98966228,1.98966228,TP,1594,20,2.0,1.5,0.352102,0.339898,0.346,3.527054,0.00657,1.0384,0.0436,BALANCED,NORMAL,BALANCED_NORMAL,2188
XRPUSDT,bb_balanced,2.0,2023-01-09 04:00:00+00:00,2023-01-11 04:45:00+00:00,-1,0.3514,0.35977835501720656,0.008378355017206573,0.33464328996558684,3.0,-1.01258242,-1.01258242,SL,586,20,2.0,1.5,0.349094,0.333846,0.34147,4.465669,0.005586,0.8914,0.2185,BALANCED,NORMAL,BALANCED_NORMAL,2209
XRPUSDT,bb_balanced,2.0,2023-01-20 20:00:00+00:00,2023-01-21 10:10:00+00:00,-1,0.4022,0.41615775126827886,0.013957751268278862,0.3742844974634423,3.0,-1.00864466,-1.00864466,SL,171,20,2.0,1.5,0.399263,0.377607,0.388435,5.575276,0.009305,0.9311,0.1801,BALANCED,NORMAL,BALANCED_NORMAL,2279
XRPUSDT,bb_balanced,2.0,2023-01-29 20:00:00+00:00,2023-01-30 09:50:00+00:00,-1,0.4159,0.4253148876152039,0.009414887615203926,0.39707022476959214,3.0,1.98674758,1.98674758,TP,167,20,2.0,1.5,0.414931,0.404959,0.409945,2.432605,0.006277,0.6887,0.127,BALANCED,NORMAL,BALANCED_NORMAL,2333
XRPUSDT,bb_balanced,2.0,2023-01-30 16:00:00+00:00,2023-01-30 19:10:00+00:00,1,0.3998,0.3887374585044328,0.01106254149556718,0.42192508299113435,3.0,-1.01084199,-1.01084199,SL,39,20,2.0,1.5,0.418093,0.400937,0.409515,4.189432,0.007375,0.8355,0.1712,BALANCED,NORMAL,BALANCED_NORMAL,2338
XRPUSDT,bb_balanced,2.0,2023-02-05 16:00:00+00:00,2023-02-06 23:30:00+00:00,1,0.3999,0.390706984272788,0.009193015727211984,0.41828603145442395,3.0,-1.01305012,-1.01305012,SL,379,20,2.0,1.5,0.417134,0.404206,0.41067,3.148068,0.006129,0.8634,0.2886,BALANCED,NORMAL,BALANCED_NORMAL,2374
XRPUSDT,bb_balanced,2.0,2023-02-09 04:00:00+00:00,2023-02-09 14:40:00+00:00,1,0.3907,0.3812137995390023,0.009486200460997685,0.40967240092199536,3.0,1.98764416,1.98764416,TP,129,20,2.0,1.5,0.404825,0.390925,0.397875,3.493451,0.006324,0.9532,0.1476,BALANCED,NORMAL,BALANCED_NORMAL,2395
XRPUSDT,bb_balanced,2.0,2023-02-09 20:00:00+00:00,2023-02-09 22:50:00+00:00,1,0.3876,0.3754164209869181,0.012183579013081924,0.41196715802616385,3.0,-1.00954399,-1.00954399,SL,35,20,2.0,1.5,0.405904,0.388326,0.397115,4.426499,0.008122,1.2399,0.1377,BALANCED,NORMAL,BALANCED_NORMAL,2399
XRPUSDT,bb_balanced,2.0,2023-02-15 20:00:00+00:00,2023-02-16 00:15:00+00:00,-1,0.3939,0.40365710110425496,0.009757101104254984,0.37438579779149,3.0,-1.01211118,-1.01211118,SL,52,20,2.0,1.5,0.391821,0.361339,0.37658,8.094539,0.006505,0.9848,0.1713,BALANCED,NORMAL,BALANCED_NORMAL,2435
XRPUSDT,bb_balanced,2.0,2023-02-20 16:00:00+00:00,2023-02-24 15:15:00+00:00,-1,0.4027,0.4135689858514615,0.01086898585146151,0.380962028297077,3.0,1.98888489,1.98888489,TP,1144,20,2.0,1.5,0.400016,0.384954,0.392485,3.837637,0.007246,1.1146,0.3116,BALANCED,NORMAL,BALANCED_NORMAL,2464
XRPUSDT,bb_balanced,2.0,2023-02-24 16:00:00+00:00,2023-02-25 20:45:00+00:00,1,0.3812,0.371065319921217,0.010134680078782987,0.40146936015756596,3.0,-1.01128403,-1.01128403,SL,346,20,2.0,1.5,0.396894,0.384056,0.390475,3.287628,0.006756,0.971,0.346,BALANCED,NORMAL,BALANCED_NORMAL,2488
XRPUSDT,bb_balanced,2.0,2023-03-01 08:00:00+00:00,2023-03-03 01:25:00+00:00,-1,0.3821,0.39010924885872167,0.008009248858721674,0.36608150228255665,3.0,1.9856878,1.9856878,TP,498,20,2.0,1.5,0.381122,0.372938,0.37703,2.170645,0.005339,0.8473,0.1206,BALANCED,NORMAL,BALANCED_NORMAL,2516
XRPUSDT,bb_balanced,2.0,2023-03-03 04:00:00+00:00,2023-03-08 00:30:00+00:00,1,0.3642,0.3539909699698917,0.010209030030108313,0.38461806006021665,3.0,1.98929771,1.98929771,TP,1399,20,2.0,1.5,0.385633,0.369987,0.37781,4.14138,0.006806,1.1696,0.2093,BALANCED,NORMAL,BALANCED_NORMAL,2527
XRPUSDT,bb_balanced,2.0,2023-03-06 12:00:00+00:00,2023-03-07 14:35:00+00:00,1,0.361,0.3528273826854485,0.008172617314551489,0.37734523462910297,3.0,1.98674843,1.98674843,TP,320,20,2.0,1.5,0.379397,0.361293,0.370345,4.888152,0.005448,0.996,0.1013,BALANCED,NORMAL,BALANCED_NORMAL,2547
XRPUSDT,bb_balanced,2.0,2023-03-07 20:00:00+00:00,2023-03-08 11:40:00+00:00,-1,0.38,0.3887946283163833,0.00879462831638328,0.36241074336723345,3.0,-1.01296246,-1.01296246,SL,189,20,2.0,1.5,0.379478,0.361272,0.370375,4.915763,0.005863,1.0588,0.108,BALANCED,NORMAL,BALANCED_NORMAL,2555
XRPUSDT,bb_balanced,2.0,2023-03-14 16:00:00+00:00,2023-03-15 17:45:00+00:00,-1,0.3845,0.3985426323295302,0.01404263232953018,0.35641473534093965,3.0,1.99178573,1.99178573,TP,310,20,2.0,1.5,0.379633,0.351427,0.36553,7.716346,0.009362,1.1939,0.2596,BALANCED,NORMAL,BALANCED_NORMAL,2596
XRPUSDT,bb_balanced,2.0,2023-03-18 04:00:00+00:00,2023-03-19 11:40:00+00:00,-1,0.3839,0.3967983355722397,0.012898335572239683,0.35810332885552065,3.0,-1.00892906,-1.00892906,SL,381,20,2.0,1.5,0.382298,0.354882,0.36859,7.4382,0.008599,0.9854,0.0988,BALANCED,NORMAL,BALANCED_NORMAL,2617
XRPUSDT,bb_balanced,2.0,2023-03-28 16:00:00+00:00,2023-03-28 18:45:00+00:00,-1,0.4975,0.5228019577628145,0.025301957762814464,0.44689608447437107,3.0,-1.00589875,-1.00589875,SL,34,20,2.0,1.5,0.495045,0.429575,0.46231,14.161384,0.016868,1.0857,0.3355,BALANCED,NORMAL,BALANCED_NORMAL,2680
XRPUSDT,bb_balanced,2.0,2023-04-01 08:00:00+00:00,2023-04-03 21:00:00+00:00,1,0.509,0.4817023229777876,0.02729767702221242,0.5635953540444248,3.0,-1.00559388,-1.00559388,SL,733,20,2.0,1.5,0.562481,0.513889,0.538185,9.028816,0.018198,1.0095,0.0282,BALANCED,NORMAL,BALANCED_NORMAL,2702
XRPUSDT,bb_balanced,2.0,2023-04-11 00:00:00+00:00,2023-04-11 05:50:00+00:00,-1,0.5173,0.5280387161537362,0.010738716153736227,0.4958225676925275,3.0,-1.01445145,-1.01445145,SL,71,20,2.0,1.5,0.515491,0.499139,0.507315,3.223199,0.007159,0.6361,0.2412,BALANCED,NORMAL,BALANCED_NORMAL,2760
XRPUSDT,bb_balanced,2.0,2023-04-14 08:00:00+00:00,2023-04-19 08:20:00+00:00,-1,0.5283,0.5409910117617014,0.012691011761701398,0.5029179764765972,3.0,1.98751163,1.98751163,TP,1445,20,2.0,1.5,0.526869,0.496941,0.511905,5.846405,0.008461,0.9839,0.1909,BALANCED,NORMAL,BALANCED_NORMAL,2780
XRPUSDT,bb_balanced,2.0,2023-04-17 16:00:00+00:00,2023-04-18 23:00:00+00:00,1,0.5079,0.4968945673723016,0.01100543262769843,0.5299108652553969,3.0,1.98615502,1.98615502,TP,373,20,2.0,1.5,0.529225,0.508855,0.51904,3.924617,0.007337,0.9542,0.2955,BALANCED,NORMAL,BALANCED_NORMAL,2800
XRPUSDT,bb_balanced,2.0,2023-04-19 00:00:00+00:00,2023-04-19 08:10:00+00:00,-1,0.5327,0.5444737631311987,0.011773763131198711,0.5091524737376025,3.0,1.9864266,1.9864266,TP,99,20,2.0,1.5,0.528139,0.506441,0.51729,4.194602,0.007849,1.0275,0.2152,BALANCED,NORMAL,BALANCED_NORMAL,2808
XRPUSDT,bb_balanced,2.0,2023-04-26 16:00:00+00:00,2023-04-26 19:35:00+00:00,-1,0.4774,0.4916059587653896,0.014205958765389604,0.4489880824692208,3.0,1.98991832,1.98991832,TP,44,20,2.0,1.5,0.475759,0.451231,0.463495,5.291759,0.009471,0.8859,0.0677,BALANCED,NORMAL,BALANCED_NORMAL,2854
XRPUSDT,bb_balanced,2.0,2023-05-01 04:00:00+00:00,2023-05-03 12:10:00+00:00,1,0.4645,0.45193393899886086,0.012566061001139162,0.48963212200227835,3.0,-1.01108939,-1.01108939,SL,675,20,2.0,1.5,0.483949,0.465041,0.474495,3.984685,0.008377,0.8005,0.0337,BALANCED,NORMAL,BALANCED_NORMAL,2881
XRPUSDT,bb_balanced,2.0,2023-05-08 00:00:00+00:00,2023-05-08 01:40:00+00:00,1,0.4486,0.44018075028995257,0.008419249710047427,0.46543849942009485,3.0,-1.0159848,-1.0159848,SL,21,20,2.0,1.5,0.4679,0.45084,0.45937,3.713871,0.005613,0.8235,0.1446,BALANCED,NORMAL,BALANCED_NORMAL,2922
XRPUSDT,bb_balanced,2.0,2023-05-16 12:00:00+00:00,2023-05-16 23:15:00+00:00,1,0.4216,0.4129482567422885,0.008651743257711453,0.4389034865154229,3.0,1.98538098,1.98538098,TP,136,20,2.0,1.5,0.42881,0.42244,0.425625,1.496569,0.005768,0.77,0.1361,BALANCED,NORMAL,BALANCED_NORMAL,2973
XRPUSDT,bb_balanced,2.0,2023-05-17 08:00:00+00:00,2023-05-18 10:15:00+00:00,-1,0.449,0.46159990621352986,0.012599906213529855,0.4238001875729403,3.0,-1.01069056,-1.01069056,SL,316,20,2.0,1.5,0.447855,0.410185,0.42902,8.780491,0.0084,1.1354,0.3239,BALANCED,NORMAL,BALANCED_NORMAL,2978
XRPUSDT,bb_balanced,2.0,2023-05-22 04:00:00+00:00,2023-05-24 13:50:00+00:00,1,0.4555,0.4443268413241011,0.011173158675898909,0.47784631735179783,3.0,-1.0122302,-1.0122302,SL,695,20,2.0,1.5,0.471665,0.455855,0.46376,3.408997,0.007449,0.9606,0.0311,BALANCED,NORMAL,BALANCED_NORMAL,3007
XRPUSDT,bb_balanced,2.0,2023-05-24 16:00:00+00:00,2023-05-27 03:50:00+00:00,1,0.4506,0.4400385702053266,0.010561429794673394,0.4717228595893468,3.0,1.9872006,1.9872006,TP,719,20,2.0,1.5,0.466803,0.452537,0.45967,3.10343,0.007041,0.8823,0.3309,BALANCED,NORMAL,BALANCED_NORMAL,3022
XRPUSDT,bb_balanced,2.0,2023-05-27 04:00:00+00:00,2023-05-28 22:00:00+00:00,-1,0.4735,0.4841801107150654,0.010680110715065416,0.45213977856986914,3.0,-1.01330042,-1.01330042,SL,505,20,2.0,1.5,0.472187,0.443733,0.45796,6.213422,0.00712,0.9279,0.1595,BALANCED,NORMAL,BALANCED_NORMAL,3037
XRPUSDT,bb_balanced,2.0,2023-06-05 16:00:00+00:00,2023-06-05 16:00:00+00:00,1,0.5038,0.4868958341542247,0.01690416584577531,0.5376083316915506,3.0,-1.00894099,-1.00894099,SL,1,20,2.0,1.5,0.54086,0.50876,0.52481,6.116322,0.011269,1.2671,0.1348,BALANCED,NORMAL,BALANCED_NORMAL,3094
XRPUSDT,bb_balanced,2.0,2023-06-10 12:00:00+00:00,2023-06-13 10:55:00+00:00,1,0.4951,0.4747816911837574,0.02031830881624258,0.5357366176324851,3.0,1.99268984,1.99268984,TP,852,20,2.0,1.5,0.543307,0.498793,0.52105,8.543134,0.013546,1.2562,0.3114,BALANCED,NORMAL,BALANCED_NORMAL,3123
XRPUSDT,bb_balanced,2.0,2023-06-13 12:00:00+00:00,2023-06-13 13:50:00+00:00,-1,0.5613,0.5812530141138683,0.019953014113868295,0.5213939717722634,3.0,1.99156067,1.99156067,TP,23,20,2.0,1.5,0.545301,0.482659,0.51398,12.187667,0.013302,1.0954,0.2602,BALANCED,NORMAL,BALANCED_NORMAL,3141
XRPUSDT,bb_balanced,2.0,2023-06-15 00:00:00+00:00,2023-06-16 11:25:00+00:00,1,0.4796,0.4543827568604413,0.025217243139558754,0.5300344862791175,3.0,-1.00570562,-1.00570562,SL,426,20,2.0,1.5,0.546437,0.485173,0.515805,11.87755,0.016811,1.3059,0.1375,BALANCED,NORMAL,BALANCED_NORMAL,3150
XRPUSDT,bb_balanced,2.0,2023-06-18 16:00:00+00:00,2023-06-22 02:00:00+00:00,-1,0.4925,0.5091691361808115,0.016669136180811506,0.459161727638377,3.0,-1.00886369,-1.00886369,SL,985,20,2.0,1.5,0.490571,0.464669,0.47762,5.423237,0.011113,0.8111,0.2954,BALANCED,NORMAL,BALANCED_NORMAL,3172
XRPUSDT,bb_balanced,2.0,2023-06-22 04:00:00+00:00,2023-06-22 11:05:00+00:00,-1,0.5163,0.5329781478129941,0.01667814781299415,0.4829437043740117,3.0,1.990713,1.990713,TP,86,20,2.0,1.5,0.507466,0.477524,0.492495,6.079751,0.011119,0.8919,0.2624,BALANCED,NORMAL,BALANCED_NORMAL,3193
XRPUSDT,bb_balanced,2.0,2023-06-28 08:00:00+00:00,2023-06-28 19:25:00+00:00,1,0.4731,0.4608337068921641,0.012266293107835946,0.4976325862156719,3.0,-1.01157073,-1.01157073,SL,138,20,2.0,1.5,0.493148,0.474082,0.483615,3.942458,0.008178,0.8147,0.2594,BALANCED,NORMAL,BALANCED_NORMAL,3230
XRPUSDT,bb_balanced,2.0,2023-07-05 12:00:00+00:00,2023-07-06 14:10:00+00:00,1,0.4777,0.46438183350571205,0.013318166494287964,0.5043363329885759,3.0,-1.01076049,-1.01076049,SL,315,20,2.0,1.5,0.493117,0.477873,0.485495,3.140078,0.008879,0.9734,0.224,BALANCED,NORMAL,BALANCED_NORMAL,3273
XRPUSDT,bb_balanced,2.0,2023-07-19 00:00:00+00:00,2023-07-19 17:45:00+00:00,-1,0.7776,0.8261754711609639,0.048575471160963946,0.6804490576780721,3.0,-1.00480242,-1.00480242,SL,214,20,2.0,1.5,0.777347,0.707573,0.74246,9.397673,0.032384,1.1297,0.2895,BALANCED,NORMAL,BALANCED_NORMAL,3354
XRPUSDT,bb_balanced,2.0,2023-07-23 00:00:00+00:00,2023-07-24 09:50:00+00:00,1,0.7326,0.6957910323131251,0.036808967686874916,0.8062179353737499,3.0,-1.00597083,-1.00597083,SL,407,20,2.0,1.5,0.837227,0.735433,0.78633,12.945375,0.024539,0.697,0.3301,BALANCED,NORMAL,BALANCED_NORMAL,3378
XRPUSDT,bb_balanced,2.0,2023-07-30 12:00:00+00:00,2023-07-30 20:00:00+00:00,-1,0.7194,0.7360736673999205,0.01667366739992049,0.6860526652001591,3.0,1.98705624,1.98705624,TP,97,20,2.0,1.5,0.719249,0.704951,0.7121,2.007939,0.011116,0.6073,0.0273,BALANCED,NORMAL,BALANCED_NORMAL,3423
XRPUSDT,bb_balanced,2.0,2023-07-31 16:00:00+00:00,2023-08-01 02:10:00+00:00,1,0.6961,0.6781817304512878,0.01791826954871223,0.7319365390974245,3.0,-1.01165459,-1.01165459,SL,123,20,2.0,1.5,0.718802,0.699248,0.709025,2.757897,0.011946,0.7179,0.1535,BALANCED,NORMAL,BALANCED_NORMAL,3430
XRPUSDT,bb_balanced,2.0,2023-08-01 00:00:00+00:00,2023-08-01 02:10:00+00:00,1,0.6973,0.6750388390115696,0.02226116098843045,0.7418223219768609,3.0,-1.00939708,-1.00939708,SL,27,20,2.0,1.5,0.719802,0.697308,0.708555,3.174666,0.014841,0.9097,0.1645,BALANCED,NORMAL,BALANCED_NORMAL,3432
XRPUSDT,bb_balanced,2.0,2023-08-03 08:00:00+00:00,2023-08-04 18:45:00+00:00,1,0.67,0.6508883151842433,0.019111684815756758,0.7082233696315136,3.0,-1.01051713,-1.01051713,SL,418,20,2.0,1.5,0.714622,0.674158,0.69439,5.827143,0.012741,0.8881,0.2844,BALANCED,NORMAL,BALANCED_NORMAL,3446
XRPUSDT,bb_balanced,2.0,2023-08-09 00:00:00+00:00,2023-08-09 13:20:00+00:00,-1,0.6416,0.6599854225855873,0.018385422585587397,0.6048291548288252,3.0,-1.01046916,-1.01046916,SL,161,20,2.0,1.5,0.640471,0.611419,0.625945,4.641316,0.012257,0.9415,0.2062,BALANCED,NORMAL,BALANCED_NORMAL,3480
XRPUSDT,bb_balanced,2.0,2023-08-15 20:00:00+00:00,2023-08-16 13:40:00+00:00,1,0.602,0.5863575607544589,0.015642439245541095,0.6332848784910822,3.0,-1.01154551,-1.01154551,SL,213,20,2.0,1.5,0.640121,0.614529,0.627325,4.079667,0.010428,1.0256,0.3374,BALANCED,NORMAL,BALANCED_NORMAL,3521
XRPUSDT,bb_balanced,2.0,2023-08-29 16:00:00+00:00,2023-08-31 16:55:00+00:00,-1,0.5349,0.5479723002634385,0.013072300263438419,0.5087553994731232,3.0,1.98772443,1.98772443,TP,588,20,2.0,1.5,0.531799,0.513431,0.522615,3.514784,0.008715,0.801,0.2416,BALANCED,NORMAL,BALANCED_NORMAL,3604
XRPUSDT,bb_balanced,2.0,2023-08-31 20:00:00+00:00,2023-09-01 16:55:00+00:00,1,0.5097,0.4958836558225733,0.01381634417742672,0.5373326883548535,3.0,-1.01106733,-1.01106733,SL,252,20,2.0,1.5,0.540607,0.510073,0.52534,5.81214,0.009211,1.013,0.088,BALANCED,NORMAL,BALANCED_NORMAL,3617
XRPUSDT,bb_balanced,2.0,2023-09-06 16:00:00+00:00,2023-09-11 07:15:00+00:00,1,0.4972,0.48796991836582726,0.009230081634172715,0.5156601632683454,3.0,-1.0161602,-1.0161602,SL,1336,20,2.0,1.5,0.509373,0.498057,0.503715,2.246654,0.006153,0.7964,0.1386,BALANCED,NORMAL,BALANCED_NORMAL,3652
XRPUSDT,bb_balanced,2.0,2023-09-10 16:00:00+00:00,2023-09-11 07:05:00+00:00,1,0.4961,0.4890373873878019,0.007062612612198094,0.5102252252243962,3.0,-1.02107294,-1.02107294,SL,182,20,2.0,1.5,0.506995,0.496585,0.50179,2.074557,0.004708,0.7463,0.1098,BALANCED,NORMAL,BALANCED_NORMAL,3676
XRPUSDT,bb_balanced,2.0,2023-09-18 08:00:00+00:00,2023-09-19 02:35:00+00:00,1,0.491,0.48102174537775044,0.00997825462224955,0.5109565092444991,3.0,1.9852379,1.9852379,TP,224,20,2.0,1.5,0.502739,0.491171,0.496955,2.32775,0.006652,0.9218,0.04,BALANCED,NORMAL,BALANCED_NORMAL,3722
XRPUSDT,bb_balanced,2.0,2023-09-19 04:00:00+00:00,2023-09-20 02:00:00+00:00,-1,0.5085,0.5198156876477414,0.01131568764774149,0.48586862470451697,3.0,-1.01348128,-1.01348128,SL,265,20,2.0,1.5,0.507017,0.491343,0.49918,3.14015,0.007544,1.0102,0.1901,BALANCED,NORMAL,BALANCED_NORMAL,3727
XRPUSDT,bb_balanced,2.0,2023-09-25 00:00:00+00:00,2023-09-25 07:25:00+00:00,1,0.5017,0.4929551095556969,0.008744890444303155,0.5191897808886063,3.0,-1.01721119,-1.01721119,SL,90,20,2.0,1.5,0.515159,0.504151,0.509655,2.160031,0.00583,0.8021,0.0649,BALANCED,NORMAL,BALANCED_NORMAL,3762
XRPUSDT,bb_balanced,2.0,2023-09-29 00:00:00+00:00,2023-09-29 12:00:00+00:00,-1,0.5093,0.5183126819535445,0.009012681953544543,0.4912746360929109,3.0,-1.01695278,-1.01695278,SL,145,20,2.0,1.5,0.50921,0.4964,0.502805,2.547641,0.006008,0.8699,0.1763,BALANCED,NORMAL,BALANCED_NORMAL,3786
XRPUSDT,bb_balanced,2.0,2023-10-03 08:00:00+00:00,2023-10-03 23:00:00+00:00,1,0.5095,0.49755430668201744,0.011945693317982509,0.533391386635965,3.0,1.98720459,1.98720459,TP,181,20,2.0,1.5,0.524867,0.509943,0.517405,2.884406,0.007964,1.1597,0.2214,BALANCED,NORMAL,BALANCED_NORMAL,3812
XRPUSDT,bb_balanced,2.0,2023-10-08 16:00:00+00:00,2023-10-09 08:30:00+00:00,1,0.5173,0.5090018953973087,0.008298104602691314,0.5338962092053826,3.0,-1.01870186,-1.01870186,SL,199,20,2.0,1.5,0.526122,0.517538,0.52183,1.644942,0.005532,0.682,0.1662,BALANCED,NORMAL,BALANCED_NORMAL,3844
XRPUSDT,bb_balanced,2.0,2023-10-19 04:00:00+00:00,2023-10-19 20:40:00+00:00,1,0.483,0.4747007842466815,0.00829921575331849,0.49959843150663696,3.0,1.98254052,1.98254052,TP,201,20,2.0,1.5,0.497133,0.484027,0.49058,2.671426,0.005533,0.9253,0.1116,BALANCED,NORMAL,BALANCED_NORMAL,3907
XRPUSDT,bb_balanced,2.0,2023-10-23 12:00:00+00:00,2023-10-23 22:40:00+00:00,-1,0.5312,0.5439675704752654,0.012767570475265444,0.5056648590494691,3.0,-1.01248162,-1.01248162,SL,129,20,2.0,1.5,0.528762,0.510178,0.51947,3.57764,0.008512,1.2442,0.162,BALANCED,NORMAL,BALANCED_NORMAL,3933
XRPUSDT,bb_balanced,2.0,2023-10-29 20:00:00+00:00,2023-10-30 13:35:00+00:00,-1,0.5588,0.571670704522876,0.012870704522876086,0.5330585909542478,3.0,-1.01302493,-1.01302493,SL,212,20,2.0,1.5,0.558439,0.539471,0.548955,3.455132,0.00858,0.786,0.0383,BALANCED,NORMAL,BALANCED_NORMAL,3971
XRPUSDT,bb_balanced,2.0,2023-11-05 04:00:00+00:00,2023-11-05 10:30:00+00:00,-1,0.6254,0.6424188676034974,0.017018867603497467,0.591362264793005,3.0,-1.01102424,-1.01102424,SL,79,20,2.0,1.5,0.622634,0.597896,0.610265,4.053555,0.011346,0.9253,0.1737,BALANCED,NORMAL,BALANCED_NORMAL,4009
XRPUSDT,bb_balanced,2.0,2023-11-10 08:00:00+00:00,2023-11-13 20:50:00+00:00,1,0.6541,0.617331285062283,0.03676871493771705,0.7276374298754341,3.0,1.99466313,1.99466313,TP,1019,20,2.0,1.5,0.706735,0.657975,0.682355,7.14585,0.024512,1.4029,0.3312,BALANCED,NORMAL,BALANCED_NORMAL,4040
XRPUSDT,bb_balanced,2.0,2023-11-14 20:00:00+00:00,2023-11-21 18:00:00+00:00,1,0.6223,0.5840296936022961,0.0382703063977039,0.6988406127954078,3.0,-1.00487819,-1.00487819,SL,1993,20,2.0,1.5,0.681385,0.636945,0.659165,6.742004,0.025514,1.1964,0.3378,BALANCED,NORMAL,BALANCED_NORMAL,4067
XRPUSDT,bb_balanced,2.0,2023-11-21 20:00:00+00:00,2023-11-21 22:55:00+00:00,1,0.5952,0.5743937326107859,0.020806267389214095,0.6368125347784281,3.0,-1.00858203,-1.00858203,SL,36,20,2.0,1.5,0.629851,0.598759,0.614305,5.061453,0.013871,0.8092,0.1096,BALANCED,NORMAL,BALANCED_NORMAL,4109
XRPUSDT,bb_balanced,2.0,2023-11-27 04:00:00+00:00,2023-11-27 19:45:00+00:00,1,0.6098,0.5954359075312725,0.014364092468727496,0.638528184937455,3.0,-1.01273592,-1.01273592,SL,190,20,2.0,1.5,0.628,0.6132,0.6206,2.384876,0.009576,0.806,0.2021,BALANCED,NORMAL,BALANCED_NORMAL,4141
XRPUSDT,bb_balanced,2.0,2023-12-02 20:00:00+00:00,2023-12-03 10:25:00+00:00,-1,0.6195,0.6287790483876011,0.009279048387601074,0.6009419032247979,3.0,-1.02002899,-1.02002899,SL,174,20,2.0,1.5,0.618133,0.601557,0.609845,2.718047,0.006186,0.7353,0.2071,BALANCED,NORMAL,BALANCED_NORMAL,4175
XRPUSDT,bb_balanced,2.0,2023-12-07 00:00:00+00:00,2023-12-08 15:55:00+00:00,-1,0.6405,0.659654024703962,0.01915402470396199,0.602191950592076,3.0,-1.01003183,-1.01003183,SL,480,20,2.0,1.5,0.637096,0.609124,0.62311,4.489042,0.012769,1.448,0.1906,BALANCED,NORMAL,BALANCED_NORMAL,4200
XRPUSDT,bb_balanced,2.0,2023-12-11 08:00:00+00:00,2023-12-13 07:00:00+00:00,1,0.6218,0.5937409650994313,0.028059034900568713,0.6779180698011374,3.0,-1.00664813,-1.00664813,SL,565,20,2.0,1.5,0.69667,0.62678,0.661725,10.561731,0.018706,1.4927,0.1378,BALANCED,NORMAL,BALANCED_NORMAL,4226
XRPUSDT,bb_balanced,2.0,2023-12-18 04:00:00+00:00,2023-12-18 10:05:00+00:00,1,0.6059,0.5906337842815453,0.015266215718454657,0.6364324314369093,3.0,-1.01190668,-1.01190668,SL,74,20,2.0,1.5,0.635323,0.607497,0.62141,4.47802,0.010177,0.7195,0.335,BALANCED,NORMAL,BALANCED_NORMAL,4267
XRPUSDT,bb_balanced,2.0,2023-12-25 00:00:00+00:00,2023-12-25 09:35:00+00:00,1,0.6129,0.5988678376844233,0.01403216231557669,0.6409643246311534,3.0,1.98689653,1.98689653,TP,116,20,2.0,1.5,0.625958,0.613182,0.61957,2.062021,0.009355,0.9781,0.0485,BALANCED,NORMAL,BALANCED_NORMAL,4308
XRPUSDT,bb_balanced,2.0,2023-12-25 16:00:00+00:00,2023-12-26 17:35:00+00:00,-1,0.6344,0.6507078388664927,0.016307838866492785,0.6017843222670144,3.0,1.98832954,1.98832954,TP,308,20,2.0,1.5,0.634385,0.607325,0.620855,4.358565,0.010872,1.1422,0.1626,BALANCED,NORMAL,BALANCED_NORMAL,4312
XRPUSDT,bb_balanced,2.0,2024-01-01 04:00:00+00:00,2024-01-03 12:00:00+00:00,1,0.6132,0.5988402491016444,0.014359750898355617,0.6419195017967112,3.0,-1.01281081,-1.01281081,SL,673,20,2.0,1.5,0.63405,0.61378,0.623915,3.248696,0.009573,0.841,0.2956,BALANCED,NORMAL,BALANCED_NORMAL,4351
XRPUSDT,bb_balanced,2.0,2024-01-02 04:00:00+00:00,2024-01-03 12:00:00+00:00,-1,0.6344,0.6468058841971059,0.012405884197105976,0.609588231605788,3.0,1.98465889,1.98465889,TP,385,20,2.0,1.5,0.632457,0.613093,0.622775,3.10915,0.008271,0.7197,0.1853,BALANCED,NORMAL,BALANCED_NORMAL,4357
XRPUSDT,bb_balanced,2.0,2024-01-08 20:00:00+00:00,2024-01-10 22:10:00+00:00,-1,0.5806,0.6012513066113843,0.020651306611384257,0.5392973867772315,3.0,-1.00843433,-1.00843433,SL,603,20,2.0,1.5,0.578817,0.554063,0.56644,4.370093,0.013768,1.0647,0.1143,BALANCED,NORMAL,BALANCED_NORMAL,4397
XRPUSDT,bb_balanced,2.0,2024-01-11 00:00:00+00:00,2024-01-18 19:55:00+00:00,-1,0.6011,0.6279184184048362,0.02681841840483623,0.5474631631903275,3.0,1.99327589,1.99327589,TP,2256,20,2.0,1.5,0.589765,0.548185,0.568975,7.307805,0.017879,1.2534,0.2457,BALANCED,NORMAL,BALANCED_NORMAL,4410
XRPUSDT,bb_balanced,2.0,2024-01-18 12:00:00+00:00,2024-01-18 17:50:00+00:00,1,0.5633,0.55122452877178,0.012075471228220058,0.5874509424564401,3.0,-1.01399448,-1.01399448,SL,71,20,2.0,1.5,0.582511,0.564129,0.57332,3.206388,0.00805,0.6009,0.3383,BALANCED,NORMAL,BALANCED_NORMAL,4455
XRPUSDT,bb_balanced,2.0,2024-01-22 08:00:00+00:00,2024-01-22 10:25:00+00:00,1,0.5372,0.525838732639684,0.011361267360316063,0.5599225347206321,3.0,-1.01418504,-1.01418504,SL,30,20,2.0,1.5,0.556907,0.538523,0.547715,3.356495,0.007574,0.7804,0.2387,BALANCED,NORMAL,BALANCED_NORMAL,4478
XRPUSDT,bb_balanced,2.0,2024-01-27 00:00:00+00:00,2024-01-30 21:00:00+00:00,-1,0.532,0.5444423388312805,0.01244233883128043,0.5071153223374392,3.0,1.98717283,1.98717283,TP,1117,20,2.0,1.5,0.528907,0.503833,0.51637,4.855883,0.008295,0.9442,0.3333,BALANCED,NORMAL,BALANCED_NORMAL,4506
XRPUSDT,bb_balanced,2.0,2024-01-30 04:00:00+00:00,2024-01-30 19:20:00+00:00,-1,0.5372,0.5475993106311664,0.010399310631166392,0.5164013787376672,3.0,1.98450282,1.98450282,TP,185,20,2.0,1.5,0.536994,0.522666,0.52983,2.704409,0.006933,0.8586,0.1285,BALANCED,NORMAL,BALANCED_NORMAL,4525
XRPUSDT,bb_balanced,2.0,2024-01-30 20:00:00+00:00,2024-01-31 00:20:00+00:00,1,0.5143,0.5026315217373817,0.011668478262618298,0.5376369565252366,3.0,-1.0132228,-1.0132228,SL,53,20,2.0,1.5,0.539285,0.518885,0.529085,3.855734,0.007779,0.9672,0.268,BALANCED,NORMAL,BALANCED_NORMAL,4529
XRPUSDT,bb_balanced,2.0,2024-02-03 12:00:00+00:00,2024-02-11 09:30:00+00:00,-1,0.5215,0.5342079621144936,0.012707962114493654,0.49608407577101266,3.0,-1.01231118,-1.01231118,SL,2275,20,2.0,1.5,0.518078,0.492642,0.50536,5.033338,0.008472,1.084,0.1451,BALANCED,NORMAL,BALANCED_NORMAL,4551
XRPUSDT,bb_balanced,2.0,2024-02-08 00:00:00+00:00,2024-02-09 11:45:00+00:00,-1,0.5136,0.5234499151977858,0.009849915197785886,0.4939001696044282,3.0,-1.01564277,-1.01564277,SL,430,20,2.0,1.5,0.511613,0.499067,0.50534,2.482656,0.006567,0.8216,0.0482,BALANCED,NORMAL,BALANCED_NORMAL,4578
XRPUSDT,bb_balanced,2.0,2024-02-14 20:00:00+00:00,2024-02-15 03:10:00+00:00,-1,0.5389,0.5504605786428549,0.011560578642854868,0.5157788427142903,3.0,-1.01398459,-1.01398459,SL,87,20,2.0,1.5,0.537288,0.517542,0.527415,3.743939,0.007707,1.1504,0.085,BALANCED,NORMAL,BALANCED_NORMAL,4619
XRPUSDT,bb_balanced,2.0,2024-02-21 08:00:00+00:00,2024-02-23 08:50:00+00:00,1,0.5472,0.5294658675611517,0.01773413243884836,0.5826682648776967,3.0,-1.00925673,-1.00925673,SL,587,20,2.0,1.5,0.571045,0.549175,0.56011,3.904417,0.011823,1.217,0.0366,BALANCED,NORMAL,BALANCED_NORMAL,4658
XRPUSDT,bb_balanced,2.0,2024-02-26 12:00:00+00:00,2024-02-26 17:15:00+00:00,1,0.531,0.5204787010309627,0.010521298969037307,0.5520425979380746,3.0,1.98485928,1.98485928,TP,64,20,2.0,1.5,0.550987,0.531373,0.54118,3.624249,0.007014,0.7147,0.1274,BALANCED,NORMAL,BALANCED_NORMAL,4689
XRPUSDT,bb_balanced,2.0,2024-02-27 12:00:00+00:00,2024-02-27 17:50:00+00:00,-1,0.5602,0.5727377939497785,0.012537793949778497,0.535124412100443,3.0,-1.01340427,-1.01340427,SL,71,20,2.0,1.5,0.557722,0.533878,0.5458,4.368786,0.008359,0.8702,0.3333,BALANCED,NORMAL,BALANCED_NORMAL,4695
XRPUSDT,bb_balanced,2.0,2024-03-10 16:00:00+00:00,2024-03-11 00:50:00+00:00,1,0.6108,0.5882756366214479,0.022524363378552126,0.6558487267571043,3.0,-1.00813519,-1.00813519,SL,107,20,2.0,1.5,0.63384,0.61304,0.62344,3.33629,0.015016,0.6921,0.1571,BALANCED,NORMAL,BALANCED_NORMAL,4768
XRPUSDT,bb_balanced,2.0,2024-03-14 20:00:00+00:00,2024-03-15 03:25:00+00:00,1,0.6522,0.6171023169395444,0.035097683060455576,0.7223953661209112,3.0,-1.00557473,-1.00557473,SL,90,20,2.0,1.5,0.725556,0.658674,0.692115,9.663305,0.023398,1.0901,0.1042,BALANCED,NORMAL,BALANCED_NORMAL,4793
XRPUSDT,bb_balanced,2.0,2024-03-20 00:00:00+00:00,2024-03-25 19:30:00+00:00,1,0.585,0.5481422592635803,0.036857740736419675,0.6587154814728393,3.0,1.99523845,1.99523845,TP,1675,20,2.0,1.5,0.636729,0.585621,0.611175,8.362359,0.024572,1.0362,0.1753,BALANCED,NORMAL,BALANCED_NORMAL,4824
XRPUSDT,bb_balanced,2.0,2024-03-21 16:00:00+00:00,2024-04-03 00:35:00+00:00,-1,0.6367,0.6709537687381573,0.03425376873815722,0.5681924625236856,3.0,1.99442368,1.99442368,TP,3560,20,2.0,1.5,0.636546,0.575774,0.60616,10.02563,0.022836,0.9826,0.063,BALANCED,NORMAL,BALANCED_NORMAL,4834
XRPUSDT,bb_balanced,2.0,2024-03-25 16:00:00+00:00,2024-03-25 19:35:00+00:00,-1,0.6426,0.6626339165150875,0.02003391651508757,0.6025321669698248,3.0,-1.00962268,-1.00962268,SL,44,20,2.0,1.5,0.641557,0.605383,0.62347,5.802015,0.013356,0.6585,0.0686,BALANCED,NORMAL,BALANCED_NORMAL,4858
XRPUSDT,bb_balanced,2.0,2024-03-27 16:00:00+00:00,2024-04-02 02:35:00+00:00,1,0.6116,0.5908870450445114,0.02071295495548864,0.6530259099109773,3.0,-1.00885822,-1.00885822,SL,1568,20,2.0,1.5,0.65336,0.61431,0.633835,6.160776,0.013809,0.7499,0.1434,BALANCED,NORMAL,BALANCED_NORMAL,4870
XRPUSDT,bb_balanced,2.0,2024-04-01 12:00:00+00:00,2024-04-02 02:35:00+00:00,1,0.6099,0.5936806765020846,0.01621932349791544,0.6423386469958309,3.0,-1.01128099,-1.01128099,SL,176,20,2.0,1.5,0.636727,0.613063,0.624895,3.787007,0.010813,0.8348,0.1287,BALANCED,NORMAL,BALANCED_NORMAL,4899
XRPUSDT,bb_balanced,2.0,2024-04-08 12:00:00+00:00,2024-04-08 16:00:00+00:00,-1,0.6081,0.6229002810188556,0.014800281018855665,0.5784994379622886,3.0,-1.01232612,-1.01232612,SL,49,20,2.0,1.5,0.606373,0.577237,0.591805,4.923189,0.009867,0.8193,0.2386,BALANCED,NORMAL,BALANCED_NORMAL,4941
XRPUSDT,bb_balanced,2.0,2024-04-12 16:00:00+00:00,2024-04-12 17:25:00+00:00,1,0.5938,0.57686300712115,0.016936992878849977,0.6276739857577,3.0,-1.01051781,-1.01051781,SL,18,20,2.0,1.5,0.627871,0.599259,0.613565,4.663324,0.011291,0.9282,0.1387,BALANCED,NORMAL,BALANCED_NORMAL,4966
XRPUSDT,bb_balanced,2.0,2024-04-20 12:00:00+00:00,2024-04-22 15:35:00+00:00,-1,0.5195,0.5420734383864605,0.02257343838646053,0.4743531232270789,3.0,-1.00690413,-1.00690413,SL,620,20,2.0,1.5,0.518664,0.480016,0.49934,7.739782,0.015049,0.8069,0.1566,BALANCED,NORMAL,BALANCED_NORMAL,5013
XRPUSDT,bb_balanced,2.0,2024-04-29 00:00:00+00:00,2024-04-30 11:25:00+00:00,1,0.5099,0.49713728275804464,0.01276271724195538,0.5354254344839108,3.0,-1.01198569,-1.01198569,SL,426,20,2.0,1.5,0.530883,0.510437,0.52066,3.927012,0.008508,0.7538,0.1967,BALANCED,NORMAL,BALANCED_NORMAL,5064
XRPUSDT,bb_balanced,2.0,2024-04-30 12:00:00+00:00,2024-05-01 08:15:00+00:00,1,0.4969,0.48271607699500324,0.014183923004996768,0.5252678460099935,3.0,-1.01050979,-1.01050979,SL,244,20,2.0,1.5,0.526999,0.499691,0.513345,5.319651,0.009456,0.892,0.2709,BALANCED,NORMAL,BALANCED_NORMAL,5073
XRPUSDT,bb_balanced,2.0,2024-05-15 20:00:00+00:00,2024-05-20 19:30:00+00:00,-1,0.5183,0.5302825599223088,0.011982559922308789,0.4943348801553824,3.0,-1.01297636,-1.01297636,SL,1435,20,2.0,1.5,0.514784,0.494246,0.504515,4.070777,0.007988,0.9437,0.2072,BALANCED,NORMAL,BALANCED_NORMAL,5165
XRPUSDT,bb_balanced,2.0,2024-05-19 16:00:00+00:00,2024-05-20 19:25:00+00:00,1,0.5123,0.5044304336064086,0.007869566393591376,0.5280391327871827,3.0,1.98047033,1.98047033,TP,330,20,2.0,1.5,0.526583,0.513997,0.52029,2.419089,0.005246,0.7547,0.2231,BALANCED,NORMAL,BALANCED_NORMAL,5188
XRPUSDT,bb_balanced,2.0,2024-05-21 00:00:00+00:00,2024-05-21 13:45:00+00:00,-1,0.5379,0.5484641841783326,0.010564184178332603,0.5167716316433348,3.0,-1.0152752,-1.0152752,SL,166,20,2.0,1.5,0.534467,0.505053,0.51976,5.659121,0.007043,1.0439,0.2222,BALANCED,NORMAL,BALANCED_NORMAL,5196
XRPUSDT,bb_balanced,2.0,2024-05-30 08:00:00+00:00,2024-06-07 18:00:00+00:00,1,0.5162,0.5044488889950891,0.011751111004910886,0.5397022220098218,3.0,-1.01317833,-1.01317833,SL,2425,20,2.0,1.5,0.537539,0.519581,0.52856,3.397599,0.007834,0.8597,0.1653,BALANCED,NORMAL,BALANCED_NORMAL,5252
XRPUSDT,bb_balanced,2.0,2024-06-04 16:00:00+00:00,2024-06-07 17:55:00+00:00,-1,0.5299,0.538203904852348,0.008303904852347999,0.513292190295304,3.0,1.98085599,1.98085599,TP,888,20,2.0,1.5,0.526791,0.512799,0.519795,2.691772,0.005536,0.8169,0.2655,BALANCED,NORMAL,BALANCED_NORMAL,5284
XRPUSDT,bb_balanced,2.0,2024-06-11 04:00:00+00:00,2024-06-11 15:35:00+00:00,1,0.4879,0.4764413455891452,0.011458654410854807,0.5108173088217096,3.0,-1.01277375,-1.01277375,SL,140,20,2.0,1.5,0.503486,0.488664,0.496075,2.98787,0.007639,1.1984,0.085,BALANCED,NORMAL,BALANCED_NORMAL,5323
XRPUSDT,bb_balanced,2.0,2024-06-14 20:00:00+00:00,2024-06-15 19:25:00+00:00,1,0.4689,0.4565231947102443,0.01237680528975571,0.4936536105795114,3.0,1.98863439,1.98863439,TP,282,20,2.0,1.5,0.49323,0.46963,0.48143,4.90207,0.008251,1.0825,0.1877,BALANCED,NORMAL,BALANCED_NORMAL,5345
XRPUSDT,bb_balanced,2.0,2024-06-24 00:00:00+00:00,2024-06-24 05:20:00+00:00,1,0.4796,0.47042519188083926,0.009174808119160771,0.49794961623832157,3.0,-1.01568207,-1.01568207,SL,65,20,2.0,1.5,0.493077,0.480583,0.48683,2.566379,0.006117,0.6451,0.3181,BALANCED,NORMAL,BALANCED_NORMAL,5400
XRPUSDT,bb_balanced,2.0,2024-07-03 20:00:00+00:00,2024-07-04 01:55:00+00:00,1,0.4625,0.45370191189071907,0.008798088109280955,0.48009617621856193,3.0,-1.01577047,-1.01577047,SL,72,20,2.0,1.5,0.488683,0.467997,0.47834,4.3247,0.005865,1.0819,0.1826,BALANCED,NORMAL,BALANCED_NORMAL,5459
XRPUSDT,bb_balanced,2.0,2024-07-24 12:00:00+00:00,2024-07-31 02:40:00+00:00,-1,0.6283,0.6542270676708773,0.02592706767087738,0.5764458646582452,3.0,-1.00727001,-1.00727001,SL,1905,20,2.0,1.5,0.62304,0.57934,0.60119,7.268803,0.017285,0.9231,0.2511,BALANCED,NORMAL,BALANCED_NORMAL,5583
XRPUSDT,bb_balanced,2.0,2024-07-29 08:00:00+00:00,2024-07-30 09:35:00+00:00,-1,0.61,0.6275868490185332,0.017586849018533246,0.5748263019629335,3.0,-1.0104055,-1.0104055,SL,308,20,2.0,1.5,0.608889,0.592591,0.60074,2.713138,0.011725,0.7225,0.1448,BALANCED,NORMAL,BALANCED_NORMAL,5612
XRPUSDT,bb_balanced,2.0,2024-07-30 20:00:00+00:00,2024-07-31 02:00:00+00:00,-1,0.6287,0.6505650057874596,0.021865005787459535,0.584969988425081,3.0,-1.00862611,-1.00862611,SL,73,20,2.0,1.5,0.624027,0.586873,0.60545,6.136567,0.014577,0.9454,0.2736,BALANCED,NORMAL,BALANCED_NORMAL,5621
XRPUSDT,bb_balanced,2.0,2024-08-08 08:00:00+00:00,2024-09-06 18:55:00+00:00,-1,0.6057,0.6520392607301737,0.04633926073017369,0.5130214785396526,3.0,1.9960787,1.9960787,TP,8484,20,2.0,1.5,0.600013,0.429887,0.51495,33.037346,0.030893,1.4995,0.2555,BALANCED,NORMAL,BALANCED_NORMAL,5672
XRPUSDT,bb_balanced,2.0,2024-08-15 20:00:00+00:00,2024-08-19 17:20:00+00:00,1,0.5561,0.5377217629525017,0.018378237047498303,0.5928564740949966,3.0,1.99092242,1.99092242,TP,1121,20,2.0,1.5,0.582119,0.560501,0.57131,3.783889,0.012252,0.6176,0.2522,BALANCED,NORMAL,BALANCED_NORMAL,5717
XRPUSDT,bb_balanced,2.0,2024-08-18 16:00:00+00:00,2024-08-19 09:15:00+00:00,-1,0.5732,0.5859836151735865,0.012783615173586504,0.547632769652827,3.0,-1.01345159,-1.01345159,SL,208,20,2.0,1.5,0.573051,0.557189,0.56512,2.806874,0.008522,0.6034,0.1078,BALANCED,NORMAL,BALANCED_NORMAL,5734
XRPUSDT,bb_balanced,2.0,2024-08-19 08:00:00+00:00,2024-08-19 10:35:00+00:00,-1,0.5734,0.5865497652793837,0.013149765279383718,0.5471004694412326,3.0,-1.0130816,-1.0130816,SL,32,20,2.0,1.5,0.573323,0.558667,0.565995,2.589478,0.008767,0.6665,0.2019,BALANCED,NORMAL,BALANCED_NORMAL,5738
XRPUSDT,bb_balanced,2.0,2024-08-23 20:00:00+00:00,2024-08-24 13:20:00+00:00,-1,0.6069,0.6208550478041188,0.013955047804118825,0.5789899043917623,3.0,-1.01304689,-1.01304689,SL,209,20,2.0,1.5,0.605625,0.590265,0.597945,2.568961,0.009303,0.9063,0.0183,BALANCED,NORMAL,BALANCED_NORMAL,5765
XRPUSDT,bb_balanced,2.0,2024-08-26 20:00:00+00:00,2024-08-27 21:45:00+00:00,1,0.5811,0.5662754680192641,0.014824531980735856,0.6107490639614717,3.0,-1.01175956,-1.01175956,SL,310,20,2.0,1.5,0.6212,0.58497,0.603085,6.007554,0.009883,0.9898,0.2037,BALANCED,NORMAL,BALANCED_NORMAL,5783
XRPUSDT,bb_balanced,2.0,2024-09-02 00:00:00+00:00,2024-09-04 01:00:00+00:00,1,0.5468,0.5328640914677523,0.013935908532247687,0.5746718170644953,3.0,-1.01177103,-1.01177103,SL,589,20,2.0,1.5,0.572835,0.549855,0.561345,4.093581,0.009291,0.8839,0.2947,BALANCED,NORMAL,BALANCED_NORMAL,5820
XRPUSDT,bb_balanced,2.0,2024-09-09 20:00:00+00:00,2024-09-12 12:45:00+00:00,-1,0.5384,0.549328062250197,0.010928062250197046,0.5165438754996059,3.0,-1.0147803,-1.0147803,SL,778,20,2.0,1.5,0.536818,0.517742,0.52728,3.617752,0.007285,0.8056,0.005,BALANCED,NORMAL,BALANCED_NORMAL,5867
XRPUSDT,bb_balanced,2.0,2024-09-21 20:00:00+00:00,2024-09-28 10:15:00+00:00,-1,0.5999,0.6136329699309677,0.013732969930967731,0.5724340601380645,3.0,-1.01310496,-1.01310496,SL,1900,20,2.0,1.5,0.597611,0.570959,0.584285,4.561303,0.009155,0.9833,0.3375,BALANCED,NORMAL,BALANCED_NORMAL,5939
XRPUSDT,bb_balanced,2.0,2024-09-28 08:00:00+00:00,2024-09-28 11:00:00+00:00,-1,0.6076,0.620466931979546,0.012866931979546026,0.581866136040908,3.0,-1.01416655,-1.01416655,SL,37,20,2.0,1.5,0.599409,0.578671,0.58904,3.520798,0.008578,1.027,0.2554,BALANCED,NORMAL,BALANCED_NORMAL,5978
XRPUSDT,bb_balanced,2.0,2024-10-11 08:00:00+00:00,2024-10-14 15:45:00+00:00,-1,0.538,0.5510642956407887,0.013064295640788703,0.5118714087184226,3.0,-1.01235428,-1.01235428,SL,958,20,2.0,1.5,0.537386,0.522994,0.53019,2.714634,0.00871,0.6976,0.1276,BALANCED,NORMAL,BALANCED_NORMAL,6056
XRPUSDT,bb_balanced,2.0,2024-10-14 16:00:00+00:00,2024-10-17 04:35:00+00:00,-1,0.549,0.5592990201334123,0.010299020133412218,0.5284019597331756,3.0,-1.01599181,-1.01599181,SL,728,20,2.0,1.5,0.546522,0.527298,0.53691,3.580354,0.006866,0.8178,0.1864,BALANCED,NORMAL,BALANCED_NORMAL,6076
XRPUSDT,bb_balanced,2.0,2024-10-21 12:00:00+00:00,2024-10-22 09:05:00+00:00,-1,0.554,0.5640046839299818,0.010004683929981772,0.5339906321400365,3.0,1.98338778,1.98338778,TP,254,20,2.0,1.5,0.552068,0.538912,0.54549,2.41193,0.00667,0.9232,0.2301,BALANCED,NORMAL,BALANCED_NORMAL,6117
XRPUSDT,bb_balanced,2.0,2024-10-22 12:00:00+00:00,2024-10-23 15:40:00+00:00,1,0.5339,0.5223941299589522,0.011505870041047861,0.5569117400820958,3.0,-1.01392072,-1.01392072,SL,333,20,2.0,1.5,0.552623,0.536497,0.54456,2.961418,0.007671,1.0446,0.2092,BALANCED,NORMAL,BALANCED_NORMAL,6123
XRPUSDT,bb_balanced,2.0,2024-10-29 04:00:00+00:00,2024-10-31 18:05:00+00:00,-1,0.5234,0.5334704057676746,0.010070405767674595,0.5032591884646508,3.0,1.98440778,1.98440778,TP,746,20,2.0,1.5,0.523091,0.505969,0.51453,3.327554,0.006714,0.9509,0.1129,BALANCED,NORMAL,BALANCED_NORMAL,6163
XRPUSDT,bb_balanced,2.0,2024-10-31 16:00:00+00:00,2024-11-03 02:35:00+00:00,1,0.5108,0.5013705204048048,0.009429479595195245,0.5296589591903905,3.0,-1.01625116,-1.01625116,SL,704,20,2.0,1.5,0.530504,0.512936,0.52172,3.367318,0.006286,0.9194,0.1066,BALANCED,NORMAL,BALANCED_NORMAL,6178
XRPUSDT,bb_balanced,2.0,2024-11-06 04:00:00+00:00,2024-11-07 02:50:00+00:00,-1,0.534,0.5475901463923213,0.013590146392321256,0.5068197072153575,3.0,-1.01178795,-1.01178795,SL,275,20,2.0,1.5,0.522839,0.493061,0.50795,5.862278,0.00906,1.2728,0.2542,BALANCED,NORMAL,BALANCED_NORMAL,6211
XRPUSDT,bb_balanced,2.0,2024-11-10 12:00:00+00:00,2024-11-10 12:40:00+00:00,-1,0.5871,0.6040019535987,0.01690195359870006,0.5532960928025998,3.0,-1.01042069,-1.01042069,SL,9,20,2.0,1.5,0.579077,0.533853,0.556465,8.1271,0.011268,1.2465,0.2936,BALANCED,NORMAL,BALANCED_NORMAL,6237
XRPUSDT,bb_balanced,2.0,2024-11-21 20:00:00+00:00,2024-11-21 23:55:00+00:00,-1,1.1725,1.2658308492135535,0.09333084921355339,0.9858383015728933,3.0,-1.00376885,-1.00376885,SL,48,20,2.0,1.5,1.158974,1.061596,1.110285,8.770479,0.062221,1.0424,0.1142,BALANCED,NORMAL,BALANCED_NORMAL,6305
XRPUSDT,bb_balanced,2.0,2024-11-29 00:00:00+00:00,2024-11-29 07:15:00+00:00,-1,1.543,1.6448929427858976,0.10189294278589767,1.3392141144282046,3.0,-1.004543,-1.004543,SL,88,20,2.0,1.5,1.5412,1.33256,1.43688,14.520307,0.067929,0.8606,0.1813,BALANCED,NORMAL,BALANCED_NORMAL,6348
XRPUSDT,bb_balanced,2.0,2024-12-08 00:00:00+00:00,2024-12-09 21:00:00+00:00,-1,2.6119,2.7998825300342682,0.18798253003426835,2.235934939931463,3.0,1.99583169,1.99583169,TP,541,20,2.0,1.5,2.566865,2.205895,2.38638,15.126278,0.125322,0.9119,0.0865,BALANCED,NORMAL,BALANCED_NORMAL,6402
XRPUSDT,bb_balanced,2.0,2024-12-10 00:00:00+00:00,2024-12-10 16:00:00+00:00,1,2.2122,2.022403024821078,0.18979697517892236,2.591793950357845,3.0,-1.00349668,-1.00349668,SL,193,20,2.0,1.5,2.670522,2.272998,2.47176,16.082637,0.126531,0.872,0.1249,BALANCED,NORMAL,BALANCED_NORMAL,6414
XRPUSDT,bb_balanced,2.0,2024-12-17 08:00:00+00:00,2024-12-17 10:20:00+00:00,-1,2.5347,2.6563636912152813,0.12166369121528131,2.2913726175694373,3.0,-1.0062501,-1.0062501,SL,29,20,2.0,1.5,2.519125,2.340525,2.429825,7.350345,0.081109,0.747,0.1975,BALANCED,NORMAL,BALANCED_NORMAL,6458
XRPUSDT,bb_balanced,2.0,2024-12-19 20:00:00+00:00,2024-12-20 10:10:00+00:00,1,2.2292,2.063367640251059,0.16583235974894128,2.5608647194978826,3.0,-1.00403275,-1.00403275,SL,171,20,2.0,1.5,2.690355,2.238435,2.464395,18.337936,0.110555,1.1155,0.1037,BALANCED,NORMAL,BALANCED_NORMAL,6473
XRPUSDT,bb_balanced,2.0,2024-12-24 16:00:00+00:00,2024-12-30 05:20:00+00:00,-1,2.3205,2.446079898903485,0.1255798989034851,2.06934020219303,3.0,1.99445652,1.99445652,TP,1601,20,2.0,1.5,2.31365,2.14839,2.23102,7.407358,0.08372,0.8223,0.055,BALANCED,NORMAL,BALANCED_NORMAL,6502
XRPUSDT,bb_balanced,2.0,2024-12-30 00:00:00+00:00,2024-12-30 13:50:00+00:00,1,2.0926,2.0240667926352502,0.06853320736474977,2.2296664147294996,3.0,-1.00916023,-1.00916023,SL,167,20,2.0,1.5,2.215146,2.114904,2.165025,4.630103,0.045689,0.6122,0.1646,BALANCED,NORMAL,BALANCED_NORMAL,6534
XRPUSDT,bb_balanced,2.0,2025-01-01 16:00:00+00:00,2025-01-01 18:30:00+00:00,-1,2.2275,2.314339355315394,0.08683935531539388,2.0538212893692123,3.0,-1.00769524,-1.00769524,SL,31,20,2.0,1.5,2.203054,1.999366,2.10121,9.69383,0.057893,0.9619,0.0472,BALANCED,NORMAL,BALANCED_NORMAL,6550
XRPUSDT,bb_balanced,2.0,2025-01-05 12:00:00+00:00,2025-01-07 18:40:00+00:00,1,2.3521,2.2730312941767714,0.07906870582322867,2.5102374116464574,3.0,-1.00892426,-1.00892426,SL,657,20,2.0,1.5,2.483767,2.354213,2.41899,5.355709,0.052712,0.9309,0.1431,BALANCED,NORMAL,BALANCED_NORMAL,6573
XRPUSDT,bb_balanced,2.0,2025-01-07 16:00:00+00:00,2025-01-08 17:20:00+00:00,1,2.3122,2.2250444585593265,0.08715554144067328,2.4865110828813464,3.0,-1.00795887,-1.00795887,SL,305,20,2.0,1.5,2.461532,2.341908,2.40172,4.980783,0.058104,1.0192,0.3085,BALANCED,NORMAL,BALANCED_NORMAL,6586
XRPUSDT,bb_balanced,2.0,2025-01-11 12:00:00+00:00,2025-01-11 17:40:00+00:00,-1,2.4189,2.5125528199942044,0.0936528199942046,2.2315943600115906,3.0,-1.00774851,-1.00774851,SL,69,20,2.0,1.5,2.390488,2.252002,2.321245,5.965981,0.062435,1.0444,0.1873,BALANCED,NORMAL,BALANCED_NORMAL,6609
XRPUSDT,bb_balanced,2.0,2025-01-14 20:00:00+00:00,2025-01-15 01:30:00+00:00,-1,2.6632,2.782900823774384,0.11970082377438418,2.4237983524512314,3.0,-1.00667464,-1.00667464,SL,67,20,2.0,1.5,2.64677,2.38101,2.51389,10.571652,0.079801,1.2057,0.2732,BALANCED,NORMAL,BALANCED_NORMAL,6629
XRPUSDT,bb_balanced,2.0,2025-01-19 12:00:00+00:00,2025-01-19 23:25:00+00:00,1,3.053,2.8764647453963628,0.17653525460363717,3.4060705092072743,3.0,-1.0051882,-1.0051882,SL,138,20,2.0,1.5,3.376243,3.071697,3.22397,9.44628,0.11769,1.1892,0.0114,BALANCED,NORMAL,BALANCED_NORMAL,6657
XRPUSDT,bb_balanced,2.0,2025-01-27 00:00:00+00:00,2025-01-27 05:40:00+00:00,1,3.0199,2.9226656699718294,0.09723433002817039,3.2143686600563406,3.0,-1.00931739,-1.00931739,SL,69,20,2.0,1.5,3.193367,3.054203,3.123785,4.454974,0.064823,0.572,0.1945,BALANCED,LOW,BALANCED_LOW,6702
XRPUSDT,bb_balanced,2.0,2025-01-31 20:00:00+00:00,2025-02-01 19:35:00+00:00,1,3.0304,2.9237566741075236,0.1066433258924766,3.2436866517849534,3.0,-1.00852487,-1.00852487,SL,284,20,2.0,1.5,3.163683,3.031407,3.097545,4.270378,0.071096,0.8023,0.2051,BALANCED,NORMAL,BALANCED_NORMAL,6731
XRPUSDT,bb_balanced,2.0,2025-02-11 08:00:00+00:00,2025-02-14 08:00:00+00:00,-1,2.4991,2.6124619996668614,0.11336199966686156,2.2723760006662768,3.0,-1.00661359,-1.00661359,SL,865,20,2.0,1.5,2.489132,2.356288,2.42271,5.483287,0.075575,0.5885,0.2386,BALANCED,LOW,BALANCED_LOW,6794
XRPUSDT,bb_balanced,2.0,2025-02-14 00:00:00+00:00,2025-02-14 08:20:00+00:00,-1,2.558,2.663222327753742,0.1052223277537423,2.3475553444925152,3.0,-1.00729313,-1.00729313,SL,101,20,2.0,1.5,2.527678,2.362312,2.444995,6.763439,0.070148,0.7361,0.2541,BALANCED,NORMAL,BALANCED_NORMAL,6810
XRPUSDT,bb_balanced,2.0,2025-02-17 16:00:00+00:00,2025-02-18 07:10:00+00:00,1,2.6448,2.540600005657887,0.10419999434211302,2.853199988684226,3.0,-1.00761459,-1.00761459,SL,183,20,2.0,1.5,2.827703,2.651397,2.73955,6.43556,0.069467,0.9188,0.0816,BALANCED,NORMAL,BALANCED_NORMAL,6832
XRPUSDT,bb_balanced,2.0,2025-03-08 04:00:00+00:00,2025-03-09 13:55:00+00:00,1,2.342,2.1677351268061185,0.17426487319388162,2.6905297463877633,3.0,-1.00403179,-1.00403179,SL,408,20,2.0,1.5,2.633501,2.356559,2.49503,11.099709,0.116177,1.0043,0.206,BALANCED,NORMAL,BALANCED_NORMAL,6943
XRPUSDT,bb_balanced,2.0,2025-03-19 16:00:00+00:00,2025-03-26 21:35:00+00:00,-1,2.5534,2.6545055504951645,0.10110555049516456,2.3511888990096708,3.0,1.99242356,1.99242356,TP,2084,20,2.0,1.5,2.443156,2.189894,2.316525,10.932821,0.067404,0.9288,0.2719,BALANCED,NORMAL,BALANCED_NORMAL,7012
XRPUSDT,bb_balanced,2.0,2025-03-24 04:00:00+00:00,2025-03-27 13:35:00+00:00,-1,2.4426,2.5103483753997082,0.06774837539970813,2.307103249200584,3.0,1.9891838,1.9891838,TP,980,20,2.0,1.5,2.441217,2.357273,2.399245,3.498784,0.045166,0.7571,0.0283,BALANCED,NORMAL,BALANCED_NORMAL,7039
XRPUSDT,bb_balanced,2.0,2025-03-26 20:00:00+00:00,2025-03-27 13:35:00+00:00,1,2.3698,2.3041860084858943,0.06561399151410585,2.501027983028212,3.0,-1.01083519,-1.01083519,SL,212,20,2.0,1.5,2.487024,2.385676,2.43635,4.159852,0.043743,0.8075,0.096,BALANCED,NORMAL,BALANCED_NORMAL,7055
XRPUSDT,bb_balanced,2.0,2025-04-03 00:00:00+00:00,2025-04-06 22:40:00+00:00,1,2.0208,1.9133856455211744,0.10741435447882552,2.235628708957651,3.0,-1.00564394,-1.00564394,SL,1137,20,2.0,1.5,2.182584,2.039856,2.11122,6.760471,0.07161,1.3704,0.2191,BALANCED,NORMAL,BALANCED_NORMAL,7098
XRPUSDT,bb_balanced,2.0,2025-04-06 20:00:00+00:00,2025-04-06 22:45:00+00:00,1,1.9936,1.910260733823205,0.0833392661767951,2.1602785323535905,3.0,-1.00717645,-1.00717645,SL,34,20,2.0,1.5,2.182355,2.002535,2.092445,8.593775,0.05556,0.9242,0.0726,BALANCED,NORMAL,BALANCED_NORMAL,7121
XRPUSDT,bb_balanced,2.0,2025-04-16 00:00:00+00:00,2025-04-22 21:50:00+00:00,1,2.083,2.000513754931288,0.08248624506871227,2.2479724901374247,3.0,1.99242419,1.99242419,TP,1991,20,2.0,1.5,2.185463,2.092457,2.13896,4.348144,0.054991,0.713,0.1539,BALANCED,NORMAL,BALANCED_NORMAL,7176
XRPUSDT,bb_balanced,2.0,2025-04-20 12:00:00+00:00,2025-04-21 06:10:00+00:00,1,2.0414,1.9938095903211384,0.04759040967886152,2.136580819357723,3.0,1.98713144,1.98713144,TP,219,20,2.0,1.5,2.102042,2.045658,2.07385,2.718796,0.031727,0.598,0.1015,BALANCED,LOW,BALANCED_LOW,7203
XRPUSDT,bb_balanced,2.0,2025-04-21 04:00:00+00:00,2025-04-22 15:00:00+00:00,-1,2.1088,2.158297900375832,0.049497900375831794,2.0098041992483364,3.0,-1.01278115,-1.01278115,SL,421,20,2.0,1.5,2.104162,2.042608,2.073385,2.968727,0.032999,0.6568,0.1656,BALANCED,NORMAL,BALANCED_NORMAL,7207
XRPUSDT,bb_balanced,2.0,2025-04-22 16:00:00+00:00,2025-04-22 21:45:00+00:00,-1,2.1541,2.2102443126126183,0.05614431261261821,2.0418113747747637,3.0,-1.01151016,-1.01151016,SL,70,20,2.0,1.5,2.139417,2.039073,2.089245,4.802845,0.03743,0.8383,0.2411,BALANCED,NORMAL,BALANCED_NORMAL,7216
XRPUSDT,bb_balanced,2.0,2025-04-27 16:00:00+00:00,2025-04-27 20:00:00+00:00,-1,2.227,2.2878008046198235,0.06080080461982362,2.1053983907603526,3.0,-1.01098834,-1.01098834,SL,49,20,2.0,1.5,2.226364,2.160206,2.193285,3.016434,0.040534,1.0267,0.2662,BALANCED,NORMAL,BALANCED_NORMAL,7246
XRPUSDT,bb_balanced,2.0,2025-04-30 16:00:00+00:00,2025-05-06 08:15:00+00:00,1,2.1562,2.085249396547458,0.070950603452542,2.298101206905084,3.0,-1.00911705,-1.00911705,SL,1636,20,2.0,1.5,2.348669,2.176321,2.262495,7.617593,0.0473,1.0844,0.0291,BALANCED,NORMAL,BALANCED_NORMAL,7264
XRPUSDT,bb_balanced,2.0,2025-05-04 20:00:00+00:00,2025-05-05 13:40:00+00:00,1,2.1744,2.1246008573942405,0.04979914260575935,2.2739982852115186,3.0,-1.01309902,-1.01309902,SL,213,20,2.0,1.5,2.232675,2.175465,2.20407,2.595663,0.033199,0.8063,0.2527,BALANCED,NORMAL,BALANCED_NORMAL,7289
XRPUSDT,bb_balanced,2.0,2025-05-08 04:00:00+00:00,2025-05-08 15:20:00+00:00,-1,2.1847,2.2404786116790207,0.05577861167902087,2.073142776641958,3.0,-1.0117502,-1.0117502,SL,137,20,2.0,1.5,2.180875,2.087325,2.1341,4.383608,0.037186,0.9627,0.0267,BALANCED,NORMAL,BALANCED_NORMAL,7309
XRPUSDT,bb_balanced,2.0,2025-05-16 00:00:00+00:00,2025-05-25 15:20:00+00:00,1,2.3842,2.270951730421475,0.11324826957852485,2.6106965391570496,3.0,-1.00631586,-1.00631586,SL,2777,20,2.0,1.5,2.644682,2.401098,2.52289,9.654942,0.075499,1.2742,0.296,BALANCED,NORMAL,BALANCED_NORMAL,7356
XRPUSDT,bb_balanced,2.0,2025-05-19 08:00:00+00:00,2025-05-30 00:50:00+00:00,1,2.3046,2.2103293617079736,0.09427063829202664,2.4931412765840535,3.0,-1.00733399,-1.00733399,SL,3083,20,2.0,1.5,2.452173,2.307857,2.380015,6.063669,0.062847,0.9448,0.1484,BALANCED,NORMAL,BALANCED_NORMAL,7376
XRPUSDT,bb_balanced,2.0,2025-05-23 04:00:00+00:00,2025-05-23 12:00:00+00:00,-1,2.4727,2.5426145307395993,0.06991453073959919,2.3328709385208017,3.0,1.98938976,1.98938976,TP,97,20,2.0,1.5,2.461273,2.313677,2.387475,6.182077,0.04661,0.7849,0.2716,BALANCED,NORMAL,BALANCED_NORMAL,7399
XRPUSDT,bb_balanced,2.0,2025-05-24 00:00:00+00:00,2025-05-30 00:50:00+00:00,1,2.2953,2.2149360751623246,0.08036392483767552,2.456027849675351,3.0,-1.0085684,-1.0085684,SL,1739,20,2.0,1.5,2.470748,2.303202,2.386975,7.019139,0.053576,0.9331,0.1159,BALANCED,NORMAL,BALANCED_NORMAL,7404
XRPUSDT,bb_balanced,2.0,2025-05-28 16:00:00+00:00,2025-05-30 00:50:00+00:00,1,2.2515,2.1978087336951857,0.053691266304814356,2.3588825326096288,3.0,-1.01258026,-1.01258026,SL,395,20,2.0,1.5,2.35932,2.26702,2.31317,3.990171,0.035794,0.7962,0.1912,BALANCED,NORMAL,BALANCED_NORMAL,7432
XRPUSDT,bb_balanced,2.0,2025-06-03 12:00:00+00:00,2025-06-03 15:50:00+00:00,-1,2.2138,2.267565868741269,0.053765868741268985,2.106268262517462,3.0,-1.01235245,-1.01235245,SL,47,20,2.0,1.5,2.210032,2.123508,2.16677,3.993203,0.035844,0.8974,0.3447,BALANCED,NORMAL,BALANCED_NORMAL,7467
XRPUSDT,bb_balanced,2.0,2025-06-05 20:00:00+00:00,2025-06-05 20:40:00+00:00,1,2.1291,2.070166155007459,0.058933844992541395,2.246967689985083,3.0,-1.01083808,-1.01083808,SL,9,20,2.0,1.5,2.284727,2.135963,2.210345,6.730354,0.039289,0.9782,0.0315,BALANCED,NORMAL,BALANCED_NORMAL,7481
XRPUSDT,bb_balanced,2.0,2025-06-08 12:00:00+00:00,2025-06-08 15:15:00+00:00,-1,2.2409,2.289121676702463,0.048221676702463245,2.1444566465950734,3.0,-1.01394124,-1.01394124,SL,40,20,2.0,1.5,2.235349,2.106771,2.17106,5.922376,0.032148,0.8337,0.0995,BALANCED,NORMAL,BALANCED_NORMAL,7497
XRPUSDT,bb_balanced,2.0,2025-06-12 20:00:00+00:00,2025-06-13 00:10:00+00:00,1,2.2026,2.14769747068436,0.05490252931563999,2.31240505863128,3.0,-1.01203551,-1.01203551,SL,51,20,2.0,1.5,2.344951,2.210519,2.277735,5.901995,0.036602,1.0283,0.1824,BALANCED,NORMAL,BALANCED_NORMAL,7523
XRPUSDT,bb_balanced,2.0,2025-06-16 08:00:00+00:00,2025-06-16 12:00:00+00:00,-1,2.2019,2.2488364709751685,0.04693647097516829,2.1080270580496636,3.0,-1.0140737,-1.0140737,SL,49,20,2.0,1.5,2.191043,2.113947,2.152495,3.581706,0.031291,0.8834,0.0412,BALANCED,NORMAL,BALANCED_NORMAL,7544
XRPUSDT,bb_balanced,2.0,2025-06-20 20:00:00+00:00,2025-06-21 19:35:00+00:00,1,2.127,2.0749011496581646,0.052098850341835146,2.23119770068367,3.0,-1.01224787,-1.01224787,SL,284,20,2.0,1.5,2.186665,2.128185,2.157425,2.710623,0.034733,0.9188,0.258,BALANCED,NORMAL,BALANCED_NORMAL,7571
XRPUSDT,bb_balanced,2.0,2025-06-27 04:00:00+00:00,2025-06-30 18:00:00+00:00,1,2.1044,2.042604878060381,0.06179512193961889,2.227990243879238,3.0,1.98978366,1.98978366,TP,1033,20,2.0,1.5,2.231324,2.106726,2.169025,5.744435,0.041197,0.9788,0.1272,BALANCED,NORMAL,BALANCED_NORMAL,7609
XRPUSDT,bb_balanced,2.0,2025-07-21 16:00:00+00:00,2025-07-23 12:55:00+00:00,-1,3.6066,3.7558476719644003,0.14924767196440047,3.308104656071199,3.0,1.99275044,1.99275044,TP,540,20,2.0,1.5,3.58462,3.35135,3.467985,6.726371,0.099498,0.9974,0.1862,BALANCED,NORMAL,BALANCED_NORMAL,7756
XRPUSDT,bb_balanced,2.0,2025-07-23 16:00:00+00:00,2025-07-23 17:15:00+00:00,1,3.3218,3.179358224733932,0.14244177526606805,3.606683550532136,3.0,-1.00699612,-1.00699612,SL,16,20,2.0,1.5,3.618638,3.391432,3.505035,6.482295,0.094961,0.9401,0.1447,BALANCED,NORMAL,BALANCED_NORMAL,7768
XRPUSDT,bb_balanced,2.0,2025-07-30 12:00:00+00:00,2025-08-01 00:50:00+00:00,1,3.0499,2.9399388796616943,0.10996112033830574,3.2698222406766115,3.0,-1.00832085,-1.00832085,SL,443,20,2.0,1.5,3.279355,3.052035,3.165695,7.180744,0.073307,0.8068,0.2851,BALANCED,NORMAL,BALANCED_NORMAL,7809
XRPUSDT,bb_balanced,2.0,2025-07-31 20:00:00+00:00,2025-08-01 00:50:00+00:00,1,3.0561,2.946186296759112,0.1099137032408879,3.2759274064817756,3.0,-1.00834136,-1.00834136,SL,59,20,2.0,1.5,3.187494,3.059136,3.123315,4.109674,0.073276,0.8307,0.2779,BALANCED,NORMAL,BALANCED_NORMAL,7817
XRPUSDT,bb_balanced,2.0,2025-08-08 00:00:00+00:00,2025-08-14 12:30:00+00:00,-1,3.3181,3.4352989175871045,0.11719891758710466,3.0837021648257905,3.0,1.99150649,1.99150649,TP,1879,20,2.0,1.5,3.191031,2.852339,3.021685,11.208741,0.078133,1.0504,0.3246,BALANCED,NORMAL,BALANCED_NORMAL,7860
XRPUSDT,bb_balanced,2.0,2025-08-14 16:00:00+00:00,2025-08-18 03:30:00+00:00,1,3.094,2.970327673072196,0.12367232692780394,3.3413446538556077,3.0,-1.00750532,-1.00750532,SL,1003,20,2.0,1.5,3.342753,3.095177,3.218965,7.691149,0.082448,1.1425,0.2083,BALANCED,NORMAL,BALANCED_NORMAL,7900
XRPUSDT,bb_balanced,2.0,2025-08-18 04:00:00+00:00,2025-08-19 17:05:00+00:00,1,2.9882,2.902573723410544,0.08562627658945576,3.1594525531789115,3.0,-1.01046945,-1.01046945,SL,446,20,2.0,1.5,3.164237,3.024383,3.09431,4.519713,0.057084,0.8293,0.1688,BALANCED,NORMAL,BALANCED_NORMAL,7921
XRPUSDT,bb_balanced,2.0,2025-08-22 16:00:00+00:00,2025-08-24 19:15:00+00:00,-1,3.016,3.1254141991596573,0.10941419915965733,2.7971716016806853,3.0,-1.00826949,-1.00826949,SL,616,20,2.0,1.5,3.011268,2.789522,2.900395,7.645405,0.072943,1.1529,0.0175,BALANCED,NORMAL,BALANCED_NORMAL,7948
XRPUSDT,bb_balanced,2.0,2025-08-25 20:00:00+00:00,2025-08-26 19:55:00+00:00,1,2.8753,2.7765103655868577,0.09878963441314248,3.072879268826285,3.0,1.99126842,1.99126842,TP,288,20,2.0,1.5,3.110728,2.914072,3.0124,6.528234,0.06586,1.0632,0.0945,BALANCED,NORMAL,BALANCED_NORMAL,7967
XRPUSDT,bb_balanced,2.0,2025-08-29 08:00:00+00:00,2025-08-29 20:45:00+00:00,1,2.8685,2.7865103688304838,0.0819896311695163,3.0324792623390326,3.0,-1.01049584,-1.01049584,SL,154,20,2.0,1.5,3.064929,2.871371,2.96815,6.521156,0.05466,0.8728,0.0198,BALANCED,NORMAL,BALANCED_NORMAL,7988
XRPUSDT,bb_balanced,2.0,2025-09-03 00:00:00+00:00,2025-09-08 10:10:00+00:00,-1,2.8605,2.9363882913036914,0.07588829130369135,2.7087234173926173,3.0,-1.01130807,-1.01130807,SL,1563,20,2.0,1.5,2.85958,2.73822,2.7989,4.336009,0.050592,0.9255,0.1409,BALANCED,NORMAL,BALANCED_NORMAL,8016
XRPUSDT,bb_balanced,2.0,2025-09-07 16:00:00+00:00,2025-09-08 12:30:00+00:00,-1,2.8991,2.954020529204194,0.054920529204194324,2.789258941591611,3.0,-1.01583615,-1.01583615,SL,247,20,2.0,1.5,2.874377,2.769523,2.82195,3.715676,0.036614,0.8129,0.1824,BALANCED,NORMAL,BALANCED_NORMAL,8044
XRPUSDT,bb_balanced,2.0,2025-09-18 00:00:00+00:00,2025-09-22 00:30:00+00:00,-1,3.0831,3.1537497406000803,0.07064974060008034,2.9418005187998393,3.0,1.98690823,1.98690823,TP,1159,20,2.0,1.5,3.070273,2.976087,3.02318,3.115439,0.0471,1.0878,0.1307,BALANCED,NORMAL,BALANCED_NORMAL,8106
XRPUSDT,bb_balanced,2.0,2025-09-25 20:00:00+00:00,2025-10-01 09:35:00+00:00,1,2.7596,2.670835179620907,0.08876482037909295,2.9371296407581857,3.0,1.99067333,1.99067333,TP,1604,20,2.0,1.5,2.95193,2.76725,2.85959,6.458299,0.059177,1.2905,0.0924,BALANCED,NORMAL,BALANCED_NORMAL,8153
XRPUSDT,bb_balanced,2.0,2025-09-29 00:00:00+00:00,2025-10-01 09:25:00+00:00,-1,2.8662,2.92977478489847,0.0635747848984698,2.7390504302030605,3.0,-1.01352517,-1.01352517,SL,690,20,2.0,1.5,2.842333,2.718377,2.780355,4.458287,0.042383,0.8732,0.0971,BALANCED,NORMAL,BALANCED_NORMAL,8172
XRPUSDT,bb_balanced,2.0,2025-10-01 12:00:00+00:00,2025-10-02 16:10:00+00:00,-1,2.9426,3.0147978944263025,0.07219789442630242,2.7982042111473953,3.0,-1.01222723,-1.01222723,SL,339,20,2.0,1.5,2.930507,2.776833,2.85367,5.385143,0.048132,0.9777,0.334,BALANCED,NORMAL,BALANCED_NORMAL,8187
XRPUSDT,bb_balanced,2.0,2025-10-07 16:00:00+00:00,2025-10-09 08:05:00+00:00,1,2.8835,2.8109147724499377,0.07258522755006247,3.028670455100125,3.0,-1.01191771,-1.01191771,SL,482,20,2.0,1.5,3.057824,2.909366,2.983595,4.975823,0.04839,1.05,0.2531,BALANCED,NORMAL,BALANCED_NORMAL,8224
XRPUSDT,bb_balanced,2.0,2025-10-20 08:00:00+00:00,2025-10-25 01:30:00+00:00,-1,2.4693,2.556583915272689,0.08728391527268897,2.294732169454622,3.0,-1.00848713,-1.00848713,SL,1363,20,2.0,1.5,2.458982,2.249008,2.353995,8.919863,0.058189,0.6643,0.2679,BALANCED,NORMAL,BALANCED_NORMAL,8300
XRPUSDT,bb_balanced,2.0,2025-10-25 00:00:00+00:00,2025-10-25 12:35:00+00:00,-1,2.5094,2.577033493778273,0.06763349377827321,2.3741330124434534,3.0,-1.01113088,-1.01113088,SL,152,20,2.0,1.5,2.505527,2.338583,2.422055,6.892698,0.045089,0.7311,0.0327,BALANCED,NORMAL,BALANCED_NORMAL,8328
XRPUSDT,bb_balanced,2.0,2025-10-29 20:00:00+00:00,2025-10-30 04:25:00+00:00,1,2.5864,2.5076560044291485,0.07874399557085132,2.7438879911417025,3.0,-1.0098537,-1.0098537,SL,102,20,2.0,1.5,2.668517,2.594743,2.63163,2.803372,0.052496,1.0685,0.175,BALANCED,NORMAL,BALANCED_NORMAL,8357
XRPUSDT,bb_balanced,2.0,2025-11-03 04:00:00+00:00,2025-11-03 15:25:00+00:00,1,2.4285,2.3567012709850523,0.07179872901494777,2.5720974580298956,3.0,-1.01014712,-1.01014712,SL,138,20,2.0,1.5,2.559078,2.442462,2.50077,4.663194,0.047866,0.9555,0.0996,BALANCED,NORMAL,BALANCED_NORMAL,8383
XRPUSDT,bb_balanced,2.0,2025-11-17 20:00:00+00:00,2025-11-19 19:35:00+00:00,1,2.1257,2.0296633578045116,0.09603664219548858,2.3177732843909773,3.0,-1.00664028,-1.00664028,SL,572,20,2.0,1.5,2.330929,2.162201,2.246565,7.51047,0.064024,1.0099,0.2506,BALANCED,NORMAL,BALANCED_NORMAL,8471
XRPUSDT,bb_balanced,2.0,2025-11-19 16:00:00+00:00,2025-11-20 17:05:00+00:00,1,2.0848,1.99778089766071,0.08701910233928989,2.2588382046785798,3.0,-1.00718739,-1.00718739,SL,302,20,2.0,1.5,2.286796,2.099534,2.193165,8.538468,0.058013,0.9208,0.3201,BALANCED,NORMAL,BALANCED_NORMAL,8482
XRPUSDT,bb_balanced,2.0,2025-11-28 16:00:00+00:00,2025-12-01 00:25:00+00:00,-1,2.2445,2.3191640276720125,0.07466402767201252,2.095171944655975,3.0,1.9909816,1.9909816,TP,678,20,2.0,1.5,2.238203,2.159067,2.198635,3.599364,0.049776,0.8222,0.0711,BALANCED,NORMAL,BALANCED_NORMAL,8536
XRPUSDT,bb_balanced,2.0,2025-12-01 00:00:00+00:00,2025-12-01 00:25:00+00:00,1,2.1537,2.0966885518131146,0.05701144818688553,2.2677228963737712,3.0,-1.01133299,-1.01133299,SL,6,20,2.0,1.5,2.232921,2.159769,2.196345,3.330647,0.038008,0.7059,0.1365,BALANCED,NORMAL,BALANCED_NORMAL,8550
XRPUSDT,bb_balanced,2.0,2025-12-05 20:00:00+00:00,2025-12-09 16:45:00+00:00,1,2.0362,1.9710094603187223,0.06519053968127775,2.1665810793625555,3.0,1.99062962,1.99062962,TP,1114,20,2.0,1.5,2.2351,2.0439,2.1395,8.936656,0.04346,0.9743,0.0023,BALANCED,NORMAL,BALANCED_NORMAL,8579
XRPUSDT,bb_balanced,2.0,2025-12-09 16:00:00+00:00,2025-12-09 17:05:00+00:00,-1,2.1148,2.1743568226010903,0.05955682260109052,1.9956863547978188,3.0,-1.01065268,-1.01065268,SL,14,20,2.0,1.5,2.109638,2.010742,2.06019,4.800352,0.039705,0.9483,0.2637,BALANCED,NORMAL,BALANCED_NORMAL,8602
XRPUSDT,bb_balanced,2.0,2025-12-11 04:00:00+00:00,2025-12-15 14:55:00+00:00,1,1.9981,1.934412424046223,0.06368757595377694,2.125475151907554,3.0,-1.00941204,-1.00941204,SL,1284,20,2.0,1.5,2.127834,2.018506,2.07317,5.273498,0.042458,1.0315,0.2539,BALANCED,NORMAL,BALANCED_NORMAL,8611
XRPUSDT,bb_balanced,2.0,2025-12-16 00:00:00+00:00,2025-12-17 19:10:00+00:00,1,1.8965,1.8461981251469677,0.05030187485303239,1.9971037497060649,3.0,-1.01131071,-1.01131071,SL,519,20,2.0,1.5,2.072611,1.911809,1.99221,8.071498,0.033535,0.8989,0.3358,BALANCED,NORMAL,BALANCED_NORMAL,8640
XRPUSDT,bb_balanced,2.0,2025-12-19 00:00:00+00:00,2025-12-20 09:20:00+00:00,1,1.8067,1.7403974730227736,0.06630252697722638,1.9393050539544527,3.0,1.9918252,1.9918252,TP,401,20,2.0,1.5,1.965048,1.809772,1.88741,8.226971,0.044202,1.2179,0.2762,BALANCED,NORMAL,BALANCED_NORMAL,8658
XRPUSDT,bb_balanced,2.0,2025-12-23 04:00:00+00:00,2025-12-24 03:05:00+00:00,1,1.8915,1.8456364867584643,0.0458635132415357,1.9832270264830714,3.0,-1.01237258,-1.01237258,SL,278,20,2.0,1.5,1.945553,1.892457,1.919005,2.766807,0.030576,0.8385,0.0742,BALANCED,NORMAL,BALANCED_NORMAL,8683
XRPUSDT,bb_balanced,2.0,2025-12-29 04:00:00+00:00,2025-12-29 20:35:00+00:00,-1,1.9141,1.948030039733631,0.03393003973363107,1.8462399205327378,3.0,1.98307606,1.98307606,TP,200,20,2.0,1.5,1.895277,1.824703,1.85999,3.794284,0.02262,0.7947,0.1731,BALANCED,NORMAL,BALANCED_NORMAL,8719
XRPUSDT,bb_balanced,2.0,2025-12-31 20:00:00+00:00,2026-01-02 03:45:00+00:00,1,1.8273,1.795792310165843,0.03150768983415686,1.8903153796683136,3.0,1.98260139,1.98260139,TP,382,20,2.0,1.5,1.903037,1.832583,1.86781,3.772032,0.021005,0.8387,0.19,BALANCED,NORMAL,BALANCED_NORMAL,8735
XRPUSDT,bb_balanced,2.0,2026-01-02 16:00:00+00:00,2026-01-02 16:30:00+00:00,-1,1.9177,1.9525472916830429,0.0348472916830429,1.8480054166339142,3.0,-1.01650946,-1.01650946,SL,7,20,2.0,1.5,1.908737,1.826113,1.867425,4.424533,0.023232,0.9948,0.2633,BALANCED,NORMAL,BALANCED_NORMAL,8746
XRPUSDT,bb_balanced,2.0,2026-01-12 08:00:00+00:00,2026-01-13 22:10:00+00:00,1,2.0524,1.9966437957868846,0.055756204213115446,2.163912408426231,3.0,1.98895692,1.98895692,TP,459,20,2.0,1.5,2.127189,2.060411,2.0938,3.189365,0.037171,0.787,0.3302,BALANCED,NORMAL,BALANCED_NORMAL,8804
XRPUSDT,bb_balanced,2.0,2026-01-13 20:00:00+00:00,2026-01-16 15:45:00+00:00,-1,2.1384,2.195074505552358,0.05667450555235831,2.0250509888952832,3.0,1.98868062,1.98868062,TP,814,20,2.0,1.5,2.124087,2.035443,2.079765,4.262236,0.037783,0.786,0.1362,BALANCED,NORMAL,BALANCED_NORMAL,8813
XRPUSDT,bb_balanced,2.0,2026-01-29 16:00:00+00:00,2026-01-30 01:40:00+00:00,1,1.8,1.7488281773576582,0.05117182264234188,1.9023436452846838,3.0,-1.01055268,-1.01055268,SL,117,20,2.0,1.5,1.953177,1.842343,1.89776,5.840259,0.034115,1.0758,0.2268,BALANCED,NORMAL,BALANCED_NORMAL,8908
XRPUSDT,bb_balanced,2.0,2026-02-11 08:00:00+00:00,2026-02-14 19:20:00+00:00,1,1.3657,1.3013882489762172,0.06431175102378273,1.4943235020475654,3.0,1.99362931,1.99362931,TP,1001,20,2.0,1.5,1.468022,1.376318,1.42217,6.448104,0.042875,0.7277,0.1786,BALANCED,NORMAL,BALANCED_NORMAL,8984
XRPUSDT,bb_balanced,2.0,2026-02-14 12:00:00+00:00,2026-02-15 00:15:00+00:00,-1,1.4704,1.520023980543912,0.04962398054391204,1.3711520389121759,3.0,-1.00888925,-1.00888925,SL,148,20,2.0,1.5,1.442041,1.329399,1.38572,8.128724,0.033083,0.6241,0.21,BALANCED,NORMAL,BALANCED_NORMAL,9003
XRPUSDT,bb_balanced,2.0,2026-02-19 00:00:00+00:00,2026-02-23 00:45:00+00:00,1,1.4212,1.3678115063934086,0.05338849360659137,1.5279769872131828,3.0,-1.00798599,-1.00798599,SL,1162,20,2.0,1.5,1.503274,1.430156,1.466715,4.985133,0.035592,0.9055,0.3099,BALANCED,NORMAL,BALANCED_NORMAL,9030
XRPUSDT,bb_balanced,2.0,2026-02-22 20:00:00+00:00,2026-02-23 01:00:00+00:00,1,1.3858,1.3505193100737651,0.03528068992623479,1.4563613798524695,3.0,-1.01178378,-1.01178378,SL,61,20,2.0,1.5,1.452379,1.386931,1.419655,4.610103,0.02352,0.6664,0.1206,BALANCED,NORMAL,BALANCED_NORMAL,9053
XRPUSDT,bb_balanced,2.0,2026-02-25 16:00:00+00:00,2026-02-25 21:35:00+00:00,-1,1.4405,1.4887883460679463,0.04828834606794641,1.343923307864107,3.0,-1.00894936,-1.00894936,SL,68,20,2.0,1.5,1.427455,1.310365,1.36891,8.553589,0.032192,1.0384,0.0556,BALANCED,NORMAL,BALANCED_NORMAL,9070
