mode,tp,n,win_pct,avg_r,total_r,max_dd,dd_per_trade,mcl,ann_r,calmar
atr_stop,2.0,274,39.1,0.155,42.46,11.24,0.041,11,9.9,0.88
atr_stop,2.5,274,35.0,0.2097,57.46,14.76,0.0539,11,13.4,0.91
atr_stop,3.0,274,31.4,0.2389,65.46,18.8,0.0686,11,15.3,0.81
atr_stop,3.5,274,29.6,0.3137,85.96,14.67,0.0535,11,20.1,1.37
atr_stop,4.0,274,25.5,0.2608,71.46,22.7,0.0828,15,16.7,0.73
atr_stop,4.5,274,23.7,0.2882,78.96,21.6,0.0788,15,18.4,0.85
atr_stop,5.0,274,22.6,0.3411,93.46,17.44,0.0636,15,21.8,1.25
atr_stop,5.5,274,21.2,0.3594,98.46,16.44,0.06,15,23.0,1.4
atr_stop,6.0,274,20.8,0.4397,120.46,18.07,0.0659,15,28.1,1.56
atr_stop,6.5,274,18.2,0.3521,96.46,15.77,0.0576,15,22.5,1.43
atr_stop,7.0,274,17.9,0.4141,113.46,15.36,0.056,15,26.5,1.72
atr_stop,7.5,274,17.2,0.4415,120.96,17.02,0.0621,15,28.2,1.66
atr_stop,8.0,274,16.8,0.4944,135.46,15.52,0.0566,15,31.6,2.04
atr_stop,8.5,274,16.4,0.5437,148.96,15.36,0.056,15,34.8,2.26
atr_stop,9.0,274,15.7,0.5528,151.46,19.44,0.0709,15,35.3,1.82
atr_stop,9.5,274,15.0,0.5546,151.96,21.2,0.0774,16,35.5,1.67
atr_stop,10.0,274,14.6,0.5893,161.46,19.7,0.0719,19,37.7,1.91
atr_stop,10.5,274,14.2,0.6203,169.96,23.57,0.086,23,39.7,1.68
atr_stop,11.0,274,13.9,0.6477,177.46,23.27,0.0849,23,41.4,1.78
atr_stop,11.5,274,13.5,0.6714,183.96,23.27,0.0849,23,42.9,1.84
atr_stop,12.0,274,13.5,0.7389,202.46,23.27,0.0849,23,47.3,2.03
atr_stop,12.5,274,13.1,0.7572,207.46,29.47,0.1076,29,48.4,1.64
atr_stop,13.0,274,13.1,0.8229,225.46,29.47,0.1076,29,52.6,1.79
atr_stop,13.5,274,12.4,0.7827,214.46,29.47,0.1076,29,50.1,1.7
atr_stop,14.0,274,12.0,0.79,216.46,29.47,0.1076,29,50.5,1.71
atr_stop,14.5,274,12.0,0.8502,232.96,29.47,0.1076,29,54.4,1.84
atr_stop,15.0,274,12.0,0.9105,249.46,29.47,0.1076,29,58.2,1.98
atr_stop,15.5,274,12.0,0.9707,265.96,29.47,0.1076,29,62.1,2.11
atr_stop,16.0,274,12.0,1.0309,282.46,29.47,0.1076,29,65.9,2.24
atr_stop,16.5,274,12.0,1.0911,298.96,29.47,0.1076,29,69.8,2.37
atr_stop,17.0,274,12.0,1.1513,315.46,29.47,0.1076,29,73.6,2.5
atr_stop,17.5,274,12.0,1.2115,331.96,29.47,0.1076,29,77.5,2.63
atr_stop,18.0,274,12.0,1.2718,348.46,29.47,0.1076,29,81.3,2.76
atr_stop,18.5,274,12.0,1.332,364.96,29.47,0.1076,29,85.2,2.89
atr_stop,19.0,274,11.7,1.3192,361.46,29.47,0.1076,29,84.4,2.86
atr_stop,19.5,274,11.7,1.3776,377.46,29.47,0.1076,29,88.1,2.99
atr_stop,20.0,274,10.9,1.2827,351.46,38.44,0.1403,38,82.0,2.13
wick_stop,2.0,274,32.1,0.1432,39.23,10.32,0.0377,12,9.2,0.89
wick_stop,2.5,274,27.7,0.1593,43.64,11.73,0.0428,18,10.2,0.87
wick_stop,3.0,274,24.8,0.1841,50.45,13.79,0.0503,18,11.8,0.85
wick_stop,3.5,274,22.3,0.195,53.43,13.29,0.0485,18,12.5,0.94
wick_stop,4.0,274,19.7,0.1842,50.47,18.63,0.068,18,11.8,0.63
wick_stop,4.5,274,17.9,0.1872,51.28,17.08,0.0623,18,12.0,0.7
wick_stop,5.0,274,16.8,0.2088,57.2,24.29,0.0886,18,13.3,0.55
wick_stop,5.5,274,15.7,0.2204,60.4,21.29,0.0777,18,14.1,0.66
wick_stop,6.0,274,15.3,0.2748,75.28,24.9,0.0909,27,17.6,0.71
wick_stop,6.5,274,13.1,0.1913,52.4,22.4,0.0818,27,12.2,0.55
wick_stop,7.0,274,12.8,0.2287,62.67,20.25,0.0739,27,14.6,0.72
wick_stop,7.5,274,12.4,0.2631,72.08,26.64,0.0972,27,16.8,0.63
wick_stop,8.0,274,12.0,0.2931,80.32,26.14,0.0954,27,18.7,0.72
wick_stop,8.5,274,11.7,0.3203,87.77,25.64,0.0936,27,20.5,0.8
wick_stop,9.0,274,11.3,0.3431,94.0,25.14,0.0917,27,21.9,0.87
wick_stop,9.5,274,10.9,0.3617,99.12,27.88,0.1017,27,23.1,0.83
wick_stop,10.0,274,10.9,0.4165,114.12,26.83,0.0979,27,26.6,0.99
wick_stop,10.5,274,10.9,0.4712,129.12,25.83,0.0943,27,30.1,1.17
wick_stop,11.0,274,10.6,0.4837,132.52,24.83,0.0906,27,30.9,1.25
wick_stop,11.5,274,10.2,0.4929,135.04,23.83,0.087,27,31.5,1.32
wick_stop,12.0,274,10.2,0.544,149.04,22.83,0.0833,27,34.8,1.52
wick_stop,12.5,274,9.9,0.5459,149.57,21.83,0.0797,29,34.9,1.6
wick_stop,13.0,274,9.9,0.5951,163.07,21.6,0.0788,29,38.1,1.76
wick_stop,13.5,274,9.1,0.5404,148.08,33.93,0.1238,38,34.6,1.02
wick_stop,14.0,274,8.8,0.5323,145.85,33.43,0.122,38,34.0,1.02
wick_stop,14.5,274,8.8,0.5761,157.85,32.93,0.1202,38,36.8,1.12
wick_stop,15.0,274,8.8,0.6199,169.85,32.43,0.1183,38,39.6,1.22
wick_stop,15.5,274,8.8,0.6637,181.85,31.93,0.1165,38,42.4,1.33
wick_stop,16.0,274,8.8,0.7075,193.85,31.43,0.1147,38,45.2,1.44
wick_stop,16.5,274,8.8,0.7513,205.85,30.93,0.1129,38,48.0,1.55
wick_stop,17.0,274,8.8,0.7951,217.85,30.43,0.111,38,50.8,1.67
wick_stop,17.5,274,8.8,0.8389,229.85,29.93,0.1092,38,53.6,1.79
wick_stop,18.0,274,8.8,0.8827,241.85,29.43,0.1074,38,56.4,1.92
wick_stop,18.5,274,8.8,0.9265,253.85,28.93,0.1056,38,59.2,2.05
wick_stop,19.0,274,8.4,0.8981,246.08,28.43,0.1037,38,57.4,2.02
wick_stop,19.5,274,8.4,0.9401,257.58,27.93,0.1019,38,60.1,2.15
wick_stop,20.0,274,8.0,0.9056,248.14,27.43,0.1001,38,57.9,2.11
