symbol,tp_r,entry_ts_utc,replay_from_ts_utc,exit_ts_utc,entry_idx_4h,side,entry_price,stop_init,tp_price,risk,mfe1,lock1,mfe2,lock2,mfe3,lock3,rsi_l,rsi_h,rsi_window,sl_n,entry_tp_r,fee_bps,baseline_r,managed_r,managed_reason,hold_5m_bars,gap_bps,r,structure_regime,regime_bias
XRPUSDT,3.0,2022-03-09T16:00:00+00:00,2022-03-09T17:00:00+00:00,2022-03-09T18:35:00+00:00,195,1,0.7619,0.7584,0.7724000000000002,0.0035000000000000586,,,,,,,,,14,20,3.0,3.0,-1.0653057142857132,-1.0653057142857132,SL,20,18.37511484446867,-1.0653057142857132,IMBALANCE,bullish
XRPUSDT,3.0,2022-03-12T01:00:00+00:00,2022-03-12T02:00:00+00:00,2022-03-12T04:10:00+00:00,252,1,0.839,0.8088,0.9296,0.030200000000000005,,,,,,,,,14,20,3.0,3.0,-1.0083344370860927,-1.0083344370860927,SL,27,102.5029797377837,-1.0083344370860927,IMBALANCE,bullish
XRPUSDT,3.0,2022-03-17T13:00:00+00:00,2022-03-17T14:00:00+00:00,2022-03-17T17:10:00+00:00,384,1,0.7966,0.7889,0.8196999999999998,0.007699999999999929,,,,,,,,,14,20,3.0,3.0,-1.031036363636364,-1.031036363636364,SL,39,37.660055234747716,-1.031036363636364,IMBALANCE,bullish
XRPUSDT,3.0,2022-03-28T14:00:00+00:00,2022-03-28T15:00:00+00:00,2022-03-28T16:15:00+00:00,649,1,0.8854,0.8741,0.9192999999999999,0.011299999999999977,,,,,,,,,14,20,3.0,3.0,-1.0235061946902655,-1.0235061946902655,SL,16,44.04788796024412,-1.0235061946902655,IMBALANCE,bullish
XRPUSDT,3.0,2022-03-28T19:00:00+00:00,2022-03-28T20:00:00+00:00,2022-03-28T21:35:00+00:00,654,1,0.8982,0.8856,0.9359999999999998,0.012599999999999945,,,,,,,,,14,20,3.0,3.0,-1.0213857142857143,-1.0213857142857143,SL,20,77.93364506791244,-1.0213857142857143,IMBALANCE,bullish
XRPUSDT,3.0,2022-04-15T21:00:00+00:00,2022-04-15T22:00:00+00:00,2022-04-15T23:20:00+00:00,1040,1,0.7791,0.7749,0.7917,0.0041999999999999815,,,,,,,,,14,20,3.0,3.0,-1.0556500000000002,-1.0556500000000002,SL,17,21.820048774225697,-1.0556500000000002,IMBALANCE,bullish
XRPUSDT,3.0,2022-05-30T21:00:00+00:00,2022-05-30T22:00:00+00:00,2022-06-01T17:00:00+00:00,2120,1,0.4165,0.4035,0.45549999999999985,0.012999999999999956,,,,,,,,,14,20,3.0,3.0,-1.0096115384615385,-1.0096115384615385,SL,517,76.83073229291671,-1.0096115384615385,IMBALANCE,bullish
XRPUSDT,3.0,2022-06-06T10:00:00+00:00,2022-06-06T11:00:00+00:00,2022-06-06T11:10:00+00:00,2277,1,0.4068,0.4056,0.41039999999999993,0.0011999999999999789,,,,,,,,,14,20,3.0,3.0,-1.101700000000002,-1.101700000000002,SL,3,14.749262536872896,-1.101700000000002,IMBALANCE,bullish
XRPUSDT,3.0,2022-06-24T02:00:00+00:00,2022-06-24T03:00:00+00:00,2022-06-26T02:55:00+00:00,2701,1,0.3644,0.344,0.4256000000000001,0.02040000000000003,,,,,,,,,14,20,3.0,3.0,-0.010260784313724935,-0.010260784313724935,TIME,576,411.6355653128434,-0.010260784313724935,IMBALANCE,bullish
XRPUSDT,3.0,2022-07-07T15:00:00+00:00,2022-07-07T16:00:00+00:00,2022-07-07T19:35:00+00:00,3026,1,0.3338,0.3312,0.34159999999999996,0.002599999999999991,,,,,,,,,14,20,3.0,3.0,2.9614846153846153,2.9614846153846153,TP,44,38.945476333134316,2.9614846153846153,IMBALANCE,bullish
XRPUSDT,3.0,2022-07-08T01:00:00+00:00,2022-07-08T02:00:00+00:00,2022-07-08T10:10:00+00:00,3036,1,0.354,0.3434,0.3858,0.010599999999999998,,,,,,,,,14,20,3.0,3.0,-1.0100188679245283,-1.0100188679245283,SL,99,206.21468926553754,-1.0100188679245283,IMBALANCE,bullish
XRPUSDT,3.0,2022-07-15T02:00:00+00:00,2022-07-15T03:00:00+00:00,2022-07-15T11:40:00+00:00,3205,1,0.3436,0.3349,0.36970000000000014,0.008700000000000041,,,,,,,,,14,20,3.0,3.0,-1.0118482758620688,-1.0118482758620688,SL,105,128.05587892898762,-1.0118482758620688,IMBALANCE,bullish
XRPUSDT,3.0,2022-07-16T17:00:00+00:00,2022-07-16T18:00:00+00:00,2022-07-17T17:55:00+00:00,3244,1,0.3512,0.3441,0.3725,0.007099999999999995,,,,,,,,,14,20,3.0,3.0,-1.0148394366197184,-1.0148394366197184,SL,288,193.6218678815482,-1.0148394366197184,IMBALANCE,bullish
XRPUSDT,3.0,2022-07-28T16:00:00+00:00,2022-07-28T17:00:00+00:00,2022-07-30T14:00:00+00:00,3531,1,0.3673,0.3551,0.4039,0.012199999999999989,,,,,,,,,14,20,3.0,3.0,2.9909680327868853,2.9909680327868853,TP,541,231.41845902531858,2.9909680327868853,IMBALANCE,bullish
XRPUSDT,3.0,2022-09-09T05:00:00+00:00,2022-09-09T06:00:00+00:00,2022-09-09T16:00:00+00:00,4552,1,0.3496,0.3454,0.36220000000000013,0.004200000000000037,,,,,,,,,14,20,3.0,3.0,-1.0249714285714284,-1.0249714285714284,SL,121,54.347826086956886,-1.0249714285714284,IMBALANCE,bullish
XRPUSDT,3.0,2022-09-09T20:00:00+00:00,2022-09-09T21:00:00+00:00,2022-09-11T20:55:00+00:00,4567,1,0.3516,0.3475,0.36390000000000017,0.004100000000000048,,,,,,,,,14,20,3.0,3.0,1.8767121951219228,1.8767121951219228,TIME,576,85.32423208191133,1.8767121951219228,IMBALANCE,bullish
XRPUSDT,3.0,2022-09-17T11:00:00+00:00,2022-09-17T12:00:00+00:00,2022-09-17T13:05:00+00:00,4750,1,0.3526,0.3499,0.36070000000000013,0.0027000000000000357,,,,,,,,,14,20,3.0,3.0,2.9608222222222227,2.9608222222222227,TP,14,45.37719795802582,2.9608222222222227,IMBALANCE,bullish
XRPUSDT,3.0,2022-09-17T14:00:00+00:00,2022-09-17T15:00:00+00:00,2022-09-19T02:15:00+00:00,4753,1,0.3726,0.3546,0.42659999999999987,0.01799999999999996,,,,,,,,,14,20,3.0,3.0,-1.00621,-1.00621,SL,424,394.52495974235086,-1.00621,IMBALANCE,bullish
XRPUSDT,3.0,2022-09-20T16:00:00+00:00,2022-09-20T17:00:00+00:00,2022-09-21T06:25:00+00:00,4827,1,0.4103,0.399,0.44419999999999993,0.011299999999999977,,,,,,,,,14,20,3.0,3.0,-1.0108929203539823,-1.0108929203539823,SL,162,270.5337557884474,-1.0108929203539823,IMBALANCE,bullish
XRPUSDT,3.0,2022-09-22T18:00:00+00:00,2022-09-22T19:00:00+00:00,2022-09-23T03:40:00+00:00,4877,1,0.4614,0.4375,0.5330999999999999,0.023899999999999977,,,,,,,,,14,20,3.0,3.0,2.994208368200837,2.994208368200837,TP,105,169.05071521456378,2.994208368200837,IMBALANCE,bullish
XRPUSDT,3.0,2022-09-23T04:00:00+00:00,2022-09-23T05:00:00+00:00,2022-09-23T08:35:00+00:00,4887,1,0.5355,0.5,0.6419999999999999,0.035499999999999976,,,,,,,,,14,20,3.0,3.0,-1.004525352112676,-1.004525352112676,SL,44,521.0084033613452,-1.004525352112676,IMBALANCE,bullish
XRPUSDT,3.0,2022-10-05T06:00:00+00:00,2022-10-05T07:00:00+00:00,2022-10-05T08:15:00+00:00,5177,1,0.4847,0.4769,0.5081000000000001,0.007800000000000029,,,,,,,,,14,20,3.0,3.0,-1.0186423076923077,-1.0186423076923077,SL,16,138.2298328863211,-1.0186423076923077,IMBALANCE,bullish
XRPUSDT,3.0,2022-10-07T23:00:00+00:00,2022-10-08T00:00:00+00:00,2022-10-08T04:05:00+00:00,5242,1,0.5173,0.514,0.5271999999999999,0.0032999999999999696,,,,,,,,,14,20,3.0,3.0,2.952972727272727,2.952972727272727,TP,50,7.732456988207152,2.952972727272727,IMBALANCE,bullish
XRPUSDT,3.0,2022-10-08T17:00:00+00:00,2022-10-08T18:00:00+00:00,2022-10-08T18:40:00+00:00,5260,1,0.5225,0.5207,0.5278999999999997,0.0017999999999999128,,,,,,,,,14,20,3.0,3.0,-1.0870833333333376,-1.0870833333333376,SL,9,26.79425837320492,-1.0870833333333376,IMBALANCE,bullish
XRPUSDT,3.0,2022-10-09T19:00:00+00:00,2022-10-09T20:00:00+00:00,2022-10-10T00:00:00+00:00,5286,1,0.5395,0.5307,0.5659000000000001,0.00880000000000003,,,,,,,,,14,20,3.0,3.0,-1.0183920454545454,-1.0183920454545454,SL,49,88.97126969416175,-1.0183920454545454,IMBALANCE,bullish
XRPUSDT,3.0,2022-11-15T14:00:00+00:00,2022-11-15T15:00:00+00:00,2022-11-15T15:10:00+00:00,6169,1,0.3879,0.3834,0.40140000000000003,0.004500000000000004,,,,,,,,,14,20,3.0,3.0,-1.02586,-1.02586,SL,3,38.6697602474865,-1.02586,IMBALANCE,bullish
XRPUSDT,3.0,2022-11-24T15:00:00+00:00,2022-11-24T16:00:00+00:00,2022-11-25T06:20:00+00:00,6386,1,0.3889,0.3827,0.40750000000000014,0.006200000000000039,,,,,,,,,14,20,3.0,3.0,2.9811822580645164,2.9811822580645164,TP,173,84.85471843661674,2.9811822580645164,IMBALANCE,bullish
XRPUSDT,3.0,2022-11-25T07:00:00+00:00,2022-11-25T08:00:00+00:00,2022-11-25T16:30:00+00:00,6402,1,0.4152,0.3998,0.4614000000000001,0.015400000000000025,,,,,,,,,14,20,3.0,3.0,-1.0080883116883117,-1.0080883116883117,SL,103,303.46820809248555,-1.0080883116883117,IMBALANCE,bullish
XRPUSDT,3.0,2022-12-26T17:00:00+00:00,2022-12-26T18:00:00+00:00,2022-12-28T05:40:00+00:00,7156,1,0.3644,0.3562,0.38899999999999996,0.008199999999999985,,,,,,,,,14,20,3.0,3.0,-1.0133317073170731,-1.0133317073170731,SL,429,32.930845225026864,-1.0133317073170731,IMBALANCE,bullish
XRPUSDT,3.0,2023-01-14T01:00:00+00:00,2023-01-14T02:00:00+00:00,2023-01-14T09:20:00+00:00,7596,1,0.4035,0.3862,0.45540000000000014,0.017300000000000038,,,,,,,,,14,20,3.0,3.0,-1.0069971098265895,-1.0069971098265895,SL,89,161.09045848822814,-1.0069971098265895,IMBALANCE,bullish
XRPUSDT,3.0,2023-01-20T22:00:00+00:00,2023-01-20T23:00:00+00:00,2023-01-21T00:10:00+00:00,7761,1,0.4095,0.4076,0.41519999999999985,0.0018999999999999573,,,,,,,,,14,20,3.0,3.0,-1.0646578947368435,-1.0646578947368435,SL,15,19.536019536018742,-1.0646578947368435,IMBALANCE,bullish
XRPUSDT,3.0,2023-02-15T11:00:00+00:00,2023-02-15T12:00:00+00:00,2023-02-15T20:05:00+00:00,8374,1,0.3857,0.3825,0.39529999999999993,0.0031999999999999806,,,,,,,,,14,20,3.0,3.0,2.9638406249999996,2.9638406249999996,TP,98,18.14882032667821,2.9638406249999996,IMBALANCE,bullish
XRPUSDT,3.0,2023-02-15T21:00:00+00:00,2023-02-15T22:00:00+00:00,2023-02-16T13:45:00+00:00,8384,1,0.3994,0.3945,0.41409999999999986,0.00489999999999996,,,,,,,,,14,20,3.0,3.0,-1.02445306122449,-1.02445306122449,SL,190,82.62393590385503,-1.02445306122449,IMBALANCE,bullish
XRPUSDT,3.0,2023-03-08T13:00:00+00:00,2023-03-08T14:00:00+00:00,2023-03-08T14:45:00+00:00,8880,1,0.3953,0.3897,0.41209999999999997,0.005599999999999994,,,,,,,,,14,20,3.0,3.0,-1.0211767857142857,-1.0211767857142857,SL,10,32.886415380724095,-1.0211767857142857,IMBALANCE,bullish
XRPUSDT,3.0,2023-03-21T17:00:00+00:00,2023-03-21T18:00:00+00:00,2023-03-22T16:10:00+00:00,9196,1,0.454,0.4319,0.5203,0.02210000000000001,,,,,,,,,14,20,3.0,3.0,-1.0061628959276019,-1.0061628959276019,SL,267,196.0352422907493,-1.0061628959276019,IMBALANCE,bullish
XRPUSDT,3.0,2023-03-27T12:00:00+00:00,2023-03-27T13:00:00+00:00,2023-03-27T14:50:00+00:00,9335,1,0.481,0.4688,0.5176,0.012199999999999989,,,,,,,,,14,20,3.0,3.0,-1.0118278688524591,-1.0118278688524591,SL,23,170.4781704781702,-1.0118278688524591,IMBALANCE,bullish
XRPUSDT,3.0,2023-03-28T12:00:00+00:00,2023-03-28T13:00:00+00:00,2023-03-28T18:45:00+00:00,9359,1,0.4977,0.4884,0.5255999999999998,0.009299999999999975,,,,,,,,,14,20,3.0,3.0,2.983945161290317,2.983945161290317,TP,70,122.5637934498693,2.983945161290317,IMBALANCE,bullish
XRPUSDT,3.0,2023-03-28T19:00:00+00:00,2023-03-28T20:00:00+00:00,2023-03-29T07:25:00+00:00,9366,1,0.5199,0.5092,0.5520000000000002,0.010700000000000043,,,,,,,,,14,20,3.0,3.0,2.9854233644859813,2.9854233644859813,TP,138,144.25851125216508,2.9854233644859813,IMBALANCE,bullish
XRPUSDT,3.0,2023-03-29T08:00:00+00:00,2023-03-29T09:00:00+00:00,2023-03-29T12:05:00+00:00,9379,1,0.5708,0.5486,0.6374,0.022199999999999998,,,,,,,,,14,20,3.0,3.0,-1.0077135135135136,-1.0077135135135136,SL,38,96.35599159075089,-1.0077135135135136,IMBALANCE,bullish
XRPUSDT,3.0,2023-03-29T18:00:00+00:00,2023-03-29T19:00:00+00:00,2023-03-29T20:20:00+00:00,9389,1,0.5519,0.5443,0.5746999999999998,0.00759999999999994,,,,,,,,,14,20,3.0,3.0,-1.0217855263157896,-1.0217855263157896,SL,17,39.86229389382098,-1.0217855263157896,IMBALANCE,bullish
XRPUSDT,3.0,2023-04-11T06:00:00+00:00,2023-04-11T07:00:00+00:00,2023-04-11T16:15:00+00:00,9689,1,0.5246,0.5164,0.5491999999999999,0.008199999999999985,,,,,,,,,14,20,3.0,3.0,-1.0191926829268294,-1.0191926829268294,SL,112,108.65421273351198,-1.0191926829268294,IMBALANCE,bullish
XRPUSDT,3.0,2023-04-14T06:00:00+00:00,2023-04-14T07:00:00+00:00,2023-04-14T12:55:00+00:00,9761,1,0.5347,0.5241,0.5664999999999998,0.010599999999999943,,,,,,,,,14,20,3.0,3.0,-1.0151330188679246,-1.0151330188679246,SL,72,157.09743781559686,-1.0151330188679246,IMBALANCE,bullish
XRPUSDT,3.0,2023-04-19T05:00:00+00:00,2023-04-19T06:00:00+00:00,2023-04-19T06:15:00+00:00,9880,1,0.5321,0.5278,0.5449999999999999,0.0042999999999999705,,,,,,,,,14,20,3.0,3.0,-1.0371232558139538,-1.0371232558139538,SL,4,20.67280586355929,-1.0371232558139538,IMBALANCE,bullish
XRPUSDT,3.0,2023-04-26T13:00:00+00:00,2023-04-26T14:00:00+00:00,2023-04-26T14:20:00+00:00,10056,1,0.4789,0.4746,0.4917999999999999,0.0042999999999999705,,,,,,,,,14,20,3.0,3.0,-1.033411627906977,-1.033411627906977,SL,5,37.58613489246123,-1.033411627906977,IMBALANCE,bullish
XRPUSDT,3.0,2023-05-17T02:00:00+00:00,2023-05-17T03:00:00+00:00,2023-05-17T06:45:00+00:00,10549,1,0.4549,0.4489,0.47290000000000004,0.006000000000000005,,,,,,,,,14,20,3.0,3.0,-1.022745,-1.022745,SL,46,103.31941085952917,-1.022745,IMBALANCE,bullish
XRPUSDT,3.0,2023-05-18T11:00:00+00:00,2023-05-18T12:00:00+00:00,2023-05-20T11:55:00+00:00,10582,1,0.4651,0.4469,0.5197,0.018199999999999994,,,,,,,,,14,20,3.0,3.0,0.09123461538461367,0.09123461538461367,TIME,576,376.2631692109215,0.09123461538461367,IMBALANCE,bullish
XRPUSDT,3.0,2023-05-28T18:00:00+00:00,2023-05-28T19:00:00+00:00,2023-05-29T19:05:00+00:00,10829,1,0.4768,0.4729,0.48850000000000005,0.0039000000000000146,,,,,,,,,14,20,3.0,3.0,2.963323076923077,2.963323076923077,TP,290,46.140939597316176,2.963323076923077,IMBALANCE,bullish
XRPUSDT,3.0,2023-05-30T04:00:00+00:00,2023-05-30T05:00:00+00:00,2023-06-01T04:55:00+00:00,10863,1,0.5032,0.4926,0.5349999999999999,0.010599999999999998,,,,,,,,,14,20,3.0,3.0,0.3348150943396262,0.3348150943396262,TIME,576,59.618441971383206,0.3348150943396262,IMBALANCE,bullish
XRPUSDT,3.0,2023-06-02T19:00:00+00:00,2023-06-02T20:00:00+00:00,2023-06-03T13:20:00+00:00,10950,1,0.5264,0.5187,0.5494999999999998,0.007699999999999929,,,,,,,,,14,20,3.0,3.0,-1.020509090909091,-1.020509090909091,SL,209,64.58966565349466,-1.020509090909091,IMBALANCE,bullish
XRPUSDT,3.0,2023-06-04T15:00:00+00:00,2023-06-04T16:00:00+00:00,2023-06-05T15:15:00+00:00,10994,1,0.5357,0.5265,0.5632999999999999,0.009199999999999986,,,,,,,,,14,20,3.0,3.0,-1.0174684782608696,-1.0174684782608696,SL,280,18.66716445771889,-1.0174684782608696,IMBALANCE,bullish
XRPUSDT,3.0,2023-06-13T11:00:00+00:00,2023-06-13T12:00:00+00:00,2023-06-13T12:40:00+00:00,11206,1,0.5614,0.5302,0.655,0.031200000000000006,,,,,,,,,14,20,3.0,3.0,-1.0053980769230768,-1.0053980769230768,SL,9,64.12540078375575,-1.0053980769230768,IMBALANCE,bullish
XRPUSDT,3.0,2023-06-22T03:00:00+00:00,2023-06-22T04:00:00+00:00,2023-06-22T06:10:00+00:00,11414,1,0.5163,0.5079,0.5414999999999999,0.008399999999999963,,,,,,,,,14,20,3.0,3.0,-1.0184392857142859,-1.0184392857142859,SL,27,143.32752275808565,-1.0184392857142859,IMBALANCE,bullish
XRPUSDT,3.0,2023-07-13T18:00:00+00:00,2023-07-13T19:00:00+00:00,2023-07-15T18:55:00+00:00,11933,1,0.7884,0.6217,1.2885,0.16669999999999996,,,,,,,,,14,20,3.0,3.0,-0.38174277144571106,-0.38174277144571106,TIME,576,1433.2825976661593,-0.38174277144571106,IMBALANCE,bullish
XRPUSDT,3.0,2023-07-16T15:00:00+00:00,2023-07-16T16:00:00+00:00,2023-07-16T19:40:00+00:00,12002,1,0.771,0.7501,0.8337000000000001,0.02090000000000003,,,,,,,,,14,20,3.0,3.0,-1.011066985645933,-1.011066985645933,SL,45,177.69130998703042,-1.011066985645933,IMBALANCE,bullish
XRPUSDT,3.0,2023-07-19T03:00:00+00:00,2023-07-19T04:00:00+00:00,2023-07-19T04:10:00+00:00,12062,1,0.7977,0.7875,0.8282999999999999,0.010199999999999987,,,,,,,,,14,20,3.0,3.0,-1.0234617647058823,-1.0234617647058823,SL,3,82.73787138021875,-1.0234617647058823,IMBALANCE,bullish
XRPUSDT,3.0,2023-07-19T18:00:00+00:00,2023-07-19T19:00:00+00:00,2023-07-20T09:00:00+00:00,12077,1,0.8317,0.8046,0.913,0.027100000000000013,,,,,,,,,14,20,3.0,3.0,-1.0092070110701108,-1.0092070110701108,SL,169,107.00973908861391,-1.0092070110701108,IMBALANCE,bullish
XRPUSDT,3.0,2023-09-15T03:00:00+00:00,2023-09-15T04:00:00+00:00,2023-09-15T11:55:00+00:00,13454,1,0.4977,0.4927,0.5126999999999998,0.004999999999999949,,,,,,,,,14,20,3.0,3.0,-1.0298620000000003,-1.0298620000000003,SL,96,46.21257785814685,-1.0298620000000003,IMBALANCE,bullish
XRPUSDT,3.0,2023-10-23T23:00:00+00:00,2023-10-24T00:00:00+00:00,2023-10-24T05:55:00+00:00,14386,1,0.5476,0.5396,0.5716,0.008000000000000007,,,,,,,,,14,20,3.0,3.0,-1.020535,-1.020535,SL,72,20.087655222790175,-1.020535,IMBALANCE,bullish
XRPUSDT,3.0,2023-10-24T09:00:00+00:00,2023-10-24T10:00:00+00:00,2023-10-24T12:20:00+00:00,14396,1,0.5484,0.5432,0.564,0.005199999999999982,,,,,,,,,14,20,3.0,3.0,2.9683615384615383,2.9683615384615383,TP,29,27.352297592996823,2.9683615384615383,IMBALANCE,bullish
XRPUSDT,3.0,2023-10-24T13:00:00+00:00,2023-10-24T14:00:00+00:00,2023-10-24T15:30:00+00:00,14400,1,0.5772,0.5538,0.6474000000000003,0.023400000000000087,,,,,,,,,14,20,3.0,3.0,-1.0074,-1.0074,SL,19,207.90020790020807,-1.0074,IMBALANCE,bullish
XRPUSDT,3.0,2023-10-30T14:00:00+00:00,2023-10-30T15:00:00+00:00,2023-10-31T07:50:00+00:00,14545,1,0.5821,0.5678,0.6249999999999999,0.01429999999999998,,,,,,,,,14,20,3.0,3.0,-1.0122118881118882,-1.0122118881118882,SL,203,99.63923724446019,-1.0122118881118882,IMBALANCE,bullish
XRPUSDT,3.0,2023-10-31T11:00:00+00:00,2023-10-31T12:00:00+00:00,2023-11-02T11:55:00+00:00,14566,1,0.6044,0.5762,0.6890000000000001,0.028200000000000003,,,,,,,,,14,20,3.0,3.0,0.4510170212765926,0.4510170212765926,TIME,576,302.7796161482459,0.4510170212765926,IMBALANCE,bullish
XRPUSDT,3.0,2023-11-05T10:00:00+00:00,2023-11-05T11:00:00+00:00,2023-11-06T00:30:00+00:00,14685,1,0.6394,0.6247,0.6834999999999998,0.014699999999999935,,,,,,,,,14,20,3.0,3.0,2.986951020408163,2.986951020408163,TP,163,40.66312167657078,2.986951020408163,IMBALANCE,bullish
XRPUSDT,3.0,2023-11-06T01:00:00+00:00,2023-11-06T02:00:00+00:00,2023-11-06T14:05:00+00:00,14700,1,0.6798,0.6635,0.7286999999999999,0.01629999999999998,,,,,,,,,14,20,3.0,3.0,2.987488343558282,2.987488343558282,TP,146,189.7616946160639,2.987488343558282,IMBALANCE,bullish
XRPUSDT,3.0,2023-11-06T22:00:00+00:00,2023-11-06T23:00:00+00:00,2023-11-06T23:05:00+00:00,14721,1,0.722,0.7171,0.7367,0.0049000000000000155,,,,,,,,,14,20,3.0,3.0,-1.044204081632653,-1.044204081632653,SL,2,29.08587257617716,-1.044204081632653,IMBALANCE,bullish
XRPUSDT,3.0,2023-12-03T11:00:00+00:00,2023-12-03T12:00:00+00:00,2023-12-03T12:50:00+00:00,15358,1,0.6287,0.6214,0.6506000000000003,0.007300000000000084,,,,,,,,,14,20,3.0,3.0,-1.0258369863013697,-1.0258369863013697,SL,11,84.3009384444104,-1.0258369863013697,IMBALANCE,bullish
XRPUSDT,3.0,2023-12-08T16:00:00+00:00,2023-12-08T17:00:00+00:00,2023-12-09T23:30:00+00:00,15483,1,0.6686,0.6554,0.7081999999999999,0.01319999999999999,,,,,,,,,14,20,3.0,3.0,-1.0151954545454545,-1.0151954545454545,SL,367,67.30481603350374,-1.0151954545454545,IMBALANCE,bullish
XRPUSDT,3.0,2024-01-02T10:00:00+00:00,2024-01-02T11:00:00+00:00,2024-01-02T11:30:00+00:00,16077,1,0.6374,0.6344,0.6464,0.0030000000000000027,,,,,,,,,14,20,3.0,3.0,-1.06374,-1.06374,SL,7,7.844367743960715,-1.06374,IMBALANCE,bullish
XRPUSDT,3.0,2024-01-11T11:00:00+00:00,2024-01-11T12:00:00+00:00,2024-01-11T15:40:00+00:00,16294,1,0.612,0.602,0.642,0.010000000000000009,,,,,,,,,14,20,3.0,3.0,-1.01836,-1.01836,SL,45,40.84967320261532,-1.01836,IMBALANCE,bullish
XRPUSDT,3.0,2024-02-09T09:00:00+00:00,2024-02-09T10:00:00+00:00,2024-02-09T14:20:00+00:00,16988,1,0.5226,0.5185,0.5348999999999999,0.0040999999999999925,,,,,,,,,14,20,3.0,3.0,-1.038239024390244,-1.038239024390244,SL,53,13.394565633372254,-1.038239024390244,IMBALANCE,bullish
XRPUSDT,3.0,2024-02-11T10:00:00+00:00,2024-02-11T11:00:00+00:00,2024-02-11T13:20:00+00:00,17037,1,0.5333,0.529,0.5461999999999999,0.0042999999999999705,,,,,,,,,14,20,3.0,3.0,-1.0372069767441863,-1.0372069767441863,SL,29,24.376523532720192,-1.0372069767441863,IMBALANCE,bullish
XRPUSDT,3.0,2024-02-15T04:00:00+00:00,2024-02-15T05:00:00+00:00,2024-02-15T05:45:00+00:00,17127,1,0.5539,0.5468,0.5751999999999999,0.007099999999999995,,,,,,,,,14,20,3.0,3.0,-1.0234042253521127,-1.0234042253521127,SL,10,84.85286152735219,-1.0234042253521127,IMBALANCE,bullish
XRPUSDT,3.0,2024-02-15T10:00:00+00:00,2024-02-15T11:00:00+00:00,2024-02-15T11:35:00+00:00,17133,1,0.5534,0.5503,0.5627,0.0030999999999999917,,,,,,,,,14,20,3.0,3.0,-1.0535548387096776,-1.0535548387096776,SL,8,23.491145645102417,-1.0535548387096776,IMBALANCE,bullish
XRPUSDT,3.0,2024-02-15T21:00:00+00:00,2024-02-15T22:00:00+00:00,2024-02-16T15:10:00+00:00,17144,1,0.564,0.5553,0.5900999999999997,0.00869999999999993,,,,,,,,,14,20,3.0,3.0,-1.019448275862069,-1.019448275862069,SL,207,63.82978723404144,-1.019448275862069,IMBALANCE,bullish
XRPUSDT,3.0,2024-02-27T10:00:00+00:00,2024-02-27T11:00:00+00:00,2024-02-27T13:00:00+00:00,17421,1,0.5603,0.5562,0.5726,0.0040999999999999925,,,,,,,,,14,20,3.0,3.0,-1.04099756097561,-1.04099756097561,SL,25,58.89701945386346,-1.04099756097561,IMBALANCE,bullish
XRPUSDT,3.0,2024-02-27T18:00:00+00:00,2024-02-27T19:00:00+00:00,2024-02-28T17:30:00+00:00,17429,1,0.5796,0.5685,0.6129,0.011099999999999999,,,,,,,,,14,20,3.0,3.0,-1.015664864864865,-1.015664864864865,SL,271,62.111801242236844,-1.015664864864865,IMBALANCE,bullish
XRPUSDT,3.0,2024-03-02T03:00:00+00:00,2024-03-02T04:00:00+00:00,2024-03-02T05:15:00+00:00,17510,1,0.6319,0.6254,0.6514000000000002,0.006500000000000061,,,,,,,,,14,20,3.0,3.0,-1.029164615384615,-1.029164615384615,SL,16,74.3788574141484,-1.029164615384615,IMBALANCE,bullish
XRPUSDT,3.0,2024-04-20T18:00:00+00:00,2024-04-20T19:00:00+00:00,2024-04-20T19:10:00+00:00,18701,1,0.5251,0.5232,0.5308,0.0019000000000000128,,,,,,,,,14,20,3.0,3.0,-1.082910526315789,-1.082910526315789,SL,3,19.043991620643702,-1.082910526315789,IMBALANCE,bullish
XRPUSDT,3.0,2024-04-22T21:00:00+00:00,2024-04-22T22:00:00+00:00,2024-04-22T23:45:00+00:00,18752,1,0.5585,0.5547,0.5699000000000001,0.0038000000000000256,,,,,,,,,14,20,3.0,3.0,-1.0440921052631575,-1.0440921052631575,SL,22,41.181736794988,-1.0440921052631575,IMBALANCE,bullish
XRPUSDT,3.0,2024-06-16T10:00:00+00:00,2024-06-16T11:00:00+00:00,2024-06-16T13:35:00+00:00,20061,1,0.498,0.4899,0.5223,0.008099999999999996,,,,,,,,,14,20,3.0,3.0,-1.0184444444444445,-1.0184444444444445,SL,32,26.1044176706832,-1.0184444444444445,IMBALANCE,bullish
XRPUSDT,3.0,2024-07-11T12:00:00+00:00,2024-07-11T13:00:00+00:00,2024-07-11T14:20:00+00:00,20663,1,0.4511,0.4469,0.46369999999999995,0.0041999999999999815,,,,,,,,,14,20,3.0,3.0,-1.0322214285714286,-1.0322214285714286,SL,17,6.650410108622633,-1.0322214285714286,IMBALANCE,bullish
XRPUSDT,3.0,2024-07-12T08:00:00+00:00,2024-07-12T09:00:00+00:00,2024-07-12T15:15:00+00:00,20683,1,0.4663,0.4594,0.48700000000000004,0.006900000000000017,,,,,,,,,14,20,3.0,3.0,-1.0202739130434781,-1.0202739130434781,SL,76,6.43362642075965,-1.0202739130434781,IMBALANCE,bullish
XRPUSDT,3.0,2024-07-12T17:00:00+00:00,2024-07-12T18:00:00+00:00,2024-07-12T22:10:00+00:00,20692,1,0.4667,0.4647,0.4727,0.0020000000000000018,,,,,,,,,14,20,3.0,3.0,2.929995,2.929995,TP,51,17.141632740519025,2.929995,IMBALANCE,bullish
XRPUSDT,3.0,2024-07-12T23:00:00+00:00,2024-07-13T00:00:00+00:00,2024-07-13T02:45:00+00:00,20698,1,0.4742,0.4712,0.4832,0.0030000000000000027,,,,,,,,,14,20,3.0,3.0,2.95258,2.95258,TP,34,29.52340784479149,2.95258,IMBALANCE,bullish
XRPUSDT,3.0,2024-07-13T03:00:00+00:00,2024-07-13T04:00:00+00:00,2024-07-13T15:10:00+00:00,20702,1,0.492,0.4797,0.5288999999999999,0.012299999999999978,,,,,,,,,14,20,3.0,3.0,2.988,2.988,TP,135,69.10569105690973,2.988,IMBALANCE,bullish
XRPUSDT,3.0,2024-07-13T16:00:00+00:00,2024-07-13T17:00:00+00:00,2024-07-13T19:55:00+00:00,20715,1,0.5324,0.5226,0.5618000000000001,0.009800000000000031,,,,,,,,,14,20,3.0,3.0,2.9837020408163264,2.9837020408163264,TP,36,144.62809917355446,2.9837020408163264,IMBALANCE,bullish
XRPUSDT,3.0,2024-07-16T01:00:00+00:00,2024-07-16T02:00:00+00:00,2024-07-16T06:50:00+00:00,20772,1,0.5533,0.538,0.5992,0.01529999999999998,,,,,,,,,14,20,3.0,3.0,-1.0108490196078432,-1.0108490196078432,SL,59,104.82559190312517,-1.0108490196078432,IMBALANCE,bullish
XRPUSDT,3.0,2024-07-16T14:00:00+00:00,2024-07-16T15:00:00+00:00,2024-07-18T14:55:00+00:00,20785,1,0.5785,0.5492,0.6664,0.029299999999999993,,,,,,,,,14,20,3.0,3.0,-0.14926791808873663,-0.14926791808873663,TIME,576,112.3595505617969,-0.14926791808873663,IMBALANCE,bullish
XRPUSDT,3.0,2024-07-31T01:00:00+00:00,2024-07-31T02:00:00+00:00,2024-07-31T16:45:00+00:00,21132,1,0.6492,0.6303,0.7059000000000001,0.018900000000000028,,,,,,,,,14,20,3.0,3.0,-1.0103047619047618,-1.0103047619047618,SL,178,20.024645717807747,-1.0103047619047618,IMBALANCE,bullish
XRPUSDT,3.0,2024-08-19T18:00:00+00:00,2024-08-19T19:00:00+00:00,2024-08-20T15:05:00+00:00,21605,1,0.6041,0.5875,0.6538999999999998,0.016599999999999948,,,,,,,,,14,20,3.0,3.0,-1.010917469879518,-1.010917469879518,SL,242,139.04982618771666,-1.010917469879518,IMBALANCE,bullish
XRPUSDT,3.0,2024-08-24T14:00:00+00:00,2024-08-24T15:00:00+00:00,2024-08-24T21:05:00+00:00,21721,1,0.6246,0.6155,0.6519,0.009099999999999997,,,,,,,,,14,20,3.0,3.0,-1.0205912087912088,-1.0205912087912088,SL,74,112.07172590457901,-1.0205912087912088,IMBALANCE,bullish
XRPUSDT,3.0,2024-09-12T18:00:00+00:00,2024-09-12T19:00:00+00:00,2024-09-13T00:25:00+00:00,22181,1,0.5613,0.5587,0.5691000000000002,0.0026000000000000467,,,,,,,,,14,20,3.0,3.0,-1.0647653846153835,-1.0647653846153835,SL,66,5.344735435597327,-1.0647653846153835,IMBALANCE,bullish
XRPUSDT,3.0,2024-09-13T04:00:00+00:00,2024-09-13T05:00:00+00:00,2024-09-15T04:55:00+00:00,22191,1,0.5692,0.5581,0.6025,0.011099999999999999,,,,,,,,,14,20,3.0,3.0,1.5071387387387312,1.5071387387387312,TIME,576,38.65073787772276,1.5071387387387312,IMBALANCE,bullish
XRPUSDT,3.0,2024-09-22T01:00:00+00:00,2024-09-22T02:00:00+00:00,2024-09-22T02:10:00+00:00,22404,1,0.6015,0.599,0.6090000000000002,0.0025000000000000577,,,,,,,,,14,20,3.0,3.0,-1.0721799999999984,-1.0721799999999984,SL,3,8.312551953450638,-1.0721799999999984,IMBALANCE,bullish
XRPUSDT,3.0,2024-09-28T14:00:00+00:00,2024-09-28T15:00:00+00:00,2024-09-28T15:30:00+00:00,22561,1,0.6191,0.6177,0.6232999999999999,0.0013999999999999568,,,,,,,,,14,20,3.0,3.0,-1.1326642857142897,-1.1326642857142897,SL,7,14.537231465030075,-1.1326642857142897,IMBALANCE,bullish
XRPUSDT,3.0,2024-09-29T15:00:00+00:00,2024-09-29T16:00:00+00:00,2024-09-30T10:00:00+00:00,22586,1,0.6596,0.633,0.7393999999999998,0.026599999999999957,,,,,,,,,14,20,3.0,3.0,-1.007439097744361,-1.007439097744361,SL,217,98.54457246816177,-1.007439097744361,IMBALANCE,bullish
XRPUSDT,3.0,2024-10-15T02:00:00+00:00,2024-10-15T03:00:00+00:00,2024-10-15T03:25:00+00:00,22957,1,0.5514,0.5498,0.5562000000000001,0.0016000000000000458,,,,,,,,,14,20,3.0,3.0,-1.103387499999997,-1.103387499999997,SL,6,21.76278563656311,-1.103387499999997,IMBALANCE,bullish
XRPUSDT,3.0,2024-10-29T17:00:00+00:00,2024-10-29T18:00:00+00:00,2024-10-29T19:30:00+00:00,23308,1,0.5289,0.5259,0.5379,0.0030000000000000027,,,,,,,,,14,20,3.0,3.0,-1.0528899999999999,-1.0528899999999999,SL,19,24.579315560596857,-1.0528899999999999,IMBALANCE,bullish
XRPUSDT,3.0,2024-11-06T21:00:00+00:00,2024-11-06T22:00:00+00:00,2024-11-07T03:15:00+00:00,23504,1,0.544,0.5363,0.5671000000000002,0.00770000000000004,,,,,,,,,14,20,3.0,3.0,2.978805194805195,2.978805194805195,TP,64,77.20588235294083,2.978805194805195,IMBALANCE,bullish
XRPUSDT,3.0,2024-11-07T04:00:00+00:00,2024-11-07T05:00:00+00:00,2024-11-07T06:35:00+00:00,23511,1,0.5572,0.5528,0.5704000000000002,0.0044000000000000705,,,,,,,,,14,20,3.0,3.0,-1.0379909090909085,-1.0379909090909085,SL,20,52.04594400574324,-1.0379909090909085,IMBALANCE,bullish
XRPUSDT,3.0,2024-11-10T13:00:00+00:00,2024-11-10T14:00:00+00:00,2024-11-10T20:40:00+00:00,23592,1,0.6115,0.5876,0.6832000000000001,0.023900000000000032,,,,,,,,,14,20,3.0,3.0,-1.0076757322175731,-1.0076757322175731,SL,81,284.54619787407967,-1.0076757322175731,IMBALANCE,bullish
XRPUSDT,3.0,2024-11-12T08:00:00+00:00,2024-11-12T09:00:00+00:00,2024-11-12T10:50:00+00:00,23635,1,0.6863,0.6093,0.9173000000000002,0.07700000000000007,,,,,,,,,14,20,3.0,3.0,-1.0026738961038961,-1.0026738961038961,SL,23,91.79659041235732,-1.0026738961038961,IMBALANCE,bullish
XRPUSDT,3.0,2024-11-12T15:00:00+00:00,2024-11-12T16:00:00+00:00,2024-11-13T04:35:00+00:00,23642,1,0.6792,0.6562,0.7482000000000001,0.02300000000000002,,,,,,,,,14,20,3.0,3.0,-1.0088591304347827,-1.0088591304347827,SL,152,44.16961130742053,-1.0088591304347827,IMBALANCE,bullish
XRPUSDT,3.0,2024-11-14T18:00:00+00:00,2024-11-14T19:00:00+00:00,2024-11-15T14:45:00+00:00,23693,1,0.7742,0.7327,0.8986999999999999,0.04149999999999998,,,,,,,,,14,20,3.0,3.0,2.994403373493976,2.994403373493976,TP,238,335.83053474554407,2.994403373493976,IMBALANCE,bullish
XRPUSDT,3.0,2024-11-16T05:00:00+00:00,2024-11-16T06:00:00+00:00,2024-11-16T14:45:00+00:00,23728,1,0.983,0.9196,1.1732,0.06340000000000001,,,,,,,,,14,20,3.0,3.0,2.9953485804416404,2.9953485804416404,TP,106,253.30620549338795,2.9953485804416404,IMBALANCE,bullish
XRPUSDT,3.0,2024-11-22T00:00:00+00:00,2024-11-22T01:00:00+00:00,2024-11-23T00:05:00+00:00,23867,1,1.2831,1.2092,1.5047999999999995,0.07389999999999985,,,,,,,,,14,20,3.0,3.0,2.994791204330176,2.994791204330176,TP,278,297.716467929234,2.994791204330176,IMBALANCE,bullish
XRPUSDT,3.0,2024-11-23T01:00:00+00:00,2024-11-23T02:00:00+00:00,2024-11-23T16:20:00+00:00,23892,1,1.5919,1.4758,1.9402000000000004,0.11610000000000009,,,,,,,,,14,20,3.0,3.0,-1.0041134366925064,-1.0041134366925064,SL,173,489.3523462529058,-1.0041134366925064,IMBALANCE,bullish
XRPUSDT,3.0,2024-11-29T07:00:00+00:00,2024-11-29T08:00:00+00:00,2024-11-29T10:05:00+00:00,24042,1,1.5908,1.5712,1.6496000000000002,0.019600000000000062,,,,,,,,,14,20,3.0,3.0,2.975651020408163,2.975651020408163,TP,26,93.66356550163526,2.975651020408163,IMBALANCE,bullish
XRPUSDT,3.0,2024-11-29T15:00:00+00:00,2024-11-29T16:00:00+00:00,2024-11-29T16:00:00+00:00,24050,1,1.7116,1.705,1.7313999999999998,0.006599999999999939,,,,,,,,,14,20,3.0,3.0,2.9221999999999992,2.9221999999999992,TP,1,29.21243281140391,2.9221999999999992,IMBALANCE,bullish
XRPUSDT,3.0,2024-11-30T06:00:00+00:00,2024-11-30T07:00:00+00:00,2024-11-30T10:15:00+00:00,24065,1,1.8995,1.8588,2.0216,0.04069999999999996,,,,,,,,,14,20,3.0,3.0,-1.0140012285012285,-1.0140012285012285,SL,40,66.3332455909447,-1.0140012285012285,IMBALANCE,bullish
XRPUSDT,3.0,2024-12-01T19:00:00+00:00,2024-12-01T20:00:00+00:00,2024-12-02T15:05:00+00:00,24102,1,2.126,1.9341,2.7016999999999998,0.19189999999999996,,,,,,,,,14,20,3.0,3.0,2.996676393955185,2.996676393955185,TP,230,179.68015051740363,2.996676393955185,IMBALANCE,bullish
XRPUSDT,3.0,2024-12-08T00:00:00+00:00,2024-12-08T01:00:00+00:00,2024-12-08T04:15:00+00:00,24251,1,2.5826,2.5587,2.654299999999999,0.02389999999999981,,,,,,,,,14,20,3.0,3.0,-1.0324175732217575,-1.0324175732217575,SL,40,68.53558429489681,-1.0324175732217575,IMBALANCE,bullish
XRPUSDT,3.0,2024-12-17T09:00:00+00:00,2024-12-17T10:00:00+00:00,2024-12-17T11:15:00+00:00,24476,1,2.5881,2.5531,2.693099999999999,0.0349999999999997,,,,,,,,,14,20,3.0,3.0,2.9778162857142854,2.9778162857142854,TP,16,34.388161199334206,2.9778162857142854,IMBALANCE,bullish
XRPUSDT,3.0,2025-01-01T19:00:00+00:00,2025-01-01T20:00:00+00:00,2025-01-03T03:50:00+00:00,24846,1,2.3171,2.2654,2.4721999999999995,0.05169999999999986,,,,,,,,,14,20,3.0,3.0,2.9865545454545455,2.9865545454545455,TP,383,99.69358249536015,2.9865545454545455,IMBALANCE,bullish
XRPUSDT,3.0,2025-01-11T17:00:00+00:00,2025-01-11T18:00:00+00:00,2025-01-13T08:20:00+00:00,25084,1,2.4814,2.416,2.6775999999999995,0.0653999999999999,,,,,,,,,14,20,3.0,3.0,-1.0113825688073395,-1.0113825688073395,SL,461,119.69049729991158,-1.0113825688073395,IMBALANCE,bullish
XRPUSDT,3.0,2025-01-14T17:00:00+00:00,2025-01-14T18:00:00+00:00,2025-01-15T02:50:00+00:00,25156,1,2.6557,2.5905,2.8512999999999997,0.06519999999999992,,,,,,,,,14,20,3.0,3.0,2.9877805214723927,2.9877805214723927,TP,107,25.228753247731028,2.9877805214723927,IMBALANCE,bullish
XRPUSDT,3.0,2025-01-15T14:00:00+00:00,2025-01-15T15:00:00+00:00,2025-01-15T23:05:00+00:00,25177,1,2.8639,2.7736,3.1348000000000003,0.09030000000000005,,,,,,,,,14,20,3.0,3.0,2.9904853820598007,2.9904853820598007,TP,98,180.52306295610828,2.9904853820598007,IMBALANCE,bullish
XRPUSDT,3.0,2025-01-16T07:00:00+00:00,2025-01-16T08:00:00+00:00,2025-01-16T08:20:00+00:00,25194,1,3.0897,3.0756,3.132,0.014100000000000001,,,,,,,,,14,20,3.0,3.0,-1.0657382978723404,-1.0657382978723404,SL,5,39.809690261189616,-1.0657382978723404,IMBALANCE,bullish
XRPUSDT,3.0,2025-01-16T12:00:00+00:00,2025-01-16T13:00:00+00:00,2025-01-18T05:50:00+00:00,25199,1,3.3383,3.1105,4.021699999999999,0.22779999999999978,,,,,,,,,14,20,3.0,3.0,-1.004396356453029,-1.004396356453029,SL,491,148.27906419435072,-1.004396356453029,IMBALANCE,bullish
XRPUSDT,3.0,2025-02-14T08:00:00+00:00,2025-02-14T09:00:00+00:00,2025-02-16T08:55:00+00:00,25891,1,2.6938,2.5629,3.0865,0.13090000000000002,,,,,,,,,14,20,3.0,3.0,0.5392808250572966,0.5392808250572966,TIME,576,87.97980547924803,0.5392808250572966,IMBALANCE,bullish
XRPUSDT,3.0,2025-03-02T16:00:00+00:00,2025-03-02T17:00:00+00:00,2025-03-04T01:40:00+00:00,26283,1,2.8466,2.2579,4.6127,0.5887000000000002,,,,,,,,,14,20,3.0,3.0,-1.001450620010192,-1.001450620010192,SL,393,1178.5990304222587,-1.001450620010192,IMBALANCE,bullish
XRPUSDT,3.0,2025-03-19T23:00:00+00:00,2025-03-20T00:00:00+00:00,2025-03-20T00:20:00+00:00,26698,1,2.5457,2.5194,2.6246,0.02629999999999999,,,,,,,,,14,20,3.0,3.0,-1.0290384030418251,-1.0290384030418251,SL,5,38.88910712181333,-1.0290384030418251,IMBALANCE,bullish
XRPUSDT,3.0,2025-04-12T14:00:00+00:00,2025-04-12T15:00:00+00:00,2025-04-14T14:55:00+00:00,27265,1,2.1526,2.0725,2.392900000000001,0.08010000000000028,,,,,,,,,14,20,3.0,3.0,0.07433483146067037,0.07433483146067037,TIME,576,329.3691349995373,0.07433483146067037,IMBALANCE,bullish
XRPUSDT,3.0,2025-04-22T22:00:00+00:00,2025-04-22T23:00:00+00:00,2025-04-24T07:20:00+00:00,27513,1,2.2082,2.1591,2.3555000000000006,0.049100000000000144,,,,,,,,,14,20,3.0,3.0,-1.0134920570264765,-1.0134920570264765,SL,389,159.40585091930132,-1.0134920570264765,IMBALANCE,bullish
XRPUSDT,3.0,2025-04-28T08:00:00+00:00,2025-04-28T09:00:00+00:00,2025-04-28T13:30:00+00:00,27643,1,2.3256,2.2934,2.4222,0.032200000000000006,,,,,,,,,14,20,3.0,3.0,-1.0216670807453416,-1.0216670807453416,SL,55,129.42896456828353,-1.0216670807453416,IMBALANCE,bullish
XRPUSDT,3.0,2025-05-08T20:00:00+00:00,2025-05-08T21:00:00+00:00,2025-05-10T20:55:00+00:00,27895,1,2.3115,2.2531,2.486700000000001,0.05840000000000023,,,,,,,,,14,20,3.0,3.0,1.9110710616438253,1.9110710616438253,TIME,576,19.03525849015773,1.9110710616438253,IMBALANCE,bullish
XRPUSDT,3.0,2025-06-03T16:00:00+00:00,2025-06-03T17:00:00+00:00,2025-06-03T21:55:00+00:00,28515,1,2.2533,2.2384,2.2979999999999996,0.014899999999999913,,,,,,,,,14,20,3.0,3.0,-1.0453684563758392,-1.0453684563758392,SL,60,43.93556117694058,-1.0453684563758392,IMBALANCE,bullish
XRPUSDT,3.0,2025-06-08T12:00:00+00:00,2025-06-08T13:00:00+00:00,2025-06-10T12:55:00+00:00,28631,1,2.259,2.2149,2.3912999999999993,0.044099999999999806,,,,,,,,,14,20,3.0,3.0,1.2295306122449021,1.2295306122449021,TIME,576,114.65250110668453,1.2295306122449021,IMBALANCE,bullish
XRPUSDT,3.0,2025-06-16T12:00:00+00:00,2025-06-16T13:00:00+00:00,2025-06-17T00:10:00+00:00,28823,1,2.2468,2.2095,2.3587000000000002,0.03730000000000011,,,,,,,,,14,20,3.0,3.0,-1.0180707774798927,-1.0180707774798927,SL,135,149.99109845113077,-1.0180707774798927,IMBALANCE,bullish
XRPUSDT,3.0,2025-06-24T06:00:00+00:00,2025-06-24T07:00:00+00:00,2025-06-26T06:55:00+00:00,29009,1,2.191,2.1542,2.3013999999999997,0.036799999999999944,,,,,,,,,14,20,3.0,3.0,-0.14286141304347677,-0.14286141304347677,TIME,576,119.12368781378372,-0.14286141304347677,IMBALANCE,bullish
XRPUSDT,3.0,2025-07-03T06:00:00+00:00,2025-07-03T07:00:00+00:00,2025-07-03T15:30:00+00:00,29225,1,2.2727,2.257,2.3197999999999994,0.015699999999999825,,,,,,,,,14,20,3.0,3.0,-1.0434273885350323,-1.0434273885350323,SL,103,26.840322083864983,-1.0434273885350323,IMBALANCE,bullish
XRPUSDT,3.0,2025-07-07T14:00:00+00:00,2025-07-07T15:00:00+00:00,2025-07-07T18:25:00+00:00,29329,1,2.3114,2.283,2.3966,0.02839999999999998,,,,,,,,,14,20,3.0,3.0,-1.0244161971830985,-1.0244161971830985,SL,42,82.20126330362606,-1.0244161971830985,IMBALANCE,bullish
XRPUSDT,3.0,2025-07-09T05:00:00+00:00,2025-07-09T06:00:00+00:00,2025-07-09T11:15:00+00:00,29368,1,2.3271,2.3128,2.37,0.01429999999999998,,,,,,,,,14,20,3.0,3.0,2.95117972027972,2.95117972027972,TP,64,13.321301190322206,2.95117972027972,IMBALANCE,bullish
XRPUSDT,3.0,2025-07-09T12:00:00+00:00,2025-07-09T13:00:00+00:00,2025-07-09T14:00:00+00:00,29375,1,2.3837,2.36,2.454800000000001,0.023700000000000276,,,,,,,,,14,20,3.0,3.0,-1.0301734177215187,-1.0301734177215187,SL,13,74.6738264043305,-1.0301734177215187,IMBALANCE,bullish
XRPUSDT,3.0,2025-07-10T02:00:00+00:00,2025-07-10T03:00:00+00:00,2025-07-10T04:00:00+00:00,29389,1,2.4228,2.4181,2.4369000000000005,0.0047000000000001485,,,,,,,,,14,20,3.0,3.0,-1.1546468085106334,-1.1546468085106334,SL,13,11.14413075780058,-1.1546468085106334,IMBALANCE,bullish
XRPUSDT,3.0,2025-07-10T08:00:00+00:00,2025-07-10T09:00:00+00:00,2025-07-10T14:00:00+00:00,29395,1,2.4489,2.421,2.532600000000001,0.027900000000000258,,,,,,,,,14,20,3.0,3.0,-1.0263322580645158,-1.0263322580645158,SL,61,51.04332557474857,-1.0263322580645158,IMBALANCE,bullish
XRPUSDT,3.0,2025-07-10T17:00:00+00:00,2025-07-10T18:00:00+00:00,2025-07-11T09:35:00+00:00,29404,1,2.4956,2.459,2.6054,0.036599999999999966,,,,,,,,,14,20,3.0,3.0,2.979544262295082,2.979544262295082,TP,188,49.68744991184471,2.979544262295082,IMBALANCE,bullish
XRPUSDT,3.0,2025-07-11T10:00:00+00:00,2025-07-11T11:00:00+00:00,2025-07-11T13:55:00+00:00,29421,1,2.647,2.6027,2.779899999999999,0.044299999999999784,,,,,,,,,14,20,3.0,3.0,2.9820744920993225,2.9820744920993225,TP,36,15.111446921042704,2.9820744920993225,IMBALANCE,bullish
XRPUSDT,3.0,2025-07-11T14:00:00+00:00,2025-07-11T15:00:00+00:00,2025-07-11T22:20:00+00:00,29425,1,2.8235,2.6969,3.203300000000001,0.12660000000000027,,,,,,,,,14,20,3.0,3.0,-1.006690758293839,-1.006690758293839,SL,89,147.68903842748387,-1.006690758293839,IMBALANCE,bullish
XRPUSDT,3.0,2025-07-12T02:00:00+00:00,2025-07-12T03:00:00+00:00,2025-07-12T15:05:00+00:00,29437,1,2.7931,2.746,2.9343999999999997,0.04709999999999992,,,,,,,,,14,20,3.0,3.0,-1.0177904458598726,-1.0177904458598726,SL,146,168.62983781461432,-1.0177904458598726,IMBALANCE,bullish
XRPUSDT,3.0,2025-07-13T13:00:00+00:00,2025-07-13T14:00:00+00:00,2025-07-13T21:35:00+00:00,29472,1,2.832,2.7925,2.9504999999999995,0.03949999999999987,,,,,,,,,14,20,3.0,3.0,-1.0215088607594938,-1.0215088607594938,SL,92,19.77401129943442,-1.0215088607594938,IMBALANCE,bullish
XRPUSDT,3.0,2025-07-14T03:00:00+00:00,2025-07-14T04:00:00+00:00,2025-07-14T05:50:00+00:00,29486,1,2.9268,2.877,3.076200000000001,0.04980000000000029,,,,,,,,,14,20,3.0,3.0,-1.0176313253012048,-1.0176313253012048,SL,23,30.408637419707976,-1.0176313253012048,IMBALANCE,bullish
XRPUSDT,3.0,2025-07-17T05:00:00+00:00,2025-07-17T06:00:00+00:00,2025-07-17T21:05:00+00:00,29560,1,3.1439,3.0538,3.4142,0.09010000000000007,,,,,,,,,14,20,3.0,3.0,2.989531964483907,2.989531964483907,TP,182,36.57877158942806,2.989531964483907,IMBALANCE,bullish
XRPUSDT,3.0,2025-07-17T22:00:00+00:00,2025-07-17T23:00:00+00:00,2025-07-18T15:15:00+00:00,29577,1,3.476,3.3789,3.7673000000000005,0.09710000000000019,,,,,,,,,14,20,3.0,3.0,-1.0107394438722965,-1.0107394438722965,SL,196,191.8872266973545,-1.0107394438722965,IMBALANCE,bullish
XRPUSDT,3.0,2025-08-04T14:00:00+00:00,2025-08-04T15:00:00+00:00,2025-08-05T07:35:00+00:00,30001,1,3.034,3.0048,3.1215999999999995,0.029199999999999893,,,,,,,,,14,20,3.0,3.0,-1.0311712328767124,-1.0311712328767124,SL,200,65.2603823335532,-1.0311712328767124,IMBALANCE,bullish
XRPUSDT,3.0,2025-08-07T20:00:00+00:00,2025-08-07T21:00:00+00:00,2025-08-07T21:45:00+00:00,30079,1,3.1096,3.0564,3.2691999999999997,0.053199999999999914,,,,,,,,,14,20,3.0,3.0,2.9824646616541353,2.9824646616541353,TP,10,136.9951119115005,2.9824646616541353,IMBALANCE,bullish
XRPUSDT,3.0,2025-08-07T22:00:00+00:00,2025-08-07T23:00:00+00:00,2025-08-09T22:55:00+00:00,30081,1,3.3237,3.1196,3.936,0.20409999999999995,,,,,,,,,14,20,3.0,3.0,-0.48994174424301923,-0.48994174424301923,TIME,576,366.15819718987785,-0.48994174424301923,IMBALANCE,bullish
XRPUSDT,3.0,2025-08-23T05:00:00+00:00,2025-08-23T06:00:00+00:00,2025-08-23T14:35:00+00:00,30448,1,3.0506,3.0078,3.1790000000000007,0.04280000000000017,,,,,,,,,14,20,3.0,3.0,-1.0213827102803736,-1.0213827102803736,SL,104,58.349177211039844,-1.0213827102803736,IMBALANCE,bullish
XRPUSDT,3.0,2025-09-08T08:00:00+00:00,2025-09-08T09:00:00+00:00,2025-09-08T10:15:00+00:00,30835,1,2.9084,2.8933,2.9536999999999995,0.015099999999999891,,,,,,,,,14,20,3.0,3.0,2.9422172185430457,2.9422172185430457,TP,16,30.60101774171411,2.9422172185430457,IMBALANCE,bullish
XRPUSDT,3.0,2025-09-08T13:00:00+00:00,2025-09-08T14:00:00+00:00,2025-09-09T00:30:00+00:00,30840,1,2.9762,2.9499,3.0551,0.02629999999999999,,,,,,,,,14,20,3.0,3.0,-1.0339490494296577,-1.0339490494296577,SL,127,39.983872051610255,-1.0339490494296577,IMBALANCE,bullish
XRPUSDT,3.0,2025-09-09T07:00:00+00:00,2025-09-09T08:00:00+00:00,2025-09-09T14:30:00+00:00,30858,1,3.0193,2.9655,3.1806999999999994,0.05379999999999985,,,,,,,,,14,20,3.0,3.0,-1.0168362453531599,-1.0168362453531599,SL,79,83.7942569469748,-1.0168362453531599,IMBALANCE,bullish
XRPUSDT,3.0,2025-09-13T09:00:00+00:00,2025-09-13T10:00:00+00:00,2025-09-13T13:50:00+00:00,30956,1,3.1791,3.1214,3.3522000000000003,0.057700000000000085,,,,,,,,,14,20,3.0,3.0,-1.016529116117851,-1.016529116117851,SL,47,53.788808153251274,-1.016529116117851,IMBALANCE,bullish
XRPUSDT,3.0,2025-09-29T14:00:00+00:00,2025-09-29T15:00:00+00:00,2025-09-29T17:00:00+00:00,31345,1,2.9071,2.8676,3.0255999999999994,0.03949999999999987,,,,,,,,,14,20,3.0,3.0,-1.0220792405063293,-1.0220792405063293,SL,25,33.02259984176766,-1.0220792405063293,IMBALANCE,bullish
XRPUSDT,3.0,2025-10-02T17:00:00+00:00,2025-10-02T18:00:00+00:00,2025-10-04T10:35:00+00:00,31420,1,3.0339,2.992,3.1596,0.04190000000000005,,,,,,,,,14,20,3.0,3.0,-1.0217224343675417,-1.0217224343675417,SL,488,125.91054418405284,-1.0217224343675417,IMBALANCE,bullish
XRPUSDT,3.0,2025-10-20T20:00:00+00:00,2025-10-20T21:00:00+00:00,2025-10-21T01:00:00+00:00,31855,1,2.5313,2.4765,2.695699999999999,0.05479999999999974,,,,,,,,,14,20,3.0,3.0,-1.0138574817518249,-1.0138574817518249,SL,49,112.98542251017248,-1.0138574817518249,IMBALANCE,bullish
XRPUSDT,3.0,2025-10-25T05:00:00+00:00,2025-10-25T06:00:00+00:00,2025-10-25T06:30:00+00:00,31960,1,2.5562,2.5467,2.5847,0.009500000000000064,,,,,,,,,14,20,3.0,3.0,-1.0807221052631573,-1.0807221052631573,SL,7,5.8680854393242186,-1.0807221052631573,IMBALANCE,bullish
XRPUSDT,3.0,2025-10-25T19:00:00+00:00,2025-10-25T20:00:00+00:00,2025-10-25T20:20:00+00:00,31974,1,2.6035,2.5994,2.6157999999999992,0.0040999999999997705,,,,,,,,,14,20,3.0,3.0,2.8094999999999892,2.8094999999999892,TP,5,14.211638179373209,2.8094999999999892,IMBALANCE,bullish
XRPUSDT,3.0,2025-10-27T16:00:00+00:00,2025-10-27T17:00:00+00:00,2025-10-27T20:55:00+00:00,32019,1,2.684,2.6272,2.8544,0.05679999999999996,,,,,,,,,14,20,3.0,3.0,-1.0141760563380282,-1.0141760563380282,SL,48,122.20566318926953,-1.0141760563380282,IMBALANCE,bullish
XRPUSDT,3.0,2025-11-10T04:00:00+00:00,2025-11-10T05:00:00+00:00,2025-11-11T17:25:00+00:00,32343,1,2.4633,2.4229,2.5845,0.04039999999999999,,,,,,,,,14,20,3.0,3.0,-1.0182918316831684,-1.0182918316831684,SL,438,110.01502050095542,-1.0182918316831684,IMBALANCE,bullish
XRPUSDT,3.0,2025-11-24T03:00:00+00:00,2025-11-24T04:00:00+00:00,2025-11-24T04:15:00+00:00,32678,1,2.0852,2.0644,2.1475999999999997,0.02079999999999993,,,,,,,,,14,20,3.0,3.0,-1.030075,-1.030075,SL,4,52.27316324573139,-1.030075,IMBALANCE,bullish
XRPUSDT,3.0,2025-11-24T18:00:00+00:00,2025-11-24T19:00:00+00:00,2025-11-26T18:55:00+00:00,32693,1,2.2169,2.1208,2.5051999999999994,0.09609999999999985,,,,,,,,,14,20,3.0,3.0,0.24594099895941987,0.24594099895941987,TIME,576,285.53385357932206,0.24594099895941987,IMBALANCE,bullish
XRPUSDT,3.0,2025-12-03T03:00:00+00:00,2025-12-03T04:00:00+00:00,2025-12-03T05:00:00+00:00,32894,1,2.1753,2.1659,2.2034999999999996,0.009399999999999853,,,,,,,,,14,20,3.0,3.0,2.9305755319148927,2.9305755319148927,TP,13,33.558589619821916,2.9305755319148927,IMBALANCE,bullish
XRPUSDT,3.0,2026-01-02T17:00:00+00:00,2026-01-02T18:00:00+00:00,2026-01-04T17:55:00+00:00,33628,1,1.9917,1.9246,2.1929999999999996,0.06709999999999994,,,,,,,,,14,20,3.0,3.0,1.5261175856929967,1.5261175856929967,TIME,576,185.77094944017634,1.5261175856929967,IMBALANCE,bullish
XRPUSDT,3.0,2026-01-05T01:00:00+00:00,2026-01-05T02:00:00+00:00,2026-01-05T20:15:00+00:00,33684,1,2.1559,2.0973,2.331699999999999,0.05859999999999976,,,,,,,,,14,20,3.0,3.0,2.988962969283276,2.988962969283276,TP,220,51.02277471125598,2.988962969283276,IMBALANCE,bullish
XRPUSDT,3.0,2026-01-05T21:00:00+00:00,2026-01-05T22:00:00+00:00,2026-01-06T16:40:00+00:00,33704,1,2.3347,2.2814,2.4946000000000006,0.053300000000000125,,,,,,,,,14,20,3.0,3.0,-1.0131409005628518,-1.0131409005628518,SL,225,130.63776930654888,-1.0131409005628518,IMBALANCE,bullish
XRPUSDT,3.0,2026-02-14T09:00:00+00:00,2026-02-14T10:00:00+00:00,2026-02-15T00:30:00+00:00,34652,1,1.4509,1.4247,1.5295,0.0262,,,,,,,,,14,20,3.0,3.0,2.983386641221374,2.983386641221374,TP,175,141.29161210283246,2.983386641221374,IMBALANCE,bullish
XRPUSDT,3.0,2026-02-15T05:00:00+00:00,2026-02-15T06:00:00+00:00,2026-02-15T12:50:00+00:00,34672,1,1.582,1.5333,1.7281,0.048699999999999966,,,,,,,,,14,20,3.0,3.0,-1.0097453798767968,-1.0097453798767968,SL,83,67.63590391908933,-1.0097453798767968,IMBALANCE,bullish
XRPUSDT,3.0,2026-02-25T18:00:00+00:00,2026-02-25T19:00:00+00:00,2026-02-25T22:50:00+00:00,34925,1,1.4714,1.45,1.5356000000000003,0.021400000000000086,,,,,,,,,14,20,3.0,3.0,-1.0206271028037381,-1.0206271028037381,SL,47,37.37936658964293,-1.0206271028037381,IMBALANCE,bullish
